-26,4,E3nx73bo8p0u1t91GQ2/ABUCxLs=,XYyOZNbbUqSzfbTHdiXrIw8tzB0=
-28,11,E3nx73bo8p0u1t91GQ2/ABUCxLs=,+oJ3MMRVCQAXdokLGw5Eic0Ju9A=
-27,11,E3nx73bo8p0u1t91GQ2/ABUCxLs=,+oJ3MMRVCQAXdokLGw5Eic0Ju9A=
-26,11,E3nx73bo8p0u1t91GQ2/ABUCxLs=,+oJ3MMRVCQAXdokLGw5Eic0Ju9A=
-31,12,E3nx73bo8p0u1t91GQ2/ABUCxLs=,+oJ3MMRVCQAXdokLGw5Eic0Ju9A=
-30,12,E3nx73bo8p0u1t91GQ2/ABUCxLs=,+oJ3MMRVCQAXdokLGw5Eic0Ju9A=
-29,12,E3nx73bo8p0u1t91GQ2/ABUCxLs=,+oJ3MMRVCQAXdokLGw5Eic0Ju9A=
-28,12,E3nx73bo8p0u1t91GQ2/ABUCxLs=,+oJ3MMRVCQAXdokLGw5Eic0Ju9A=
-31,7,E3nx73bo8p0u1t91GQ2/ABUCxLs=,XYyOZNbbUqSzfbTHdiXrIw8tzB0=
-30,7,E3nx73bo8p0u1t91GQ2/ABUCxLs=,XYyOZNbbUqSzfbTHdiXrIw8tzB0=
-29,7,E3nx73bo8p0u1t91GQ2/ABUCxLs=,XYyOZNbbUqSzfbTHdiXrIw8tzB0=
-28,7,E3nx73bo8p0u1t91GQ2/ABUCxLs=,XYyOZNbbUqSzfbTHdiXrIw8tzB0=
-27,7,E3nx73bo8p0u1t91GQ2/ABUCxLs=,XYyOZNbbUqSzfbTHdiXrIw8tzB0=
-26,7,E3nx73bo8p0u1t91GQ2/ABUCxLs=,XYyOZNbbUqSzfbTHdiXrIw8tzB0=
-27,12,E3nx73bo8p0u1t91GQ2/ABUCxLs=,+oJ3MMRVCQAXdokLGw5Eic0Ju9A=
-26,1,E3nx73bo8p0u1t91GQ2/ABUCxLs=,XYyOZNbbUqSzfbTHdiXrIw8tzB0=
-27,1,gS6Kx4pEA/hqgYzVgaQNKlEh02U=,XYyOZNbbUqSzfbTHdiXrIw8tzB0=
-29,5,gS6Kx4pEA/hqgYzVgaQNKlEh02U=,XYyOZNbbUqSzfbTHdiXrIw8tzB0=
-30,5,gS6Kx4pEA/hqgYzVgaQNKlEh02U=,XYyOZNbbUqSzfbTHdiXrIw8tzB0=
-26,12,gS6Kx4pEA/hqgYzVgaQNKlEh02U=,+oJ3MMRVCQAXdokLGw5Eic0Ju9A=
-31,1,gS6Kx4pEA/hqgYzVgaQNKlEh02U=,XYyOZNbbUqSzfbTHdiXrIw8tzB0=
-31,5,gS6Kx4pEA/hqgYzVgaQNKlEh02U=,XYyOZNbbUqSzfbTHdiXrIw8tzB0=
-31,13,gS6Kx4pEA/hqgYzVgaQNKlEh02U=,+oJ3MMRVCQAXdokLGw5Eic0Ju9A=
-29,11,gS6Kx4pEA/hqgYzVgaQNKlEh02U=,+oJ3MMRVCQAXdokLGw5Eic0Ju9A=
-27,4,gS6Kx4pEA/hqgYzVgaQNKlEh02U=,XYyOZNbbUqSzfbTHdiXrIw8tzB0=
-28,4,gS6Kx4pEA/hqgYzVgaQNKlEh02U=,XYyOZNbbUqSzfbTHdiXrIw8tzB0=
-29,4,gS6Kx4pEA/hqgYzVgaQNKlEh02U=,XYyOZNbbUqSzfbTHdiXrIw8tzB0=
-30,4,gS6Kx4pEA/hqgYzVgaQNKlEh02U=,XYyOZNbbUqSzfbTHdiXrIw8tzB0=
-31,4,gS6Kx4pEA/hqgYzVgaQNKlEh02U=,XYyOZNbbUqSzfbTHdiXrIw8tzB0=
-30,13,gS6Kx4pEA/hqgYzVgaQNKlEh02U=,+oJ3MMRVCQAXdokLGw5Eic0Ju9A=
-30,8,gS6Kx4pEA/hqgYzVgaQNKlEh02U=,+oJ3MMRVCQAXdokLGw5Eic0Ju9A=
-31,8,gS6Kx4pEA/hqgYzVgaQNKlEh02U=,+oJ3MMRVCQAXdokLGw5Eic0Ju9A=
-29,8,gS6Kx4pEA/hqgYzVgaQNKlEh02U=,+oJ3MMRVCQAXdokLGw5Eic0Ju9A=
-28,8,gS6Kx4pEA/hqgYzVgaQNKlEh02U=,+oJ3MMRVCQAXdokLGw5Eic0Ju9A=
-28,1,gS6Kx4pEA/hqgYzVgaQNKlEh02U=,XYyOZNbbUqSzfbTHdiXrIw8tzB0=
-30,11,gS6Kx4pEA/hqgYzVgaQNKlEh02U=,+oJ3MMRVCQAXdokLGw5Eic0Ju9A=
-27,8,gS6Kx4pEA/hqgYzVgaQNKlEh02U=,+oJ3MMRVCQAXdokLGw5Eic0Ju9A=
-27,3,gS6Kx4pEA/hqgYzVgaQNKlEh02U=,XYyOZNbbUqSzfbTHdiXrIw8tzB0=
-28,3,gS6Kx4pEA/hqgYzVgaQNKlEh02U=,XYyOZNbbUqSzfbTHdiXrIw8tzB0=
-31,11,gS6Kx4pEA/hqgYzVgaQNKlEh02U=,+oJ3MMRVCQAXdokLGw5Eic0Ju9A=
-29,3,gS6Kx4pEA/hqgYzVgaQNKlEh02U=,XYyOZNbbUqSzfbTHdiXrIw8tzB0=
-26,8,gS6Kx4pEA/hqgYzVgaQNKlEh02U=,+oJ3MMRVCQAXdokLGw5Eic0Ju9A=
-30,3,gS6Kx4pEA/hqgYzVgaQNKlEh02U=,XYyOZNbbUqSzfbTHdiXrIw8tzB0=
-31,3,gS6Kx4pEA/hqgYzVgaQNKlEh02U=,XYyOZNbbUqSzfbTHdiXrIw8tzB0=
-29,13,gS6Kx4pEA/hqgYzVgaQNKlEh02U=,+oJ3MMRVCQAXdokLGw5Eic0Ju9A=
-26,2,gS6Kx4pEA/hqgYzVgaQNKlEh02U=,XYyOZNbbUqSzfbTHdiXrIw8tzB0=
-26,10,gS6Kx4pEA/hqgYzVgaQNKlEh02U=,+oJ3MMRVCQAXdokLGw5Eic0Ju9A=
-28,13,gS6Kx4pEA/hqgYzVgaQNKlEh02U=,+oJ3MMRVCQAXdokLGw5Eic0Ju9A=
-27,10,gS6Kx4pEA/hqgYzVgaQNKlEh02U=,+oJ3MMRVCQAXdokLGw5Eic0Ju9A=
-27,2,gS6Kx4pEA/hqgYzVgaQNKlEh02U=,XYyOZNbbUqSzfbTHdiXrIw8tzB0=
-27,13,gS6Kx4pEA/hqgYzVgaQNKlEh02U=,+oJ3MMRVCQAXdokLGw5Eic0Ju9A=
-28,10,gS6Kx4pEA/hqgYzVgaQNKlEh02U=,+oJ3MMRVCQAXdokLGw5Eic0Ju9A=
-26,6,gS6Kx4pEA/hqgYzVgaQNKlEh02U=,XYyOZNbbUqSzfbTHdiXrIw8tzB0=
-26,13,gS6Kx4pEA/hqgYzVgaQNKlEh02U=,+oJ3MMRVCQAXdokLGw5Eic0Ju9A=
-31,9,gS6Kx4pEA/hqgYzVgaQNKlEh02U=,+oJ3MMRVCQAXdokLGw5Eic0Ju9A=
-30,9,gS6Kx4pEA/hqgYzVgaQNKlEh02U=,+oJ3MMRVCQAXdokLGw5Eic0Ju9A=
-28,2,gS6Kx4pEA/hqgYzVgaQNKlEh02U=,XYyOZNbbUqSzfbTHdiXrIw8tzB0=
-27,6,gS6Kx4pEA/hqgYzVgaQNKlEh02U=,XYyOZNbbUqSzfbTHdiXrIw8tzB0=
-29,9,gS6Kx4pEA/hqgYzVgaQNKlEh02U=,+oJ3MMRVCQAXdokLGw5Eic0Ju9A=
-29,10,gS6Kx4pEA/hqgYzVgaQNKlEh02U=,+oJ3MMRVCQAXdokLGw5Eic0Ju9A=
-26,3,gS6Kx4pEA/hqgYzVgaQNKlEh02U=,XYyOZNbbUqSzfbTHdiXrIw8tzB0=
-26,14,gS6Kx4pEA/hqgYzVgaQNKlEh02U=,+oJ3MMRVCQAXdokLGw5Eic0Ju9A=
-30,10,gS6Kx4pEA/hqgYzVgaQNKlEh02U=,+oJ3MMRVCQAXdokLGw5Eic0Ju9A=
-28,9,gS6Kx4pEA/hqgYzVgaQNKlEh02U=,+oJ3MMRVCQAXdokLGw5Eic0Ju9A=
-29,2,gS6Kx4pEA/hqgYzVgaQNKlEh02U=,XYyOZNbbUqSzfbTHdiXrIw8tzB0=
-28,6,gS6Kx4pEA/hqgYzVgaQNKlEh02U=,XYyOZNbbUqSzfbTHdiXrIw8tzB0=
-29,6,gS6Kx4pEA/hqgYzVgaQNKlEh02U=,XYyOZNbbUqSzfbTHdiXrIw8tzB0=
-30,6,gS6Kx4pEA/hqgYzVgaQNKlEh02U=,XYyOZNbbUqSzfbTHdiXrIw8tzB0=
-27,9,gS6Kx4pEA/hqgYzVgaQNKlEh02U=,+oJ3MMRVCQAXdokLGw5Eic0Ju9A=
-30,2,gS6Kx4pEA/hqgYzVgaQNKlEh02U=,XYyOZNbbUqSzfbTHdiXrIw8tzB0=
-27,14,gS6Kx4pEA/hqgYzVgaQNKlEh02U=,+oJ3MMRVCQAXdokLGw5Eic0Ju9A=
-31,6,gS6Kx4pEA/hqgYzVgaQNKlEh02U=,XYyOZNbbUqSzfbTHdiXrIw8tzB0=
-26,9,gS6Kx4pEA/hqgYzVgaQNKlEh02U=,+oJ3MMRVCQAXdokLGw5Eic0Ju9A=
-31,2,gS6Kx4pEA/hqgYzVgaQNKlEh02U=,XYyOZNbbUqSzfbTHdiXrIw8tzB0=
-29,1,gS6Kx4pEA/hqgYzVgaQNKlEh02U=,XYyOZNbbUqSzfbTHdiXrIw8tzB0=
-30,1,gS6Kx4pEA/hqgYzVgaQNKlEh02U=,XYyOZNbbUqSzfbTHdiXrIw8tzB0=
-31,14,gS6Kx4pEA/hqgYzVgaQNKlEh02U=,+oJ3MMRVCQAXdokLGw5Eic0Ju9A=
-31,10,gS6Kx4pEA/hqgYzVgaQNKlEh02U=,+oJ3MMRVCQAXdokLGw5Eic0Ju9A=
-26,5,gS6Kx4pEA/hqgYzVgaQNKlEh02U=,XYyOZNbbUqSzfbTHdiXrIw8tzB0=
-27,5,gS6Kx4pEA/hqgYzVgaQNKlEh02U=,XYyOZNbbUqSzfbTHdiXrIw8tzB0=
-28,14,gS6Kx4pEA/hqgYzVgaQNKlEh02U=,+oJ3MMRVCQAXdokLGw5Eic0Ju9A=
-28,5,gS6Kx4pEA/hqgYzVgaQNKlEh02U=,XYyOZNbbUqSzfbTHdiXrIw8tzB0=
-30,14,gS6Kx4pEA/hqgYzVgaQNKlEh02U=,+oJ3MMRVCQAXdokLGw5Eic0Ju9A=
-29,14,gS6Kx4pEA/hqgYzVgaQNKlEh02U=,+oJ3MMRVCQAXdokLGw5Eic0Ju9A=
-25,11,gS6Kx4pEA/hqgYzVgaQNKlEh02U=,+oJ3MMRVCQAXdokLGw5Eic0Ju9A=
-20,11,gS6Kx4pEA/hqgYzVgaQNKlEh02U=,/z0j6Wgb381iwZUhLr6j5640W6U=
-19,11,gS6Kx4pEA/hqgYzVgaQNKlEh02U=,/z0j6Wgb381iwZUhLr6j5640W6U=
-18,11,gS6Kx4pEA/hqgYzVgaQNKlEh02U=,/z0j6Wgb381iwZUhLr6j5640W6U=
-24,12,gS6Kx4pEA/hqgYzVgaQNKlEh02U=,/z0j6Wgb381iwZUhLr6j5640W6U=
-23,12,gS6Kx4pEA/hqgYzVgaQNKlEh02U=,/z0j6Wgb381iwZUhLr6j5640W6U=
-22,12,gS6Kx4pEA/hqgYzVgaQNKlEh02U=,/z0j6Wgb381iwZUhLr6j5640W6U=
-21,12,gS6Kx4pEA/hqgYzVgaQNKlEh02U=,/z0j6Wgb381iwZUhLr6j5640W6U=
-17,11,gS6Kx4pEA/hqgYzVgaQNKlEh02U=,/z0j6Wgb381iwZUhLr6j5640W6U=
-25,12,gS6Kx4pEA/hqgYzVgaQNKlEh02U=,+oJ3MMRVCQAXdokLGw5Eic0Ju9A=
-20,12,gS6Kx4pEA/hqgYzVgaQNKlEh02U=,/z0j6Wgb381iwZUhLr6j5640W6U=
-17,12,gS6Kx4pEA/hqgYzVgaQNKlEh02U=,/z0j6Wgb381iwZUhLr6j5640W6U=
-17,13,gS6Kx4pEA/hqgYzVgaQNKlEh02U=,/z0j6Wgb381iwZUhLr6j5640W6U=
-17,14,gS6Kx4pEA/hqgYzVgaQNKlEh02U=,/z0j6Wgb381iwZUhLr6j5640W6U=
-19,12,gS6Kx4pEA/hqgYzVgaQNKlEh02U=,/z0j6Wgb381iwZUhLr6j5640W6U=
-18,12,gS6Kx4pEA/hqgYzVgaQNKlEh02U=,/z0j6Wgb381iwZUhLr6j5640W6U=
-17,9,gS6Kx4pEA/hqgYzVgaQNKlEh02U=,/z0j6Wgb381iwZUhLr6j5640W6U=
-18,15,gS6Kx4pEA/hqgYzVgaQNKlEh02U=,/z0j6Wgb381iwZUhLr6j5640W6U=
-17,10,gS6Kx4pEA/hqgYzVgaQNKlEh02U=,/z0j6Wgb381iwZUhLr6j5640W6U=
-24,13,gS6Kx4pEA/hqgYzVgaQNKlEh02U=,/z0j6Wgb381iwZUhLr6j5640W6U=
-23,13,gS6Kx4pEA/hqgYzVgaQNKlEh02U=,/z0j6Wgb381iwZUhLr6j5640W6U=
-22,13,gS6Kx4pEA/hqgYzVgaQNKlEh02U=,/z0j6Wgb381iwZUhLr6j5640W6U=
-28,0,gS6Kx4pEA/hqgYzVgaQNKlEh02U=,XYyOZNbbUqSzfbTHdiXrIw8tzB0=
-21,11,gS6Kx4pEA/hqgYzVgaQNKlEh02U=,/z0j6Wgb381iwZUhLr6j5640W6U=
-24,11,gS6Kx4pEA/hqgYzVgaQNKlEh02U=,/z0j6Wgb381iwZUhLr6j5640W6U=
-21,13,gS6Kx4pEA/hqgYzVgaQNKlEh02U=,/z0j6Wgb381iwZUhLr6j5640W6U=
-22,11,gS6Kx4pEA/hqgYzVgaQNKlEh02U=,/z0j6Wgb381iwZUhLr6j5640W6U=
-23,11,gS6Kx4pEA/hqgYzVgaQNKlEh02U=,/z0j6Wgb381iwZUhLr6j5640W6U=
-19,15,gS6Kx4pEA/hqgYzVgaQNKlEh02U=,/z0j6Wgb381iwZUhLr6j5640W6U=
-20,13,gS6Kx4pEA/hqgYzVgaQNKlEh02U=,/z0j6Wgb381iwZUhLr6j5640W6U=
-25,10,gS6Kx4pEA/hqgYzVgaQNKlEh02U=,+oJ3MMRVCQAXdokLGw5Eic0Ju9A=
-27,0,gS6Kx4pEA/hqgYzVgaQNKlEh02U=,XYyOZNbbUqSzfbTHdiXrIw8tzB0=
-18,10,gS6Kx4pEA/hqgYzVgaQNKlEh02U=,/z0j6Wgb381iwZUhLr6j5640W6U=
-19,13,gS6Kx4pEA/hqgYzVgaQNKlEh02U=,/z0j6Wgb381iwZUhLr6j5640W6U=
-19,10,gS6Kx4pEA/hqgYzVgaQNKlEh02U=,/z0j6Wgb381iwZUhLr6j5640W6U=
-20,15,gS6Kx4pEA/hqgYzVgaQNKlEh02U=,/z0j6Wgb381iwZUhLr6j5640W6U=
-29,0,gS6Kx4pEA/hqgYzVgaQNKlEh02U=,XYyOZNbbUqSzfbTHdiXrIw8tzB0=
-21,15,gS6Kx4pEA/hqgYzVgaQNKlEh02U=,/z0j6Wgb381iwZUhLr6j5640W6U=
-25,4,gS6Kx4pEA/hqgYzVgaQNKlEh02U=,XYyOZNbbUqSzfbTHdiXrIw8tzB0=
-32,5,gS6Kx4pEA/hqgYzVgaQNKlEh02U=,XYyOZNbbUqSzfbTHdiXrIw8tzB0=
-32,6,gS6Kx4pEA/hqgYzVgaQNKlEh02U=,XYyOZNbbUqSzfbTHdiXrIw8tzB0=
-26,0,gS6Kx4pEA/hqgYzVgaQNKlEh02U=,XYyOZNbbUqSzfbTHdiXrIw8tzB0=
-30,0,gS6Kx4pEA/hqgYzVgaQNKlEh02U=,XYyOZNbbUqSzfbTHdiXrIw8tzB0=
-22,10,gS6Kx4pEA/hqgYzVgaQNKlEh02U=,/z0j6Wgb381iwZUhLr6j5640W6U=
-31,0,gS6Kx4pEA/hqgYzVgaQNKlEh02U=,XYyOZNbbUqSzfbTHdiXrIw8tzB0=
-23,10,gS6Kx4pEA/hqgYzVgaQNKlEh02U=,/z0j6Wgb381iwZUhLr6j5640W6U=
-21,10,gS6Kx4pEA/hqgYzVgaQNKlEh02U=,/z0j6Wgb381iwZUhLr6j5640W6U=
-24,10,gS6Kx4pEA/hqgYzVgaQNKlEh02U=,/z0j6Wgb381iwZUhLr6j5640W6U=
-20,10,gS6Kx4pEA/hqgYzVgaQNKlEh02U=,/z0j6Wgb381iwZUhLr6j5640W6U=
-18,13,gS6Kx4pEA/hqgYzVgaQNKlEh02U=,/z0j6Wgb381iwZUhLr6j5640W6U=
-18,7,gS6Kx4pEA/hqgYzVgaQNKlEh02U=,rQmg4bv1KZgyTy+goXR8Pi4AcbM=
-32,2,gS6Kx4pEA/hqgYzVgaQNKlEh02U=,XYyOZNbbUqSzfbTHdiXrIw8tzB0=
-32,3,gS6Kx4pEA/hqgYzVgaQNKlEh02U=,XYyOZNbbUqSzfbTHdiXrIw8tzB0=
-32,4,gS6Kx4pEA/hqgYzVgaQNKlEh02U=,XYyOZNbbUqSzfbTHdiXrIw8tzB0=
-17,7,gS6Kx4pEA/hqgYzVgaQNKlEh02U=,rQmg4bv1KZgyTy+goXR8Pi4AcbM=
-25,1,gS6Kx4pEA/hqgYzVgaQNKlEh02U=,XYyOZNbbUqSzfbTHdiXrIw8tzB0=
-24,14,gS6Kx4pEA/hqgYzVgaQNKlEh02U=,/z0j6Wgb381iwZUhLr6j5640W6U=
-22,15,gS6Kx4pEA/hqgYzVgaQNKlEh02U=,/z0j6Wgb381iwZUhLr6j5640W6U=
-32,12,gS6Kx4pEA/hqgYzVgaQNKlEh02U=,+oJ3MMRVCQAXdokLGw5Eic0Ju9A=
-21,3,gS6Kx4pEA/hqgYzVgaQNKlEh02U=,rQmg4bv1KZgyTy+goXR8Pi4AcbM=
-32,7,gS6Kx4pEA/hqgYzVgaQNKlEh02U=,XYyOZNbbUqSzfbTHdiXrIw8tzB0=
-32,8,gS6Kx4pEA/hqgYzVgaQNKlEh02U=,+oJ3MMRVCQAXdokLGw5Eic0Ju9A=
-23,14,gS6Kx4pEA/hqgYzVgaQNKlEh02U=,/z0j6Wgb381iwZUhLr6j5640W6U=
-32,13,gS6Kx4pEA/hqgYzVgaQNKlEh02U=,+oJ3MMRVCQAXdokLGw5Eic0Ju9A=
-21,7,gS6Kx4pEA/hqgYzVgaQNKlEh02U=,rQmg4bv1KZgyTy+goXR8Pi4AcbM=
-32,9,gS6Kx4pEA/hqgYzVgaQNKlEh02U=,+oJ3MMRVCQAXdokLGw5Eic0Ju9A=
-25,14,gS6Kx4pEA/hqgYzVgaQNKlEh02U=,+oJ3MMRVCQAXdokLGw5Eic0Ju9A=
-20,3,gS6Kx4pEA/hqgYzVgaQNKlEh02U=,rQmg4bv1KZgyTy+goXR8Pi4AcbM=
-20,7,gS6Kx4pEA/hqgYzVgaQNKlEh02U=,rQmg4bv1KZgyTy+goXR8Pi4AcbM=
-32,1,gS6Kx4pEA/hqgYzVgaQNKlEh02U=,XYyOZNbbUqSzfbTHdiXrIw8tzB0=
-22,7,gS6Kx4pEA/hqgYzVgaQNKlEh02U=,rQmg4bv1KZgyTy+goXR8Pi4AcbM=
-32,11,gS6Kx4pEA/hqgYzVgaQNKlEh02U=,+oJ3MMRVCQAXdokLGw5Eic0Ju9A=
-22,14,gS6Kx4pEA/hqgYzVgaQNKlEh02U=,/z0j6Wgb381iwZUhLr6j5640W6U=
-24,7,gS6Kx4pEA/hqgYzVgaQNKlEh02U=,rQmg4bv1KZgyTy+goXR8Pi4AcbM=
-32,10,gS6Kx4pEA/hqgYzVgaQNKlEh02U=,+oJ3MMRVCQAXdokLGw5Eic0Ju9A=
-25,5,gS6Kx4pEA/hqgYzVgaQNKlEh02U=,XYyOZNbbUqSzfbTHdiXrIw8tzB0=
-23,7,gS6Kx4pEA/hqgYzVgaQNKlEh02U=,rQmg4bv1KZgyTy+goXR8Pi4AcbM=
-25,13,gS6Kx4pEA/hqgYzVgaQNKlEh02U=,+oJ3MMRVCQAXdokLGw5Eic0Ju9A=
-17,6,gS6Kx4pEA/hqgYzVgaQNKlEh02U=,rQmg4bv1KZgyTy+goXR8Pi4AcbM=
-32,14,gS6Kx4pEA/hqgYzVgaQNKlEh02U=,+oJ3MMRVCQAXdokLGw5Eic0Ju9A=
-23,15,gS6Kx4pEA/hqgYzVgaQNKlEh02U=,/z0j6Wgb381iwZUhLr6j5640W6U=
-18,9,gS6Kx4pEA/hqgYzVgaQNKlEh02U=,/z0j6Wgb381iwZUhLr6j5640W6U=
-18,6,gS6Kx4pEA/hqgYzVgaQNKlEh02U=,rQmg4bv1KZgyTy+goXR8Pi4AcbM=
-23,3,gS6Kx4pEA/hqgYzVgaQNKlEh02U=,rQmg4bv1KZgyTy+goXR8Pi4AcbM=
-24,15,gS6Kx4pEA/hqgYzVgaQNKlEh02U=,/z0j6Wgb381iwZUhLr6j5640W6U=
-22,3,gS6Kx4pEA/hqgYzVgaQNKlEh02U=,rQmg4bv1KZgyTy+goXR8Pi4AcbM=
-19,3,gS6Kx4pEA/hqgYzVgaQNKlEh02U=,rQmg4bv1KZgyTy+goXR8Pi4AcbM=
-21,14,gS6Kx4pEA/hqgYzVgaQNKlEh02U=,/z0j6Wgb381iwZUhLr6j5640W6U=
-31,15,gS6Kx4pEA/hqgYzVgaQNKlEh02U=,+oJ3MMRVCQAXdokLGw5Eic0Ju9A=
-30,15,gS6Kx4pEA/hqgYzVgaQNKlEh02U=,+oJ3MMRVCQAXdokLGw5Eic0Ju9A=
-19,6,gS6Kx4pEA/hqgYzVgaQNKlEh02U=,rQmg4bv1KZgyTy+goXR8Pi4AcbM=
-21,6,gS6Kx4pEA/hqgYzVgaQNKlEh02U=,rQmg4bv1KZgyTy+goXR8Pi4AcbM=
-20,6,gS6Kx4pEA/hqgYzVgaQNKlEh02U=,rQmg4bv1KZgyTy+goXR8Pi4AcbM=
-19,9,gS6Kx4pEA/hqgYzVgaQNKlEh02U=,/z0j6Wgb381iwZUhLr6j5640W6U=
-20,9,gS6Kx4pEA/hqgYzVgaQNKlEh02U=,/z0j6Wgb381iwZUhLr6j5640W6U=
-20,14,gS6Kx4pEA/hqgYzVgaQNKlEh02U=,/z0j6Wgb381iwZUhLr6j5640W6U=
-21,9,gS6Kx4pEA/hqgYzVgaQNKlEh02U=,/z0j6Wgb381iwZUhLr6j5640W6U=
-22,6,gS6Kx4pEA/hqgYzVgaQNKlEh02U=,rQmg4bv1KZgyTy+goXR8Pi4AcbM=
-18,3,gS6Kx4pEA/hqgYzVgaQNKlEh02U=,rQmg4bv1KZgyTy+goXR8Pi4AcbM=
-29,15,gS6Kx4pEA/hqgYzVgaQNKlEh02U=,+oJ3MMRVCQAXdokLGw5Eic0Ju9A=
-26,15,gS6Kx4pEA/hqgYzVgaQNKlEh02U=,+oJ3MMRVCQAXdokLGw5Eic0Ju9A=
-28,15,gS6Kx4pEA/hqgYzVgaQNKlEh02U=,+oJ3MMRVCQAXdokLGw5Eic0Ju9A=
-25,15,gS6Kx4pEA/hqgYzVgaQNKlEh02U=,+oJ3MMRVCQAXdokLGw5Eic0Ju9A=
-23,9,gS6Kx4pEA/hqgYzVgaQNKlEh02U=,/z0j6Wgb381iwZUhLr6j5640W6U=
-27,15,gS6Kx4pEA/hqgYzVgaQNKlEh02U=,+oJ3MMRVCQAXdokLGw5Eic0Ju9A=
-32,15,gS6Kx4pEA/hqgYzVgaQNKlEh02U=,+oJ3MMRVCQAXdokLGw5Eic0Ju9A=
-24,9,gS6Kx4pEA/hqgYzVgaQNKlEh02U=,/z0j6Wgb381iwZUhLr6j5640W6U=
-23,6,gS6Kx4pEA/hqgYzVgaQNKlEh02U=,rQmg4bv1KZgyTy+goXR8Pi4AcbM=
-25,6,gS6Kx4pEA/hqgYzVgaQNKlEh02U=,XYyOZNbbUqSzfbTHdiXrIw8tzB0=
-22,9,gS6Kx4pEA/hqgYzVgaQNKlEh02U=,/z0j6Wgb381iwZUhLr6j5640W6U=
-24,3,gS6Kx4pEA/hqgYzVgaQNKlEh02U=,rQmg4bv1KZgyTy+goXR8Pi4AcbM=
-18,14,gS6Kx4pEA/hqgYzVgaQNKlEh02U=,/z0j6Wgb381iwZUhLr6j5640W6U=
-17,2,gS6Kx4pEA/hqgYzVgaQNKlEh02U=,rQmg4bv1KZgyTy+goXR8Pi4AcbM=
-17,5,gS6Kx4pEA/hqgYzVgaQNKlEh02U=,rQmg4bv1KZgyTy+goXR8Pi4AcbM=
-24,6,gS6Kx4pEA/hqgYzVgaQNKlEh02U=,rQmg4bv1KZgyTy+goXR8Pi4AcbM=
-25,9,gS6Kx4pEA/hqgYzVgaQNKlEh02U=,+oJ3MMRVCQAXdokLGw5Eic0Ju9A=
-17,3,gS6Kx4pEA/hqgYzVgaQNKlEh02U=,rQmg4bv1KZgyTy+goXR8Pi4AcbM=
-19,5,gS6Kx4pEA/hqgYzVgaQNKlEh02U=,rQmg4bv1KZgyTy+goXR8Pi4AcbM=
-18,5,gS6Kx4pEA/hqgYzVgaQNKlEh02U=,rQmg4bv1KZgyTy+goXR8Pi4AcbM=
-32,0,gS6Kx4pEA/hqgYzVgaQNKlEh02U=,XYyOZNbbUqSzfbTHdiXrIw8tzB0=
-18,0,gS6Kx4pEA/hqgYzVgaQNKlEh02U=,rQmg4bv1KZgyTy+goXR8Pi4AcbM=
-25,0,gS6Kx4pEA/hqgYzVgaQNKlEh02U=,XYyOZNbbUqSzfbTHdiXrIw8tzB0=
-17,0,gS6Kx4pEA/hqgYzVgaQNKlEh02U=,rQmg4bv1KZgyTy+goXR8Pi4AcbM=
-19,0,gS6Kx4pEA/hqgYzVgaQNKlEh02U=,rQmg4bv1KZgyTy+goXR8Pi4AcbM=
-20,0,gS6Kx4pEA/hqgYzVgaQNKlEh02U=,rQmg4bv1KZgyTy+goXR8Pi4AcbM=
-24,4,gS6Kx4pEA/hqgYzVgaQNKlEh02U=,rQmg4bv1KZgyTy+goXR8Pi4AcbM=
-21,0,gS6Kx4pEA/hqgYzVgaQNKlEh02U=,rQmg4bv1KZgyTy+goXR8Pi4AcbM=
-17,15,gS6Kx4pEA/hqgYzVgaQNKlEh02U=,/z0j6Wgb381iwZUhLr6j5640W6U=
-18,2,gS6Kx4pEA/hqgYzVgaQNKlEh02U=,rQmg4bv1KZgyTy+goXR8Pi4AcbM=
-18,8,gS6Kx4pEA/hqgYzVgaQNKlEh02U=,/z0j6Wgb381iwZUhLr6j5640W6U=
-23,0,gS6Kx4pEA/hqgYzVgaQNKlEh02U=,rQmg4bv1KZgyTy+goXR8Pi4AcbM=
-23,4,gS6Kx4pEA/hqgYzVgaQNKlEh02U=,rQmg4bv1KZgyTy+goXR8Pi4AcbM=
-19,8,gS6Kx4pEA/hqgYzVgaQNKlEh02U=,/z0j6Wgb381iwZUhLr6j5640W6U=
-23,8,gS6Kx4pEA/hqgYzVgaQNKlEh02U=,/z0j6Wgb381iwZUhLr6j5640W6U=
-21,8,gS6Kx4pEA/hqgYzVgaQNKlEh02U=,/z0j6Wgb381iwZUhLr6j5640W6U=
-24,8,gS6Kx4pEA/hqgYzVgaQNKlEh02U=,/z0j6Wgb381iwZUhLr6j5640W6U=
-20,8,gS6Kx4pEA/hqgYzVgaQNKlEh02U=,/z0j6Wgb381iwZUhLr6j5640W6U=
-19,7,gS6Kx4pEA/hqgYzVgaQNKlEh02U=,rQmg4bv1KZgyTy+goXR8Pi4AcbM=
-21,5,gS6Kx4pEA/hqgYzVgaQNKlEh02U=,rQmg4bv1KZgyTy+goXR8Pi4AcbM=
-22,4,gS6Kx4pEA/hqgYzVgaQNKlEh02U=,rQmg4bv1KZgyTy+goXR8Pi4AcbM=
-25,8,gS6Kx4pEA/hqgYzVgaQNKlEh02U=,+oJ3MMRVCQAXdokLGw5Eic0Ju9A=
-24,0,gS6Kx4pEA/hqgYzVgaQNKlEh02U=,rQmg4bv1KZgyTy+goXR8Pi4AcbM=
-20,2,gS6Kx4pEA/hqgYzVgaQNKlEh02U=,rQmg4bv1KZgyTy+goXR8Pi4AcbM=
-21,2,gS6Kx4pEA/hqgYzVgaQNKlEh02U=,rQmg4bv1KZgyTy+goXR8Pi4AcbM=
-21,4,gS6Kx4pEA/hqgYzVgaQNKlEh02U=,rQmg4bv1KZgyTy+goXR8Pi4AcbM=
-25,3,gS6Kx4pEA/hqgYzVgaQNKlEh02U=,XYyOZNbbUqSzfbTHdiXrIw8tzB0=
-22,2,gS6Kx4pEA/hqgYzVgaQNKlEh02U=,rQmg4bv1KZgyTy+goXR8Pi4AcbM=
-22,5,gS6Kx4pEA/hqgYzVgaQNKlEh02U=,rQmg4bv1KZgyTy+goXR8Pi4AcbM=
-20,4,gS6Kx4pEA/hqgYzVgaQNKlEh02U=,rQmg4bv1KZgyTy+goXR8Pi4AcbM=
-24,5,gS6Kx4pEA/hqgYzVgaQNKlEh02U=,rQmg4bv1KZgyTy+goXR8Pi4AcbM=
-24,2,gS6Kx4pEA/hqgYzVgaQNKlEh02U=,rQmg4bv1KZgyTy+goXR8Pi4AcbM=
-23,5,gS6Kx4pEA/hqgYzVgaQNKlEh02U=,rQmg4bv1KZgyTy+goXR8Pi4AcbM=
-25,7,gS6Kx4pEA/hqgYzVgaQNKlEh02U=,XYyOZNbbUqSzfbTHdiXrIw8tzB0=
-25,2,gS6Kx4pEA/hqgYzVgaQNKlEh02U=,XYyOZNbbUqSzfbTHdiXrIw8tzB0=
-17,1,gS6Kx4pEA/hqgYzVgaQNKlEh02U=,rQmg4bv1KZgyTy+goXR8Pi4AcbM=
-23,2,gS6Kx4pEA/hqgYzVgaQNKlEh02U=,rQmg4bv1KZgyTy+goXR8Pi4AcbM=
-18,1,gS6Kx4pEA/hqgYzVgaQNKlEh02U=,rQmg4bv1KZgyTy+goXR8Pi4AcbM=
-22,0,gS6Kx4pEA/hqgYzVgaQNKlEh02U=,rQmg4bv1KZgyTy+goXR8Pi4AcbM=
-20,1,gS6Kx4pEA/hqgYzVgaQNKlEh02U=,rQmg4bv1KZgyTy+goXR8Pi4AcbM=
-19,4,gS6Kx4pEA/hqgYzVgaQNKlEh02U=,rQmg4bv1KZgyTy+goXR8Pi4AcbM=
-17,4,gS6Kx4pEA/hqgYzVgaQNKlEh02U=,rQmg4bv1KZgyTy+goXR8Pi4AcbM=
-19,14,gS6Kx4pEA/hqgYzVgaQNKlEh02U=,/z0j6Wgb381iwZUhLr6j5640W6U=
-24,1,gS6Kx4pEA/hqgYzVgaQNKlEh02U=,rQmg4bv1KZgyTy+goXR8Pi4AcbM=
-21,1,gS6Kx4pEA/hqgYzVgaQNKlEh02U=,rQmg4bv1KZgyTy+goXR8Pi4AcbM=
-23,1,gS6Kx4pEA/hqgYzVgaQNKlEh02U=,rQmg4bv1KZgyTy+goXR8Pi4AcbM=
-19,1,gS6Kx4pEA/hqgYzVgaQNKlEh02U=,rQmg4bv1KZgyTy+goXR8Pi4AcbM=
-22,1,gS6Kx4pEA/hqgYzVgaQNKlEh02U=,rQmg4bv1KZgyTy+goXR8Pi4AcbM=
-22,8,gS6Kx4pEA/hqgYzVgaQNKlEh02U=,/z0j6Wgb381iwZUhLr6j5640W6U=
-20,5,gS6Kx4pEA/hqgYzVgaQNKlEh02U=,rQmg4bv1KZgyTy+goXR8Pi4AcbM=
-17,8,gS6Kx4pEA/hqgYzVgaQNKlEh02U=,/z0j6Wgb381iwZUhLr6j5640W6U=
-19,2,gS6Kx4pEA/hqgYzVgaQNKlEh02U=,rQmg4bv1KZgyTy+goXR8Pi4AcbM=
-18,4,gS6Kx4pEA/hqgYzVgaQNKlEh02U=,rQmg4bv1KZgyTy+goXR8Pi4AcbM=
-28,18,gS6Kx4pEA/hqgYzVgaQNKlEh02U=,230DvPAT22toS32tz/gyC3v0c/o=
-30,19,gS6Kx4pEA/hqgYzVgaQNKlEh02U=,230DvPAT22toS32tz/gyC3v0c/o=
-28,17,gS6Kx4pEA/hqgYzVgaQNKlEh02U=,230DvPAT22toS32tz/gyC3v0c/o=
-27,18,gS6Kx4pEA/hqgYzVgaQNKlEh02U=,230DvPAT22toS32tz/gyC3v0c/o=
-26,18,gS6Kx4pEA/hqgYzVgaQNKlEh02U=,230DvPAT22toS32tz/gyC3v0c/o=
-29,19,gS6Kx4pEA/hqgYzVgaQNKlEh02U=,230DvPAT22toS32tz/gyC3v0c/o=
-27,17,gS6Kx4pEA/hqgYzVgaQNKlEh02U=,230DvPAT22toS32tz/gyC3v0c/o=
-28,19,gS6Kx4pEA/hqgYzVgaQNKlEh02U=,230DvPAT22toS32tz/gyC3v0c/o=
-30,20,gS6Kx4pEA/hqgYzVgaQNKlEh02U=,230DvPAT22toS32tz/gyC3v0c/o=
-29,20,gS6Kx4pEA/hqgYzVgaQNKlEh02U=,230DvPAT22toS32tz/gyC3v0c/o=
-28,20,gS6Kx4pEA/hqgYzVgaQNKlEh02U=,230DvPAT22toS32tz/gyC3v0c/o=
-27,20,gS6Kx4pEA/hqgYzVgaQNKlEh02U=,230DvPAT22toS32tz/gyC3v0c/o=
-26,20,gS6Kx4pEA/hqgYzVgaQNKlEh02U=,230DvPAT22toS32tz/gyC3v0c/o=
-26,22,gS6Kx4pEA/hqgYzVgaQNKlEh02U=,230DvPAT22toS32tz/gyC3v0c/o=
-30,16,gS6Kx4pEA/hqgYzVgaQNKlEh02U=,230DvPAT22toS32tz/gyC3v0c/o=
-31,21,gS6Kx4pEA/hqgYzVgaQNKlEh02U=,230DvPAT22toS32tz/gyC3v0c/o=
-27,19,gS6Kx4pEA/hqgYzVgaQNKlEh02U=,230DvPAT22toS32tz/gyC3v0c/o=
-30,21,gS6Kx4pEA/hqgYzVgaQNKlEh02U=,230DvPAT22toS32tz/gyC3v0c/o=
-26,17,gS6Kx4pEA/hqgYzVgaQNKlEh02U=,230DvPAT22toS32tz/gyC3v0c/o=
-26,19,gS6Kx4pEA/hqgYzVgaQNKlEh02U=,230DvPAT22toS32tz/gyC3v0c/o=
-31,18,gS6Kx4pEA/hqgYzVgaQNKlEh02U=,230DvPAT22toS32tz/gyC3v0c/o=
-31,20,gS6Kx4pEA/hqgYzVgaQNKlEh02U=,230DvPAT22toS32tz/gyC3v0c/o=
-31,16,gS6Kx4pEA/hqgYzVgaQNKlEh02U=,230DvPAT22toS32tz/gyC3v0c/o=
-19,29,gS6Kx4pEA/hqgYzVgaQNKlEh02U=,RSRk7gsNxLJhMMC3aLEM7imiC/Q=
-20,29,gS6Kx4pEA/hqgYzVgaQNKlEh02U=,RSRk7gsNxLJhMMC3aLEM7imiC/Q=
-18,29,gS6Kx4pEA/hqgYzVgaQNKlEh02U=,RSRk7gsNxLJhMMC3aLEM7imiC/Q=
-28,23,gS6Kx4pEA/hqgYzVgaQNKlEh02U=,230DvPAT22toS32tz/gyC3v0c/o=
-27,23,gS6Kx4pEA/hqgYzVgaQNKlEh02U=,230DvPAT22toS32tz/gyC3v0c/o=
-31,24,gS6Kx4pEA/hqgYzVgaQNKlEh02U=,YqCBuuvJMjIXU5vunycLTChuLk8=
-26,23,gS6Kx4pEA/hqgYzVgaQNKlEh02U=,230DvPAT22toS32tz/gyC3v0c/o=
-29,17,gS6Kx4pEA/hqgYzVgaQNKlEh02U=,230DvPAT22toS32tz/gyC3v0c/o=
-30,24,gS6Kx4pEA/hqgYzVgaQNKlEh02U=,YqCBuuvJMjIXU5vunycLTChuLk8=
-27,22,gS6Kx4pEA/hqgYzVgaQNKlEh02U=,230DvPAT22toS32tz/gyC3v0c/o=
-30,17,gS6Kx4pEA/hqgYzVgaQNKlEh02U=,230DvPAT22toS32tz/gyC3v0c/o=
-31,17,gS6Kx4pEA/hqgYzVgaQNKlEh02U=,230DvPAT22toS32tz/gyC3v0c/o=
-29,18,gS6Kx4pEA/hqgYzVgaQNKlEh02U=,230DvPAT22toS32tz/gyC3v0c/o=
-28,22,gS6Kx4pEA/hqgYzVgaQNKlEh02U=,230DvPAT22toS32tz/gyC3v0c/o=
-26,21,gS6Kx4pEA/hqgYzVgaQNKlEh02U=,230DvPAT22toS32tz/gyC3v0c/o=
-24,29,gS6Kx4pEA/hqgYzVgaQNKlEh02U=,RSRk7gsNxLJhMMC3aLEM7imiC/Q=
-29,22,gS6Kx4pEA/hqgYzVgaQNKlEh02U=,230DvPAT22toS32tz/gyC3v0c/o=
-21,29,gS6Kx4pEA/hqgYzVgaQNKlEh02U=,RSRk7gsNxLJhMMC3aLEM7imiC/Q=
-29,23,gS6Kx4pEA/hqgYzVgaQNKlEh02U=,230DvPAT22toS32tz/gyC3v0c/o=
-30,22,gS6Kx4pEA/hqgYzVgaQNKlEh02U=,230DvPAT22toS32tz/gyC3v0c/o=
-31,22,gS6Kx4pEA/hqgYzVgaQNKlEh02U=,230DvPAT22toS32tz/gyC3v0c/o=
-22,29,gS6Kx4pEA/hqgYzVgaQNKlEh02U=,RSRk7gsNxLJhMMC3aLEM7imiC/Q=
-27,21,gS6Kx4pEA/hqgYzVgaQNKlEh02U=,230DvPAT22toS32tz/gyC3v0c/o=
-29,16,gS6Kx4pEA/hqgYzVgaQNKlEh02U=,230DvPAT22toS32tz/gyC3v0c/o=
-26,16,gS6Kx4pEA/hqgYzVgaQNKlEh02U=,230DvPAT22toS32tz/gyC3v0c/o=
-28,21,gS6Kx4pEA/hqgYzVgaQNKlEh02U=,230DvPAT22toS32tz/gyC3v0c/o=
-26,30,gS6Kx4pEA/hqgYzVgaQNKlEh02U=,YqCBuuvJMjIXU5vunycLTChuLk8=
-23,30,gS6Kx4pEA/hqgYzVgaQNKlEh02U=,RSRk7gsNxLJhMMC3aLEM7imiC/Q=
-27,30,gS6Kx4pEA/hqgYzVgaQNKlEh02U=,YqCBuuvJMjIXU5vunycLTChuLk8=
-27,16,gS6Kx4pEA/hqgYzVgaQNKlEh02U=,230DvPAT22toS32tz/gyC3v0c/o=
-25,30,gS6Kx4pEA/hqgYzVgaQNKlEh02U=,YqCBuuvJMjIXU5vunycLTChuLk8=
-28,16,gS6Kx4pEA/hqgYzVgaQNKlEh02U=,230DvPAT22toS32tz/gyC3v0c/o=
-24,30,gS6Kx4pEA/hqgYzVgaQNKlEh02U=,RSRk7gsNxLJhMMC3aLEM7imiC/Q=
-29,24,gS6Kx4pEA/hqgYzVgaQNKlEh02U=,YqCBuuvJMjIXU5vunycLTChuLk8=
-28,24,gS6Kx4pEA/hqgYzVgaQNKlEh02U=,YqCBuuvJMjIXU5vunycLTChuLk8=
-27,24,gS6Kx4pEA/hqgYzVgaQNKlEh02U=,YqCBuuvJMjIXU5vunycLTChuLk8=
-26,24,gS6Kx4pEA/hqgYzVgaQNKlEh02U=,YqCBuuvJMjIXU5vunycLTChuLk8=
-31,25,gS6Kx4pEA/hqgYzVgaQNKlEh02U=,YqCBuuvJMjIXU5vunycLTChuLk8=
-30,25,gS6Kx4pEA/hqgYzVgaQNKlEh02U=,YqCBuuvJMjIXU5vunycLTChuLk8=
-29,25,gS6Kx4pEA/hqgYzVgaQNKlEh02U=,YqCBuuvJMjIXU5vunycLTChuLk8=
-28,25,gS6Kx4pEA/hqgYzVgaQNKlEh02U=,YqCBuuvJMjIXU5vunycLTChuLk8=
-27,25,gS6Kx4pEA/hqgYzVgaQNKlEh02U=,YqCBuuvJMjIXU5vunycLTChuLk8=
-26,25,gS6Kx4pEA/hqgYzVgaQNKlEh02U=,YqCBuuvJMjIXU5vunycLTChuLk8=
-25,25,gS6Kx4pEA/hqgYzVgaQNKlEh02U=,YqCBuuvJMjIXU5vunycLTChuLk8=
-31,26,gS6Kx4pEA/hqgYzVgaQNKlEh02U=,YqCBuuvJMjIXU5vunycLTChuLk8=
-30,26,gS6Kx4pEA/hqgYzVgaQNKlEh02U=,YqCBuuvJMjIXU5vunycLTChuLk8=
-29,26,gS6Kx4pEA/hqgYzVgaQNKlEh02U=,YqCBuuvJMjIXU5vunycLTChuLk8=
-28,26,gS6Kx4pEA/hqgYzVgaQNKlEh02U=,YqCBuuvJMjIXU5vunycLTChuLk8=
-27,26,gS6Kx4pEA/hqgYzVgaQNKlEh02U=,YqCBuuvJMjIXU5vunycLTChuLk8=
-26,26,gS6Kx4pEA/hqgYzVgaQNKlEh02U=,YqCBuuvJMjIXU5vunycLTChuLk8=
-25,26,gS6Kx4pEA/hqgYzVgaQNKlEh02U=,YqCBuuvJMjIXU5vunycLTChuLk8=
-31,27,gS6Kx4pEA/hqgYzVgaQNKlEh02U=,YqCBuuvJMjIXU5vunycLTChuLk8=
-30,27,gS6Kx4pEA/hqgYzVgaQNKlEh02U=,YqCBuuvJMjIXU5vunycLTChuLk8=
-29,27,gS6Kx4pEA/hqgYzVgaQNKlEh02U=,YqCBuuvJMjIXU5vunycLTChuLk8=
-28,27,gS6Kx4pEA/hqgYzVgaQNKlEh02U=,YqCBuuvJMjIXU5vunycLTChuLk8=
-27,27,gS6Kx4pEA/hqgYzVgaQNKlEh02U=,YqCBuuvJMjIXU5vunycLTChuLk8=
-24,25,gS6Kx4pEA/hqgYzVgaQNKlEh02U=,RSRk7gsNxLJhMMC3aLEM7imiC/Q=
-25,27,gS6Kx4pEA/hqgYzVgaQNKlEh02U=,YqCBuuvJMjIXU5vunycLTChuLk8=
-26,27,gS6Kx4pEA/hqgYzVgaQNKlEh02U=,YqCBuuvJMjIXU5vunycLTChuLk8=
-31,28,gS6Kx4pEA/hqgYzVgaQNKlEh02U=,YqCBuuvJMjIXU5vunycLTChuLk8=
-30,28,gS6Kx4pEA/hqgYzVgaQNKlEh02U=,YqCBuuvJMjIXU5vunycLTChuLk8=
-29,28,gS6Kx4pEA/hqgYzVgaQNKlEh02U=,YqCBuuvJMjIXU5vunycLTChuLk8=
-28,28,gS6Kx4pEA/hqgYzVgaQNKlEh02U=,YqCBuuvJMjIXU5vunycLTChuLk8=
-27,28,gS6Kx4pEA/hqgYzVgaQNKlEh02U=,YqCBuuvJMjIXU5vunycLTChuLk8=
-26,28,gS6Kx4pEA/hqgYzVgaQNKlEh02U=,YqCBuuvJMjIXU5vunycLTChuLk8=
-25,28,gS6Kx4pEA/hqgYzVgaQNKlEh02U=,YqCBuuvJMjIXU5vunycLTChuLk8=
-31,29,gS6Kx4pEA/hqgYzVgaQNKlEh02U=,YqCBuuvJMjIXU5vunycLTChuLk8=
-30,29,gS6Kx4pEA/hqgYzVgaQNKlEh02U=,YqCBuuvJMjIXU5vunycLTChuLk8=
-29,29,gS6Kx4pEA/hqgYzVgaQNKlEh02U=,YqCBuuvJMjIXU5vunycLTChuLk8=
-28,29,gS6Kx4pEA/hqgYzVgaQNKlEh02U=,YqCBuuvJMjIXU5vunycLTChuLk8=
-27,29,gS6Kx4pEA/hqgYzVgaQNKlEh02U=,YqCBuuvJMjIXU5vunycLTChuLk8=
-26,29,gS6Kx4pEA/hqgYzVgaQNKlEh02U=,YqCBuuvJMjIXU5vunycLTChuLk8=
-25,29,gS6Kx4pEA/hqgYzVgaQNKlEh02U=,YqCBuuvJMjIXU5vunycLTChuLk8=
-24,26,gS6Kx4pEA/hqgYzVgaQNKlEh02U=,RSRk7gsNxLJhMMC3aLEM7imiC/Q=
-22,30,gS6Kx4pEA/hqgYzVgaQNKlEh02U=,RSRk7gsNxLJhMMC3aLEM7imiC/Q=
-31,30,gS6Kx4pEA/hqgYzVgaQNKlEh02U=,YqCBuuvJMjIXU5vunycLTChuLk8=
-24,27,gS6Kx4pEA/hqgYzVgaQNKlEh02U=,RSRk7gsNxLJhMMC3aLEM7imiC/Q=
-31,23,gS6Kx4pEA/hqgYzVgaQNKlEh02U=,230DvPAT22toS32tz/gyC3v0c/o=
-30,30,gS6Kx4pEA/hqgYzVgaQNKlEh02U=,YqCBuuvJMjIXU5vunycLTChuLk8=
-21,30,gS6Kx4pEA/hqgYzVgaQNKlEh02U=,RSRk7gsNxLJhMMC3aLEM7imiC/Q=
-23,25,gS6Kx4pEA/hqgYzVgaQNKlEh02U=,RSRk7gsNxLJhMMC3aLEM7imiC/Q=
-24,28,gS6Kx4pEA/hqgYzVgaQNKlEh02U=,RSRk7gsNxLJhMMC3aLEM7imiC/Q=
-31,19,gS6Kx4pEA/hqgYzVgaQNKlEh02U=,230DvPAT22toS32tz/gyC3v0c/o=
-29,30,gS6Kx4pEA/hqgYzVgaQNKlEh02U=,YqCBuuvJMjIXU5vunycLTChuLk8=
-30,23,gS6Kx4pEA/hqgYzVgaQNKlEh02U=,230DvPAT22toS32tz/gyC3v0c/o=
-20,30,gS6Kx4pEA/hqgYzVgaQNKlEh02U=,RSRk7gsNxLJhMMC3aLEM7imiC/Q=
-28,30,gS6Kx4pEA/hqgYzVgaQNKlEh02U=,YqCBuuvJMjIXU5vunycLTChuLk8=
-22,25,gS6Kx4pEA/hqgYzVgaQNKlEh02U=,RSRk7gsNxLJhMMC3aLEM7imiC/Q=
-19,30,gS6Kx4pEA/hqgYzVgaQNKlEh02U=,RSRk7gsNxLJhMMC3aLEM7imiC/Q=
-21,25,gS6Kx4pEA/hqgYzVgaQNKlEh02U=,RSRk7gsNxLJhMMC3aLEM7imiC/Q=
-18,30,gS6Kx4pEA/hqgYzVgaQNKlEh02U=,RSRk7gsNxLJhMMC3aLEM7imiC/Q=
-20,25,gS6Kx4pEA/hqgYzVgaQNKlEh02U=,RSRk7gsNxLJhMMC3aLEM7imiC/Q=
-19,25,gS6Kx4pEA/hqgYzVgaQNKlEh02U=,RSRk7gsNxLJhMMC3aLEM7imiC/Q=
-18,25,gS6Kx4pEA/hqgYzVgaQNKlEh02U=,RSRk7gsNxLJhMMC3aLEM7imiC/Q=
-23,26,gS6Kx4pEA/hqgYzVgaQNKlEh02U=,RSRk7gsNxLJhMMC3aLEM7imiC/Q=
-22,26,gS6Kx4pEA/hqgYzVgaQNKlEh02U=,RSRk7gsNxLJhMMC3aLEM7imiC/Q=
-21,26,gS6Kx4pEA/hqgYzVgaQNKlEh02U=,RSRk7gsNxLJhMMC3aLEM7imiC/Q=
-20,26,gS6Kx4pEA/hqgYzVgaQNKlEh02U=,RSRk7gsNxLJhMMC3aLEM7imiC/Q=
-19,26,gS6Kx4pEA/hqgYzVgaQNKlEh02U=,RSRk7gsNxLJhMMC3aLEM7imiC/Q=
-18,26,gS6Kx4pEA/hqgYzVgaQNKlEh02U=,RSRk7gsNxLJhMMC3aLEM7imiC/Q=
-23,27,gS6Kx4pEA/hqgYzVgaQNKlEh02U=,RSRk7gsNxLJhMMC3aLEM7imiC/Q=
-22,27,gS6Kx4pEA/hqgYzVgaQNKlEh02U=,RSRk7gsNxLJhMMC3aLEM7imiC/Q=
-21,27,gS6Kx4pEA/hqgYzVgaQNKlEh02U=,RSRk7gsNxLJhMMC3aLEM7imiC/Q=
-20,27,gS6Kx4pEA/hqgYzVgaQNKlEh02U=,RSRk7gsNxLJhMMC3aLEM7imiC/Q=
-19,27,gS6Kx4pEA/hqgYzVgaQNKlEh02U=,RSRk7gsNxLJhMMC3aLEM7imiC/Q=
-18,27,gS6Kx4pEA/hqgYzVgaQNKlEh02U=,RSRk7gsNxLJhMMC3aLEM7imiC/Q=
-22,28,gS6Kx4pEA/hqgYzVgaQNKlEh02U=,RSRk7gsNxLJhMMC3aLEM7imiC/Q=
-23,28,gS6Kx4pEA/hqgYzVgaQNKlEh02U=,RSRk7gsNxLJhMMC3aLEM7imiC/Q=
-21,28,gS6Kx4pEA/hqgYzVgaQNKlEh02U=,RSRk7gsNxLJhMMC3aLEM7imiC/Q=
-20,28,gS6Kx4pEA/hqgYzVgaQNKlEh02U=,RSRk7gsNxLJhMMC3aLEM7imiC/Q=
-19,28,gS6Kx4pEA/hqgYzVgaQNKlEh02U=,RSRk7gsNxLJhMMC3aLEM7imiC/Q=
-18,28,gS6Kx4pEA/hqgYzVgaQNKlEh02U=,RSRk7gsNxLJhMMC3aLEM7imiC/Q=
-23,29,gS6Kx4pEA/hqgYzVgaQNKlEh02U=,RSRk7gsNxLJhMMC3aLEM7imiC/Q=
-17,29,gS6Kx4pEA/hqgYzVgaQNKlEh02U=,RSRk7gsNxLJhMMC3aLEM7imiC/Q=
-17,25,gS6Kx4pEA/hqgYzVgaQNKlEh02U=,RSRk7gsNxLJhMMC3aLEM7imiC/Q=
-17,30,gS6Kx4pEA/hqgYzVgaQNKlEh02U=,RSRk7gsNxLJhMMC3aLEM7imiC/Q=
-17,26,gS6Kx4pEA/hqgYzVgaQNKlEh02U=,RSRk7gsNxLJhMMC3aLEM7imiC/Q=
-17,27,gS6Kx4pEA/hqgYzVgaQNKlEh02U=,RSRk7gsNxLJhMMC3aLEM7imiC/Q=
-17,28,gS6Kx4pEA/hqgYzVgaQNKlEh02U=,RSRk7gsNxLJhMMC3aLEM7imiC/Q=
-29,21,gS6Kx4pEA/hqgYzVgaQNKlEh02U=,230DvPAT22toS32tz/gyC3v0c/o=
-30,18,gS6Kx4pEA/hqgYzVgaQNKlEh02U=,230DvPAT22toS32tz/gyC3v0c/o=
-32,25,gS6Kx4pEA/hqgYzVgaQNKlEh02U=,YqCBuuvJMjIXU5vunycLTChuLk8=
-32,26,gS6Kx4pEA/hqgYzVgaQNKlEh02U=,YqCBuuvJMjIXU5vunycLTChuLk8=
-32,27,gS6Kx4pEA/hqgYzVgaQNKlEh02U=,YqCBuuvJMjIXU5vunycLTChuLk8=
-32,28,gS6Kx4pEA/hqgYzVgaQNKlEh02U=,YqCBuuvJMjIXU5vunycLTChuLk8=
-32,29,gS6Kx4pEA/hqgYzVgaQNKlEh02U=,YqCBuuvJMjIXU5vunycLTChuLk8=
-32,30,gS6Kx4pEA/hqgYzVgaQNKlEh02U=,YqCBuuvJMjIXU5vunycLTChuLk8=
-28,31,gS6Kx4pEA/hqgYzVgaQNKlEh02U=,YqCBuuvJMjIXU5vunycLTChuLk8=
-32,24,gS6Kx4pEA/hqgYzVgaQNKlEh02U=,YqCBuuvJMjIXU5vunycLTChuLk8=
-32,21,gS6Kx4pEA/hqgYzVgaQNKlEh02U=,230DvPAT22toS32tz/gyC3v0c/o=
-32,19,gS6Kx4pEA/hqgYzVgaQNKlEh02U=,230DvPAT22toS32tz/gyC3v0c/o=
-32,23,gS6Kx4pEA/hqgYzVgaQNKlEh02U=,230DvPAT22toS32tz/gyC3v0c/o=
-32,18,gS6Kx4pEA/hqgYzVgaQNKlEh02U=,230DvPAT22toS32tz/gyC3v0c/o=
-32,20,gS6Kx4pEA/hqgYzVgaQNKlEh02U=,230DvPAT22toS32tz/gyC3v0c/o=
-32,22,gS6Kx4pEA/hqgYzVgaQNKlEh02U=,230DvPAT22toS32tz/gyC3v0c/o=
-32,17,gS6Kx4pEA/hqgYzVgaQNKlEh02U=,230DvPAT22toS32tz/gyC3v0c/o=
-27,31,gS6Kx4pEA/hqgYzVgaQNKlEh02U=,YqCBuuvJMjIXU5vunycLTChuLk8=
-26,31,gS6Kx4pEA/hqgYzVgaQNKlEh02U=,YqCBuuvJMjIXU5vunycLTChuLk8=
-32,16,gS6Kx4pEA/hqgYzVgaQNKlEh02U=,230DvPAT22toS32tz/gyC3v0c/o=
-32,31,gS6Kx4pEA/hqgYzVgaQNKlEh02U=,YqCBuuvJMjIXU5vunycLTChuLk8=
-29,31,gS6Kx4pEA/hqgYzVgaQNKlEh02U=,YqCBuuvJMjIXU5vunycLTChuLk8=
-30,31,gS6Kx4pEA/hqgYzVgaQNKlEh02U=,YqCBuuvJMjIXU5vunycLTChuLk8=
-17,31,gS6Kx4pEA/hqgYzVgaQNKlEh02U=,RSRk7gsNxLJhMMC3aLEM7imiC/Q=
-20,31,gS6Kx4pEA/hqgYzVgaQNKlEh02U=,RSRk7gsNxLJhMMC3aLEM7imiC/Q=
-19,31,gS6Kx4pEA/hqgYzVgaQNKlEh02U=,RSRk7gsNxLJhMMC3aLEM7imiC/Q=
-18,31,gS6Kx4pEA/hqgYzVgaQNKlEh02U=,RSRk7gsNxLJhMMC3aLEM7imiC/Q=
-21,31,gS6Kx4pEA/hqgYzVgaQNKlEh02U=,RSRk7gsNxLJhMMC3aLEM7imiC/Q=
-23,31,gS6Kx4pEA/hqgYzVgaQNKlEh02U=,RSRk7gsNxLJhMMC3aLEM7imiC/Q=
-22,31,gS6Kx4pEA/hqgYzVgaQNKlEh02U=,RSRk7gsNxLJhMMC3aLEM7imiC/Q=
-24,31,gS6Kx4pEA/hqgYzVgaQNKlEh02U=,RSRk7gsNxLJhMMC3aLEM7imiC/Q=
-31,31,gS6Kx4pEA/hqgYzVgaQNKlEh02U=,YqCBuuvJMjIXU5vunycLTChuLk8=
-25,31,gS6Kx4pEA/hqgYzVgaQNKlEh02U=,YqCBuuvJMjIXU5vunycLTChuLk8=
-17,23,gS6Kx4pEA/hqgYzVgaQNKlEh02U=,4/xaCyRNS3QNAYA+lAlzHthzAX8=
-25,23,gS6Kx4pEA/hqgYzVgaQNKlEh02U=,230DvPAT22toS32tz/gyC3v0c/o=
-25,21,gS6Kx4pEA/hqgYzVgaQNKlEh02U=,230DvPAT22toS32tz/gyC3v0c/o=
-18,23,gS6Kx4pEA/hqgYzVgaQNKlEh02U=,4/xaCyRNS3QNAYA+lAlzHthzAX8=
-19,23,gS6Kx4pEA/hqgYzVgaQNKlEh02U=,4/xaCyRNS3QNAYA+lAlzHthzAX8=
-24,19,gS6Kx4pEA/hqgYzVgaQNKlEh02U=,4/xaCyRNS3QNAYA+lAlzHthzAX8=
-20,19,gS6Kx4pEA/hqgYzVgaQNKlEh02U=,4/xaCyRNS3QNAYA+lAlzHthzAX8=
-25,24,gS6Kx4pEA/hqgYzVgaQNKlEh02U=,YqCBuuvJMjIXU5vunycLTChuLk8=
-23,19,gS6Kx4pEA/hqgYzVgaQNKlEh02U=,4/xaCyRNS3QNAYA+lAlzHthzAX8=
-21,19,gS6Kx4pEA/hqgYzVgaQNKlEh02U=,4/xaCyRNS3QNAYA+lAlzHthzAX8=
-22,19,gS6Kx4pEA/hqgYzVgaQNKlEh02U=,4/xaCyRNS3QNAYA+lAlzHthzAX8=
-20,23,gS6Kx4pEA/hqgYzVgaQNKlEh02U=,4/xaCyRNS3QNAYA+lAlzHthzAX8=
-17,18,gS6Kx4pEA/hqgYzVgaQNKlEh02U=,4/xaCyRNS3QNAYA+lAlzHthzAX8=
-25,16,gS6Kx4pEA/hqgYzVgaQNKlEh02U=,230DvPAT22toS32tz/gyC3v0c/o=
-24,23,gS6Kx4pEA/hqgYzVgaQNKlEh02U=,4/xaCyRNS3QNAYA+lAlzHthzAX8=
-21,23,gS6Kx4pEA/hqgYzVgaQNKlEh02U=,4/xaCyRNS3QNAYA+lAlzHthzAX8=
-17,22,gS6Kx4pEA/hqgYzVgaQNKlEh02U=,4/xaCyRNS3QNAYA+lAlzHthzAX8=
-23,23,gS6Kx4pEA/hqgYzVgaQNKlEh02U=,4/xaCyRNS3QNAYA+lAlzHthzAX8=
-22,23,gS6Kx4pEA/hqgYzVgaQNKlEh02U=,4/xaCyRNS3QNAYA+lAlzHthzAX8=
-18,22,gS6Kx4pEA/hqgYzVgaQNKlEh02U=,4/xaCyRNS3QNAYA+lAlzHthzAX8=
-19,19,gS6Kx4pEA/hqgYzVgaQNKlEh02U=,4/xaCyRNS3QNAYA+lAlzHthzAX8=
-24,24,gS6Kx4pEA/hqgYzVgaQNKlEh02U=,RSRk7gsNxLJhMMC3aLEM7imiC/Q=
-23,24,gS6Kx4pEA/hqgYzVgaQNKlEh02U=,RSRk7gsNxLJhMMC3aLEM7imiC/Q=
-22,24,gS6Kx4pEA/hqgYzVgaQNKlEh02U=,RSRk7gsNxLJhMMC3aLEM7imiC/Q=
-18,18,gS6Kx4pEA/hqgYzVgaQNKlEh02U=,4/xaCyRNS3QNAYA+lAlzHthzAX8=
-19,18,gS6Kx4pEA/hqgYzVgaQNKlEh02U=,4/xaCyRNS3QNAYA+lAlzHthzAX8=
-20,18,gS6Kx4pEA/hqgYzVgaQNKlEh02U=,4/xaCyRNS3QNAYA+lAlzHthzAX8=
-19,22,gS6Kx4pEA/hqgYzVgaQNKlEh02U=,4/xaCyRNS3QNAYA+lAlzHthzAX8=
-21,18,gS6Kx4pEA/hqgYzVgaQNKlEh02U=,4/xaCyRNS3QNAYA+lAlzHthzAX8=
-24,18,gS6Kx4pEA/hqgYzVgaQNKlEh02U=,4/xaCyRNS3QNAYA+lAlzHthzAX8=
-22,18,gS6Kx4pEA/hqgYzVgaQNKlEh02U=,4/xaCyRNS3QNAYA+lAlzHthzAX8=
-17,17,gS6Kx4pEA/hqgYzVgaQNKlEh02U=,4/xaCyRNS3QNAYA+lAlzHthzAX8=
-18,19,gS6Kx4pEA/hqgYzVgaQNKlEh02U=,4/xaCyRNS3QNAYA+lAlzHthzAX8=
-21,24,gS6Kx4pEA/hqgYzVgaQNKlEh02U=,RSRk7gsNxLJhMMC3aLEM7imiC/Q=
-25,20,gS6Kx4pEA/hqgYzVgaQNKlEh02U=,230DvPAT22toS32tz/gyC3v0c/o=
-20,24,gS6Kx4pEA/hqgYzVgaQNKlEh02U=,RSRk7gsNxLJhMMC3aLEM7imiC/Q=
-25,18,gS6Kx4pEA/hqgYzVgaQNKlEh02U=,230DvPAT22toS32tz/gyC3v0c/o=
-19,24,gS6Kx4pEA/hqgYzVgaQNKlEh02U=,RSRk7gsNxLJhMMC3aLEM7imiC/Q=
-18,24,gS6Kx4pEA/hqgYzVgaQNKlEh02U=,RSRk7gsNxLJhMMC3aLEM7imiC/Q=
-17,24,gS6Kx4pEA/hqgYzVgaQNKlEh02U=,RSRk7gsNxLJhMMC3aLEM7imiC/Q=
-20,22,gS6Kx4pEA/hqgYzVgaQNKlEh02U=,4/xaCyRNS3QNAYA+lAlzHthzAX8=
-18,17,gS6Kx4pEA/hqgYzVgaQNKlEh02U=,4/xaCyRNS3QNAYA+lAlzHthzAX8=
-23,18,gS6Kx4pEA/hqgYzVgaQNKlEh02U=,4/xaCyRNS3QNAYA+lAlzHthzAX8=
-19,17,gS6Kx4pEA/hqgYzVgaQNKlEh02U=,4/xaCyRNS3QNAYA+lAlzHthzAX8=
-23,22,gS6Kx4pEA/hqgYzVgaQNKlEh02U=,4/xaCyRNS3QNAYA+lAlzHthzAX8=
-17,19,gS6Kx4pEA/hqgYzVgaQNKlEh02U=,4/xaCyRNS3QNAYA+lAlzHthzAX8=
-24,22,gS6Kx4pEA/hqgYzVgaQNKlEh02U=,4/xaCyRNS3QNAYA+lAlzHthzAX8=
-21,22,gS6Kx4pEA/hqgYzVgaQNKlEh02U=,4/xaCyRNS3QNAYA+lAlzHthzAX8=
-22,22,gS6Kx4pEA/hqgYzVgaQNKlEh02U=,4/xaCyRNS3QNAYA+lAlzHthzAX8=
-20,17,gS6Kx4pEA/hqgYzVgaQNKlEh02U=,4/xaCyRNS3QNAYA+lAlzHthzAX8=
-24,17,gS6Kx4pEA/hqgYzVgaQNKlEh02U=,4/xaCyRNS3QNAYA+lAlzHthzAX8=
-17,21,gS6Kx4pEA/hqgYzVgaQNKlEh02U=,4/xaCyRNS3QNAYA+lAlzHthzAX8=
-24,20,gS6Kx4pEA/hqgYzVgaQNKlEh02U=,4/xaCyRNS3QNAYA+lAlzHthzAX8=
-21,17,gS6Kx4pEA/hqgYzVgaQNKlEh02U=,4/xaCyRNS3QNAYA+lAlzHthzAX8=
-23,17,gS6Kx4pEA/hqgYzVgaQNKlEh02U=,4/xaCyRNS3QNAYA+lAlzHthzAX8=
-25,19,gS6Kx4pEA/hqgYzVgaQNKlEh02U=,230DvPAT22toS32tz/gyC3v0c/o=
-22,17,gS6Kx4pEA/hqgYzVgaQNKlEh02U=,4/xaCyRNS3QNAYA+lAlzHthzAX8=
-17,16,gS6Kx4pEA/hqgYzVgaQNKlEh02U=,4/xaCyRNS3QNAYA+lAlzHthzAX8=
-18,16,gS6Kx4pEA/hqgYzVgaQNKlEh02U=,4/xaCyRNS3QNAYA+lAlzHthzAX8=
-24,16,gS6Kx4pEA/hqgYzVgaQNKlEh02U=,4/xaCyRNS3QNAYA+lAlzHthzAX8=
-23,16,gS6Kx4pEA/hqgYzVgaQNKlEh02U=,4/xaCyRNS3QNAYA+lAlzHthzAX8=
-19,16,gS6Kx4pEA/hqgYzVgaQNKlEh02U=,4/xaCyRNS3QNAYA+lAlzHthzAX8=
-23,20,gS6Kx4pEA/hqgYzVgaQNKlEh02U=,4/xaCyRNS3QNAYA+lAlzHthzAX8=
-20,16,gS6Kx4pEA/hqgYzVgaQNKlEh02U=,4/xaCyRNS3QNAYA+lAlzHthzAX8=
-21,16,gS6Kx4pEA/hqgYzVgaQNKlEh02U=,4/xaCyRNS3QNAYA+lAlzHthzAX8=
-18,21,gS6Kx4pEA/hqgYzVgaQNKlEh02U=,4/xaCyRNS3QNAYA+lAlzHthzAX8=
-19,21,gS6Kx4pEA/hqgYzVgaQNKlEh02U=,4/xaCyRNS3QNAYA+lAlzHthzAX8=
-20,21,gS6Kx4pEA/hqgYzVgaQNKlEh02U=,4/xaCyRNS3QNAYA+lAlzHthzAX8=
-21,21,gS6Kx4pEA/hqgYzVgaQNKlEh02U=,4/xaCyRNS3QNAYA+lAlzHthzAX8=
-25,22,gS6Kx4pEA/hqgYzVgaQNKlEh02U=,230DvPAT22toS32tz/gyC3v0c/o=
-22,20,gS6Kx4pEA/hqgYzVgaQNKlEh02U=,4/xaCyRNS3QNAYA+lAlzHthzAX8=
-23,21,gS6Kx4pEA/hqgYzVgaQNKlEh02U=,4/xaCyRNS3QNAYA+lAlzHthzAX8=
-24,21,gS6Kx4pEA/hqgYzVgaQNKlEh02U=,4/xaCyRNS3QNAYA+lAlzHthzAX8=
-25,17,gS6Kx4pEA/hqgYzVgaQNKlEh02U=,230DvPAT22toS32tz/gyC3v0c/o=
-17,20,gS6Kx4pEA/hqgYzVgaQNKlEh02U=,4/xaCyRNS3QNAYA+lAlzHthzAX8=
-21,20,gS6Kx4pEA/hqgYzVgaQNKlEh02U=,4/xaCyRNS3QNAYA+lAlzHthzAX8=
-20,20,gS6Kx4pEA/hqgYzVgaQNKlEh02U=,4/xaCyRNS3QNAYA+lAlzHthzAX8=
-22,16,gS6Kx4pEA/hqgYzVgaQNKlEh02U=,4/xaCyRNS3QNAYA+lAlzHthzAX8=
-18,20,gS6Kx4pEA/hqgYzVgaQNKlEh02U=,4/xaCyRNS3QNAYA+lAlzHthzAX8=
-22,21,gS6Kx4pEA/hqgYzVgaQNKlEh02U=,4/xaCyRNS3QNAYA+lAlzHthzAX8=
-19,20,gS6Kx4pEA/hqgYzVgaQNKlEh02U=,4/xaCyRNS3QNAYA+lAlzHthzAX8=
-12,29,iinwu5CN9Qtjw7LrIiQq8rKY884=,K1f7jYDSiH6naYWhcgSleVnk03Q=
-11,29,iinwu5CN9Qtjw7LrIiQq8rKY884=,K1f7jYDSiH6naYWhcgSleVnk03Q=
-10,29,iinwu5CN9Qtjw7LrIiQq8rKY884=,K1f7jYDSiH6naYWhcgSleVnk03Q=
-15,30,iinwu5CN9Qtjw7LrIiQq8rKY884=,K1f7jYDSiH6naYWhcgSleVnk03Q=
-14,30,iinwu5CN9Qtjw7LrIiQq8rKY884=,K1f7jYDSiH6naYWhcgSleVnk03Q=
-13,30,iinwu5CN9Qtjw7LrIiQq8rKY884=,K1f7jYDSiH6naYWhcgSleVnk03Q=
-12,30,iinwu5CN9Qtjw7LrIiQq8rKY884=,K1f7jYDSiH6naYWhcgSleVnk03Q=
-11,30,iinwu5CN9Qtjw7LrIiQq8rKY884=,K1f7jYDSiH6naYWhcgSleVnk03Q=
-10,30,iinwu5CN9Qtjw7LrIiQq8rKY884=,K1f7jYDSiH6naYWhcgSleVnk03Q=
-15,25,iinwu5CN9Qtjw7LrIiQq8rKY884=,K1f7jYDSiH6naYWhcgSleVnk03Q=
-14,25,iinwu5CN9Qtjw7LrIiQq8rKY884=,K1f7jYDSiH6naYWhcgSleVnk03Q=
-13,25,iinwu5CN9Qtjw7LrIiQq8rKY884=,K1f7jYDSiH6naYWhcgSleVnk03Q=
-12,25,iinwu5CN9Qtjw7LrIiQq8rKY884=,K1f7jYDSiH6naYWhcgSleVnk03Q=
-11,25,iinwu5CN9Qtjw7LrIiQq8rKY884=,K1f7jYDSiH6naYWhcgSleVnk03Q=
-10,25,iinwu5CN9Qtjw7LrIiQq8rKY884=,K1f7jYDSiH6naYWhcgSleVnk03Q=
-15,26,iinwu5CN9Qtjw7LrIiQq8rKY884=,K1f7jYDSiH6naYWhcgSleVnk03Q=
-14,26,iinwu5CN9Qtjw7LrIiQq8rKY884=,K1f7jYDSiH6naYWhcgSleVnk03Q=
-13,26,iinwu5CN9Qtjw7LrIiQq8rKY884=,K1f7jYDSiH6naYWhcgSleVnk03Q=
-12,26,iinwu5CN9Qtjw7LrIiQq8rKY884=,K1f7jYDSiH6naYWhcgSleVnk03Q=
-11,26,iinwu5CN9Qtjw7LrIiQq8rKY884=,K1f7jYDSiH6naYWhcgSleVnk03Q=
-10,26,iinwu5CN9Qtjw7LrIiQq8rKY884=,K1f7jYDSiH6naYWhcgSleVnk03Q=
-15,27,iinwu5CN9Qtjw7LrIiQq8rKY884=,K1f7jYDSiH6naYWhcgSleVnk03Q=
-14,27,iinwu5CN9Qtjw7LrIiQq8rKY884=,K1f7jYDSiH6naYWhcgSleVnk03Q=
-13,27,iinwu5CN9Qtjw7LrIiQq8rKY884=,K1f7jYDSiH6naYWhcgSleVnk03Q=
-12,27,iinwu5CN9Qtjw7LrIiQq8rKY884=,K1f7jYDSiH6naYWhcgSleVnk03Q=
-11,27,iinwu5CN9Qtjw7LrIiQq8rKY884=,K1f7jYDSiH6naYWhcgSleVnk03Q=
-10,27,ksB2pdQvTeLkvpQX3ZfCMUHRVfs=,K1f7jYDSiH6naYWhcgSleVnk03Q=
-15,28,ksB2pdQvTeLkvpQX3ZfCMUHRVfs=,K1f7jYDSiH6naYWhcgSleVnk03Q=
-14,28,ksB2pdQvTeLkvpQX3ZfCMUHRVfs=,K1f7jYDSiH6naYWhcgSleVnk03Q=
-13,28,ksB2pdQvTeLkvpQX3ZfCMUHRVfs=,K1f7jYDSiH6naYWhcgSleVnk03Q=
-12,28,ksB2pdQvTeLkvpQX3ZfCMUHRVfs=,K1f7jYDSiH6naYWhcgSleVnk03Q=
-11,28,ksB2pdQvTeLkvpQX3ZfCMUHRVfs=,K1f7jYDSiH6naYWhcgSleVnk03Q=
-10,28,ksB2pdQvTeLkvpQX3ZfCMUHRVfs=,K1f7jYDSiH6naYWhcgSleVnk03Q=
-15,29,ksB2pdQvTeLkvpQX3ZfCMUHRVfs=,K1f7jYDSiH6naYWhcgSleVnk03Q=
-14,29,ksB2pdQvTeLkvpQX3ZfCMUHRVfs=,K1f7jYDSiH6naYWhcgSleVnk03Q=
-13,29,ksB2pdQvTeLkvpQX3ZfCMUHRVfs=,K1f7jYDSiH6naYWhcgSleVnk03Q=
-12,23,ksB2pdQvTeLkvpQX3ZfCMUHRVfs=,S1VvqnRq3Jq/zpqXC3c7Sttu9Eo=
-11,23,ksB2pdQvTeLkvpQX3ZfCMUHRVfs=,S1VvqnRq3Jq/zpqXC3c7Sttu9Eo=
-10,23,ksB2pdQvTeLkvpQX3ZfCMUHRVfs=,S1VvqnRq3Jq/zpqXC3c7Sttu9Eo=
-15,19,ksB2pdQvTeLkvpQX3ZfCMUHRVfs=,S1VvqnRq3Jq/zpqXC3c7Sttu9Eo=
-15,18,ksB2pdQvTeLkvpQX3ZfCMUHRVfs=,S1VvqnRq3Jq/zpqXC3c7Sttu9Eo=
-13,17,ksB2pdQvTeLkvpQX3ZfCMUHRVfs=,S1VvqnRq3Jq/zpqXC3c7Sttu9Eo=
-11,21,ksB2pdQvTeLkvpQX3ZfCMUHRVfs=,S1VvqnRq3Jq/zpqXC3c7Sttu9Eo=
-15,24,ksB2pdQvTeLkvpQX3ZfCMUHRVfs=,K1f7jYDSiH6naYWhcgSleVnk03Q=
-14,24,ksB2pdQvTeLkvpQX3ZfCMUHRVfs=,K1f7jYDSiH6naYWhcgSleVnk03Q=
-13,24,ksB2pdQvTeLkvpQX3ZfCMUHRVfs=,K1f7jYDSiH6naYWhcgSleVnk03Q=
-12,24,ksB2pdQvTeLkvpQX3ZfCMUHRVfs=,K1f7jYDSiH6naYWhcgSleVnk03Q=
-10,20,ksB2pdQvTeLkvpQX3ZfCMUHRVfs=,S1VvqnRq3Jq/zpqXC3c7Sttu9Eo=
-12,17,ksB2pdQvTeLkvpQX3ZfCMUHRVfs=,S1VvqnRq3Jq/zpqXC3c7Sttu9Eo=
-14,19,ksB2pdQvTeLkvpQX3ZfCMUHRVfs=,S1VvqnRq3Jq/zpqXC3c7Sttu9Eo=
-11,17,ksB2pdQvTeLkvpQX3ZfCMUHRVfs=,S1VvqnRq3Jq/zpqXC3c7Sttu9Eo=
-15,17,ksB2pdQvTeLkvpQX3ZfCMUHRVfs=,S1VvqnRq3Jq/zpqXC3c7Sttu9Eo=
-14,17,ksB2pdQvTeLkvpQX3ZfCMUHRVfs=,S1VvqnRq3Jq/zpqXC3c7Sttu9Eo=
-14,18,ksB2pdQvTeLkvpQX3ZfCMUHRVfs=,S1VvqnRq3Jq/zpqXC3c7Sttu9Eo=
-10,21,ksB2pdQvTeLkvpQX3ZfCMUHRVfs=,S1VvqnRq3Jq/zpqXC3c7Sttu9Eo=
-11,24,ksB2pdQvTeLkvpQX3ZfCMUHRVfs=,K1f7jYDSiH6naYWhcgSleVnk03Q=
-10,24,ksB2pdQvTeLkvpQX3ZfCMUHRVfs=,K1f7jYDSiH6naYWhcgSleVnk03Q=
-15,20,ksB2pdQvTeLkvpQX3ZfCMUHRVfs=,S1VvqnRq3Jq/zpqXC3c7Sttu9Eo=
-13,19,ksB2pdQvTeLkvpQX3ZfCMUHRVfs=,S1VvqnRq3Jq/zpqXC3c7Sttu9Eo=
-15,22,ksB2pdQvTeLkvpQX3ZfCMUHRVfs=,S1VvqnRq3Jq/zpqXC3c7Sttu9Eo=
-14,22,ksB2pdQvTeLkvpQX3ZfCMUHRVfs=,S1VvqnRq3Jq/zpqXC3c7Sttu9Eo=
-14,20,ksB2pdQvTeLkvpQX3ZfCMUHRVfs=,S1VvqnRq3Jq/zpqXC3c7Sttu9Eo=
-13,22,ksB2pdQvTeLkvpQX3ZfCMUHRVfs=,S1VvqnRq3Jq/zpqXC3c7Sttu9Eo=
-13,20,ksB2pdQvTeLkvpQX3ZfCMUHRVfs=,S1VvqnRq3Jq/zpqXC3c7Sttu9Eo=
-12,22,ksB2pdQvTeLkvpQX3ZfCMUHRVfs=,S1VvqnRq3Jq/zpqXC3c7Sttu9Eo=
-12,20,ksB2pdQvTeLkvpQX3ZfCMUHRVfs=,S1VvqnRq3Jq/zpqXC3c7Sttu9Eo=
-11,20,ksB2pdQvTeLkvpQX3ZfCMUHRVfs=,S1VvqnRq3Jq/zpqXC3c7Sttu9Eo=
-11,22,ksB2pdQvTeLkvpQX3ZfCMUHRVfs=,S1VvqnRq3Jq/zpqXC3c7Sttu9Eo=
-4,27,ksB2pdQvTeLkvpQX3ZfCMUHRVfs=,M6ojKxBij3tW0Em6B7VuKqu71Z8=
-13,18,ksB2pdQvTeLkvpQX3ZfCMUHRVfs=,S1VvqnRq3Jq/zpqXC3c7Sttu9Eo=
-9,29,ksB2pdQvTeLkvpQX3ZfCMUHRVfs=,K1f7jYDSiH6naYWhcgSleVnk03Q=
-10,22,ksB2pdQvTeLkvpQX3ZfCMUHRVfs=,S1VvqnRq3Jq/zpqXC3c7Sttu9Eo=
-12,18,ksB2pdQvTeLkvpQX3ZfCMUHRVfs=,S1VvqnRq3Jq/zpqXC3c7Sttu9Eo=
-11,18,ksB2pdQvTeLkvpQX3ZfCMUHRVfs=,S1VvqnRq3Jq/zpqXC3c7Sttu9Eo=
-3,27,ksB2pdQvTeLkvpQX3ZfCMUHRVfs=,M6ojKxBij3tW0Em6B7VuKqu71Z8=
-15,23,ksB2pdQvTeLkvpQX3ZfCMUHRVfs=,S1VvqnRq3Jq/zpqXC3c7Sttu9Eo=
-2,27,ksB2pdQvTeLkvpQX3ZfCMUHRVfs=,M6ojKxBij3tW0Em6B7VuKqu71Z8=
-1,27,ksB2pdQvTeLkvpQX3ZfCMUHRVfs=,M6ojKxBij3tW0Em6B7VuKqu71Z8=
-10,18,ksB2pdQvTeLkvpQX3ZfCMUHRVfs=,S1VvqnRq3Jq/zpqXC3c7Sttu9Eo=
-12,19,ksB2pdQvTeLkvpQX3ZfCMUHRVfs=,S1VvqnRq3Jq/zpqXC3c7Sttu9Eo=
-14,23,ksB2pdQvTeLkvpQX3ZfCMUHRVfs=,S1VvqnRq3Jq/zpqXC3c7Sttu9Eo=
-13,23,ksB2pdQvTeLkvpQX3ZfCMUHRVfs=,S1VvqnRq3Jq/zpqXC3c7Sttu9Eo=
-11,19,ksB2pdQvTeLkvpQX3ZfCMUHRVfs=,S1VvqnRq3Jq/zpqXC3c7Sttu9Eo=
-8,28,ksB2pdQvTeLkvpQX3ZfCMUHRVfs=,M6ojKxBij3tW0Em6B7VuKqu71Z8=
-10,17,ksB2pdQvTeLkvpQX3ZfCMUHRVfs=,S1VvqnRq3Jq/zpqXC3c7Sttu9Eo=
-15,21,ksB2pdQvTeLkvpQX3ZfCMUHRVfs=,S1VvqnRq3Jq/zpqXC3c7Sttu9Eo=
-7,28,ksB2pdQvTeLkvpQX3ZfCMUHRVfs=,M6ojKxBij3tW0Em6B7VuKqu71Z8=
-14,21,ksB2pdQvTeLkvpQX3ZfCMUHRVfs=,S1VvqnRq3Jq/zpqXC3c7Sttu9Eo=
-6,28,ksB2pdQvTeLkvpQX3ZfCMUHRVfs=,M6ojKxBij3tW0Em6B7VuKqu71Z8=
-5,27,ksB2pdQvTeLkvpQX3ZfCMUHRVfs=,M6ojKxBij3tW0Em6B7VuKqu71Z8=
-10,19,ksB2pdQvTeLkvpQX3ZfCMUHRVfs=,S1VvqnRq3Jq/zpqXC3c7Sttu9Eo=
-5,28,ksB2pdQvTeLkvpQX3ZfCMUHRVfs=,M6ojKxBij3tW0Em6B7VuKqu71Z8=
-11,16,ksB2pdQvTeLkvpQX3ZfCMUHRVfs=,S1VvqnRq3Jq/zpqXC3c7Sttu9Eo=
-12,21,ksB2pdQvTeLkvpQX3ZfCMUHRVfs=,S1VvqnRq3Jq/zpqXC3c7Sttu9Eo=
-13,21,ksB2pdQvTeLkvpQX3ZfCMUHRVfs=,S1VvqnRq3Jq/zpqXC3c7Sttu9Eo=
-4,28,ksB2pdQvTeLkvpQX3ZfCMUHRVfs=,M6ojKxBij3tW0Em6B7VuKqu71Z8=
-10,16,ksB2pdQvTeLkvpQX3ZfCMUHRVfs=,S1VvqnRq3Jq/zpqXC3c7Sttu9Eo=
-15,16,ksB2pdQvTeLkvpQX3ZfCMUHRVfs=,S1VvqnRq3Jq/zpqXC3c7Sttu9Eo=
-14,16,ksB2pdQvTeLkvpQX3ZfCMUHRVfs=,S1VvqnRq3Jq/zpqXC3c7Sttu9Eo=
-3,28,ksB2pdQvTeLkvpQX3ZfCMUHRVfs=,M6ojKxBij3tW0Em6B7VuKqu71Z8=
-13,16,ksB2pdQvTeLkvpQX3ZfCMUHRVfs=,S1VvqnRq3Jq/zpqXC3c7Sttu9Eo=
-12,16,ksB2pdQvTeLkvpQX3ZfCMUHRVfs=,S1VvqnRq3Jq/zpqXC3c7Sttu9Eo=
-16,21,ksB2pdQvTeLkvpQX3ZfCMUHRVfs=,S1VvqnRq3Jq/zpqXC3c7Sttu9Eo=
-16,17,ksB2pdQvTeLkvpQX3ZfCMUHRVfs=,S1VvqnRq3Jq/zpqXC3c7Sttu9Eo=
-1,28,ksB2pdQvTeLkvpQX3ZfCMUHRVfs=,M6ojKxBij3tW0Em6B7VuKqu71Z8=
-16,30,ksB2pdQvTeLkvpQX3ZfCMUHRVfs=,K1f7jYDSiH6naYWhcgSleVnk03Q=
-2,28,ksB2pdQvTeLkvpQX3ZfCMUHRVfs=,M6ojKxBij3tW0Em6B7VuKqu71Z8=
-16,25,ksB2pdQvTeLkvpQX3ZfCMUHRVfs=,K1f7jYDSiH6naYWhcgSleVnk03Q=
-16,19,ksB2pdQvTeLkvpQX3ZfCMUHRVfs=,S1VvqnRq3Jq/zpqXC3c7Sttu9Eo=
-8,29,ksB2pdQvTeLkvpQX3ZfCMUHRVfs=,M6ojKxBij3tW0Em6B7VuKqu71Z8=
-7,29,ksB2pdQvTeLkvpQX3ZfCMUHRVfs=,M6ojKxBij3tW0Em6B7VuKqu71Z8=
-6,27,ksB2pdQvTeLkvpQX3ZfCMUHRVfs=,M6ojKxBij3tW0Em6B7VuKqu71Z8=
-6,29,ksB2pdQvTeLkvpQX3ZfCMUHRVfs=,M6ojKxBij3tW0Em6B7VuKqu71Z8=
-5,29,ksB2pdQvTeLkvpQX3ZfCMUHRVfs=,M6ojKxBij3tW0Em6B7VuKqu71Z8=
-9,30,ksB2pdQvTeLkvpQX3ZfCMUHRVfs=,K1f7jYDSiH6naYWhcgSleVnk03Q=
-16,20,ksB2pdQvTeLkvpQX3ZfCMUHRVfs=,S1VvqnRq3Jq/zpqXC3c7Sttu9Eo=
-16,22,ksB2pdQvTeLkvpQX3ZfCMUHRVfs=,S1VvqnRq3Jq/zpqXC3c7Sttu9Eo=
-16,18,ksB2pdQvTeLkvpQX3ZfCMUHRVfs=,S1VvqnRq3Jq/zpqXC3c7Sttu9Eo=
-7,27,ksB2pdQvTeLkvpQX3ZfCMUHRVfs=,M6ojKxBij3tW0Em6B7VuKqu71Z8=
-8,27,ksB2pdQvTeLkvpQX3ZfCMUHRVfs=,M6ojKxBij3tW0Em6B7VuKqu71Z8=
-2,26,ksB2pdQvTeLkvpQX3ZfCMUHRVfs=,M6ojKxBij3tW0Em6B7VuKqu71Z8=
-16,24,ksB2pdQvTeLkvpQX3ZfCMUHRVfs=,K1f7jYDSiH6naYWhcgSleVnk03Q=
-1,31,ksB2pdQvTeLkvpQX3ZfCMUHRVfs=,M6ojKxBij3tW0Em6B7VuKqu71Z8=
-16,29,ksB2pdQvTeLkvpQX3ZfCMUHRVfs=,K1f7jYDSiH6naYWhcgSleVnk03Q=
-4,19,ksB2pdQvTeLkvpQX3ZfCMUHRVfs=,H3OwOKjk/2qVYCqMMs6X9T12Hgs=
-9,28,ksB2pdQvTeLkvpQX3ZfCMUHRVfs=,K1f7jYDSiH6naYWhcgSleVnk03Q=
-16,28,ksB2pdQvTeLkvpQX3ZfCMUHRVfs=,K1f7jYDSiH6naYWhcgSleVnk03Q=
-1,23,ksB2pdQvTeLkvpQX3ZfCMUHRVfs=,H3OwOKjk/2qVYCqMMs6X9T12Hgs=
-5,19,ksB2pdQvTeLkvpQX3ZfCMUHRVfs=,H3OwOKjk/2qVYCqMMs6X9T12Hgs=
-15,31,ksB2pdQvTeLkvpQX3ZfCMUHRVfs=,K1f7jYDSiH6naYWhcgSleVnk03Q=
-9,20,ksB2pdQvTeLkvpQX3ZfCMUHRVfs=,S1VvqnRq3Jq/zpqXC3c7Sttu9Eo=
-4,23,ksB2pdQvTeLkvpQX3ZfCMUHRVfs=,H3OwOKjk/2qVYCqMMs6X9T12Hgs=
-9,31,ksB2pdQvTeLkvpQX3ZfCMUHRVfs=,K1f7jYDSiH6naYWhcgSleVnk03Q=
-3,23,ksB2pdQvTeLkvpQX3ZfCMUHRVfs=,H3OwOKjk/2qVYCqMMs6X9T12Hgs=
-1,26,ksB2pdQvTeLkvpQX3ZfCMUHRVfs=,M6ojKxBij3tW0Em6B7VuKqu71Z8=
-11,31,ksB2pdQvTeLkvpQX3ZfCMUHRVfs=,K1f7jYDSiH6naYWhcgSleVnk03Q=
-16,27,ksB2pdQvTeLkvpQX3ZfCMUHRVfs=,K1f7jYDSiH6naYWhcgSleVnk03Q=
-16,23,ksB2pdQvTeLkvpQX3ZfCMUHRVfs=,S1VvqnRq3Jq/zpqXC3c7Sttu9Eo=
-14,31,ksB2pdQvTeLkvpQX3ZfCMUHRVfs=,K1f7jYDSiH6naYWhcgSleVnk03Q=
-10,31,ksB2pdQvTeLkvpQX3ZfCMUHRVfs=,K1f7jYDSiH6naYWhcgSleVnk03Q=
-3,19,ksB2pdQvTeLkvpQX3ZfCMUHRVfs=,H3OwOKjk/2qVYCqMMs6X9T12Hgs=
-8,31,ksB2pdQvTeLkvpQX3ZfCMUHRVfs=,M6ojKxBij3tW0Em6B7VuKqu71Z8=
-6,19,ksB2pdQvTeLkvpQX3ZfCMUHRVfs=,H3OwOKjk/2qVYCqMMs6X9T12Hgs=
-3,26,ksB2pdQvTeLkvpQX3ZfCMUHRVfs=,M6ojKxBij3tW0Em6B7VuKqu71Z8=
-16,26,ksB2pdQvTeLkvpQX3ZfCMUHRVfs=,K1f7jYDSiH6naYWhcgSleVnk03Q=
-13,31,ksB2pdQvTeLkvpQX3ZfCMUHRVfs=,K1f7jYDSiH6naYWhcgSleVnk03Q=
-16,31,ksB2pdQvTeLkvpQX3ZfCMUHRVfs=,K1f7jYDSiH6naYWhcgSleVnk03Q=
-2,23,ksB2pdQvTeLkvpQX3ZfCMUHRVfs=,H3OwOKjk/2qVYCqMMs6X9T12Hgs=
-16,16,ksB2pdQvTeLkvpQX3ZfCMUHRVfs=,S1VvqnRq3Jq/zpqXC3c7Sttu9Eo=
-7,19,ksB2pdQvTeLkvpQX3ZfCMUHRVfs=,H3OwOKjk/2qVYCqMMs6X9T12Hgs=
-2,19,ksB2pdQvTeLkvpQX3ZfCMUHRVfs=,H3OwOKjk/2qVYCqMMs6X9T12Hgs=
-4,26,ksB2pdQvTeLkvpQX3ZfCMUHRVfs=,M6ojKxBij3tW0Em6B7VuKqu71Z8=
-5,23,ksB2pdQvTeLkvpQX3ZfCMUHRVfs=,H3OwOKjk/2qVYCqMMs6X9T12Hgs=
-9,17,ksB2pdQvTeLkvpQX3ZfCMUHRVfs=,S1VvqnRq3Jq/zpqXC3c7Sttu9Eo=
-8,19,ksB2pdQvTeLkvpQX3ZfCMUHRVfs=,H3OwOKjk/2qVYCqMMs6X9T12Hgs=
-6,23,ksB2pdQvTeLkvpQX3ZfCMUHRVfs=,H3OwOKjk/2qVYCqMMs6X9T12Hgs=
-3,18,ksB2pdQvTeLkvpQX3ZfCMUHRVfs=,H3OwOKjk/2qVYCqMMs6X9T12Hgs=
-1,18,ksB2pdQvTeLkvpQX3ZfCMUHRVfs=,H3OwOKjk/2qVYCqMMs6X9T12Hgs=
-4,18,ksB2pdQvTeLkvpQX3ZfCMUHRVfs=,H3OwOKjk/2qVYCqMMs6X9T12Hgs=
-2,18,ksB2pdQvTeLkvpQX3ZfCMUHRVfs=,H3OwOKjk/2qVYCqMMs6X9T12Hgs=
-7,23,ksB2pdQvTeLkvpQX3ZfCMUHRVfs=,H3OwOKjk/2qVYCqMMs6X9T12Hgs=
-1,19,ksB2pdQvTeLkvpQX3ZfCMUHRVfs=,H3OwOKjk/2qVYCqMMs6X9T12Hgs=
-1,22,ksB2pdQvTeLkvpQX3ZfCMUHRVfs=,H3OwOKjk/2qVYCqMMs6X9T12Hgs=
-8,23,ksB2pdQvTeLkvpQX3ZfCMUHRVfs=,H3OwOKjk/2qVYCqMMs6X9T12Hgs=
-5,18,ksB2pdQvTeLkvpQX3ZfCMUHRVfs=,H3OwOKjk/2qVYCqMMs6X9T12Hgs=
-5,26,ksB2pdQvTeLkvpQX3ZfCMUHRVfs=,M6ojKxBij3tW0Em6B7VuKqu71Z8=
-3,22,ksB2pdQvTeLkvpQX3ZfCMUHRVfs=,H3OwOKjk/2qVYCqMMs6X9T12Hgs=
-9,16,ksB2pdQvTeLkvpQX3ZfCMUHRVfs=,S1VvqnRq3Jq/zpqXC3c7Sttu9Eo=
-4,22,ksB2pdQvTeLkvpQX3ZfCMUHRVfs=,H3OwOKjk/2qVYCqMMs6X9T12Hgs=
-5,22,ksB2pdQvTeLkvpQX3ZfCMUHRVfs=,H3OwOKjk/2qVYCqMMs6X9T12Hgs=
-9,18,ksB2pdQvTeLkvpQX3ZfCMUHRVfs=,S1VvqnRq3Jq/zpqXC3c7Sttu9Eo=
-2,31,ksB2pdQvTeLkvpQX3ZfCMUHRVfs=,M6ojKxBij3tW0Em6B7VuKqu71Z8=
-6,22,ksB2pdQvTeLkvpQX3ZfCMUHRVfs=,H3OwOKjk/2qVYCqMMs6X9T12Hgs=
-7,22,ksB2pdQvTeLkvpQX3ZfCMUHRVfs=,H3OwOKjk/2qVYCqMMs6X9T12Hgs=
-8,22,ksB2pdQvTeLkvpQX3ZfCMUHRVfs=,H3OwOKjk/2qVYCqMMs6X9T12Hgs=
-1,21,ksB2pdQvTeLkvpQX3ZfCMUHRVfs=,H3OwOKjk/2qVYCqMMs6X9T12Hgs=
-9,23,ksB2pdQvTeLkvpQX3ZfCMUHRVfs=,S1VvqnRq3Jq/zpqXC3c7Sttu9Eo=
-6,18,ksB2pdQvTeLkvpQX3ZfCMUHRVfs=,H3OwOKjk/2qVYCqMMs6X9T12Hgs=
-7,18,ksB2pdQvTeLkvpQX3ZfCMUHRVfs=,H3OwOKjk/2qVYCqMMs6X9T12Hgs=
-8,18,ksB2pdQvTeLkvpQX3ZfCMUHRVfs=,H3OwOKjk/2qVYCqMMs6X9T12Hgs=
-3,21,ksB2pdQvTeLkvpQX3ZfCMUHRVfs=,H3OwOKjk/2qVYCqMMs6X9T12Hgs=
-4,21,ksB2pdQvTeLkvpQX3ZfCMUHRVfs=,H3OwOKjk/2qVYCqMMs6X9T12Hgs=
-5,21,ksB2pdQvTeLkvpQX3ZfCMUHRVfs=,H3OwOKjk/2qVYCqMMs6X9T12Hgs=
-12,31,ksB2pdQvTeLkvpQX3ZfCMUHRVfs=,K1f7jYDSiH6naYWhcgSleVnk03Q=
-8,20,ksB2pdQvTeLkvpQX3ZfCMUHRVfs=,H3OwOKjk/2qVYCqMMs6X9T12Hgs=
-1,17,ksB2pdQvTeLkvpQX3ZfCMUHRVfs=,H3OwOKjk/2qVYCqMMs6X9T12Hgs=
-1,24,ksB2pdQvTeLkvpQX3ZfCMUHRVfs=,M6ojKxBij3tW0Em6B7VuKqu71Z8=
-2,24,ksB2pdQvTeLkvpQX3ZfCMUHRVfs=,M6ojKxBij3tW0Em6B7VuKqu71Z8=
-3,24,ksB2pdQvTeLkvpQX3ZfCMUHRVfs=,M6ojKxBij3tW0Em6B7VuKqu71Z8=
-4,24,ksB2pdQvTeLkvpQX3ZfCMUHRVfs=,M6ojKxBij3tW0Em6B7VuKqu71Z8=
-2,21,ksB2pdQvTeLkvpQX3ZfCMUHRVfs=,H3OwOKjk/2qVYCqMMs6X9T12Hgs=
-2,17,ksB2pdQvTeLkvpQX3ZfCMUHRVfs=,H3OwOKjk/2qVYCqMMs6X9T12Hgs=
-2,22,ksB2pdQvTeLkvpQX3ZfCMUHRVfs=,H3OwOKjk/2qVYCqMMs6X9T12Hgs=
-5,24,ksB2pdQvTeLkvpQX3ZfCMUHRVfs=,M6ojKxBij3tW0Em6B7VuKqu71Z8=
-3,17,ksB2pdQvTeLkvpQX3ZfCMUHRVfs=,H3OwOKjk/2qVYCqMMs6X9T12Hgs=
-4,17,ksB2pdQvTeLkvpQX3ZfCMUHRVfs=,H3OwOKjk/2qVYCqMMs6X9T12Hgs=
-6,24,ksB2pdQvTeLkvpQX3ZfCMUHRVfs=,M6ojKxBij3tW0Em6B7VuKqu71Z8=
-7,24,ksB2pdQvTeLkvpQX3ZfCMUHRVfs=,M6ojKxBij3tW0Em6B7VuKqu71Z8=
-6,17,ksB2pdQvTeLkvpQX3ZfCMUHRVfs=,H3OwOKjk/2qVYCqMMs6X9T12Hgs=
-5,17,ksB2pdQvTeLkvpQX3ZfCMUHRVfs=,H3OwOKjk/2qVYCqMMs6X9T12Hgs=
-6,26,ksB2pdQvTeLkvpQX3ZfCMUHRVfs=,M6ojKxBij3tW0Em6B7VuKqu71Z8=
-8,24,ksB2pdQvTeLkvpQX3ZfCMUHRVfs=,M6ojKxBij3tW0Em6B7VuKqu71Z8=
-6,21,ksB2pdQvTeLkvpQX3ZfCMUHRVfs=,H3OwOKjk/2qVYCqMMs6X9T12Hgs=
-7,17,ksB2pdQvTeLkvpQX3ZfCMUHRVfs=,H3OwOKjk/2qVYCqMMs6X9T12Hgs=
-8,17,ksB2pdQvTeLkvpQX3ZfCMUHRVfs=,H3OwOKjk/2qVYCqMMs6X9T12Hgs=
-7,26,ksB2pdQvTeLkvpQX3ZfCMUHRVfs=,M6ojKxBij3tW0Em6B7VuKqu71Z8=
-1,16,ksB2pdQvTeLkvpQX3ZfCMUHRVfs=,H3OwOKjk/2qVYCqMMs6X9T12Hgs=
-9,27,ksB2pdQvTeLkvpQX3ZfCMUHRVfs=,K1f7jYDSiH6naYWhcgSleVnk03Q=
-3,16,ksB2pdQvTeLkvpQX3ZfCMUHRVfs=,H3OwOKjk/2qVYCqMMs6X9T12Hgs=
-3,31,ksB2pdQvTeLkvpQX3ZfCMUHRVfs=,M6ojKxBij3tW0Em6B7VuKqu71Z8=
-4,16,ksB2pdQvTeLkvpQX3ZfCMUHRVfs=,H3OwOKjk/2qVYCqMMs6X9T12Hgs=
-5,16,ksB2pdQvTeLkvpQX3ZfCMUHRVfs=,H3OwOKjk/2qVYCqMMs6X9T12Hgs=
-2,16,ksB2pdQvTeLkvpQX3ZfCMUHRVfs=,H3OwOKjk/2qVYCqMMs6X9T12Hgs=
-6,16,ksB2pdQvTeLkvpQX3ZfCMUHRVfs=,H3OwOKjk/2qVYCqMMs6X9T12Hgs=
-7,16,ksB2pdQvTeLkvpQX3ZfCMUHRVfs=,H3OwOKjk/2qVYCqMMs6X9T12Hgs=
-8,16,ksB2pdQvTeLkvpQX3ZfCMUHRVfs=,H3OwOKjk/2qVYCqMMs6X9T12Hgs=
-9,22,ksB2pdQvTeLkvpQX3ZfCMUHRVfs=,S1VvqnRq3Jq/zpqXC3c7Sttu9Eo=
-8,26,ksB2pdQvTeLkvpQX3ZfCMUHRVfs=,M6ojKxBij3tW0Em6B7VuKqu71Z8=
-8,21,ksB2pdQvTeLkvpQX3ZfCMUHRVfs=,H3OwOKjk/2qVYCqMMs6X9T12Hgs=
-9,19,ksB2pdQvTeLkvpQX3ZfCMUHRVfs=,S1VvqnRq3Jq/zpqXC3c7Sttu9Eo=
-2,20,ksB2pdQvTeLkvpQX3ZfCMUHRVfs=,H3OwOKjk/2qVYCqMMs6X9T12Hgs=
-1,20,ksB2pdQvTeLkvpQX3ZfCMUHRVfs=,H3OwOKjk/2qVYCqMMs6X9T12Hgs=
-7,20,ksB2pdQvTeLkvpQX3ZfCMUHRVfs=,H3OwOKjk/2qVYCqMMs6X9T12Hgs=
-4,20,ksB2pdQvTeLkvpQX3ZfCMUHRVfs=,H3OwOKjk/2qVYCqMMs6X9T12Hgs=
-9,21,ksB2pdQvTeLkvpQX3ZfCMUHRVfs=,S1VvqnRq3Jq/zpqXC3c7Sttu9Eo=
-6,20,ksB2pdQvTeLkvpQX3ZfCMUHRVfs=,H3OwOKjk/2qVYCqMMs6X9T12Hgs=
-3,20,ksB2pdQvTeLkvpQX3ZfCMUHRVfs=,H3OwOKjk/2qVYCqMMs6X9T12Hgs=
-1,25,ksB2pdQvTeLkvpQX3ZfCMUHRVfs=,M6ojKxBij3tW0Em6B7VuKqu71Z8=
-5,31,ksB2pdQvTeLkvpQX3ZfCMUHRVfs=,M6ojKxBij3tW0Em6B7VuKqu71Z8=
-4,31,ksB2pdQvTeLkvpQX3ZfCMUHRVfs=,M6ojKxBij3tW0Em6B7VuKqu71Z8=
-6,31,ksB2pdQvTeLkvpQX3ZfCMUHRVfs=,M6ojKxBij3tW0Em6B7VuKqu71Z8=
-2,25,ksB2pdQvTeLkvpQX3ZfCMUHRVfs=,M6ojKxBij3tW0Em6B7VuKqu71Z8=
-4,25,ksB2pdQvTeLkvpQX3ZfCMUHRVfs=,M6ojKxBij3tW0Em6B7VuKqu71Z8=
-5,25,ksB2pdQvTeLkvpQX3ZfCMUHRVfs=,M6ojKxBij3tW0Em6B7VuKqu71Z8=
-6,25,ksB2pdQvTeLkvpQX3ZfCMUHRVfs=,M6ojKxBij3tW0Em6B7VuKqu71Z8=
-7,31,ksB2pdQvTeLkvpQX3ZfCMUHRVfs=,M6ojKxBij3tW0Em6B7VuKqu71Z8=
-3,25,ksB2pdQvTeLkvpQX3ZfCMUHRVfs=,M6ojKxBij3tW0Em6B7VuKqu71Z8=
-5,30,ksB2pdQvTeLkvpQX3ZfCMUHRVfs=,M6ojKxBij3tW0Em6B7VuKqu71Z8=
-6,30,ksB2pdQvTeLkvpQX3ZfCMUHRVfs=,M6ojKxBij3tW0Em6B7VuKqu71Z8=
-8,25,ksB2pdQvTeLkvpQX3ZfCMUHRVfs=,M6ojKxBij3tW0Em6B7VuKqu71Z8=
-7,25,ksB2pdQvTeLkvpQX3ZfCMUHRVfs=,M6ojKxBij3tW0Em6B7VuKqu71Z8=
-9,26,ksB2pdQvTeLkvpQX3ZfCMUHRVfs=,K1f7jYDSiH6naYWhcgSleVnk03Q=
-9,25,ksB2pdQvTeLkvpQX3ZfCMUHRVfs=,K1f7jYDSiH6naYWhcgSleVnk03Q=
-4,30,ksB2pdQvTeLkvpQX3ZfCMUHRVfs=,M6ojKxBij3tW0Em6B7VuKqu71Z8=
-1,30,ksB2pdQvTeLkvpQX3ZfCMUHRVfs=,M6ojKxBij3tW0Em6B7VuKqu71Z8=
-1,29,ksB2pdQvTeLkvpQX3ZfCMUHRVfs=,M6ojKxBij3tW0Em6B7VuKqu71Z8=
-4,29,ksB2pdQvTeLkvpQX3ZfCMUHRVfs=,M6ojKxBij3tW0Em6B7VuKqu71Z8=
-3,30,ksB2pdQvTeLkvpQX3ZfCMUHRVfs=,M6ojKxBij3tW0Em6B7VuKqu71Z8=
-8,30,ksB2pdQvTeLkvpQX3ZfCMUHRVfs=,M6ojKxBij3tW0Em6B7VuKqu71Z8=
-2,30,ksB2pdQvTeLkvpQX3ZfCMUHRVfs=,M6ojKxBij3tW0Em6B7VuKqu71Z8=
-9,24,ksB2pdQvTeLkvpQX3ZfCMUHRVfs=,K1f7jYDSiH6naYWhcgSleVnk03Q=
-3,29,ksB2pdQvTeLkvpQX3ZfCMUHRVfs=,M6ojKxBij3tW0Em6B7VuKqu71Z8=
-7,30,ksB2pdQvTeLkvpQX3ZfCMUHRVfs=,M6ojKxBij3tW0Em6B7VuKqu71Z8=
-2,29,ksB2pdQvTeLkvpQX3ZfCMUHRVfs=,M6ojKxBij3tW0Em6B7VuKqu71Z8=
-7,21,ksB2pdQvTeLkvpQX3ZfCMUHRVfs=,H3OwOKjk/2qVYCqMMs6X9T12Hgs=
-5,20,ksB2pdQvTeLkvpQX3ZfCMUHRVfs=,H3OwOKjk/2qVYCqMMs6X9T12Hgs=
-4,3,ksB2pdQvTeLkvpQX3ZfCMUHRVfs=,idH2wjNDdAGKsAY8RjL4TzTl0zY=
-3,3,ksB2pdQvTeLkvpQX3ZfCMUHRVfs=,idH2wjNDdAGKsAY8RjL4TzTl0zY=
-2,3,ksB2pdQvTeLkvpQX3ZfCMUHRVfs=,idH2wjNDdAGKsAY8RjL4TzTl0zY=
-7,4,ksB2pdQvTeLkvpQX3ZfCMUHRVfs=,idH2wjNDdAGKsAY8RjL4TzTl0zY=
-4,13,ksB2pdQvTeLkvpQX3ZfCMUHRVfs=,Y0QLCECNS4SaoZyNKr5A1Z2J5uc=
-3,13,cIGKYT9H1DSkMnIXZFxOHcIBvIM=,Y0QLCECNS4SaoZyNKr5A1Z2J5uc=
-6,3,cIGKYT9H1DSkMnIXZFxOHcIBvIM=,idH2wjNDdAGKsAY8RjL4TzTl0zY=
-5,3,cIGKYT9H1DSkMnIXZFxOHcIBvIM=,idH2wjNDdAGKsAY8RjL4TzTl0zY=
-4,2,cIGKYT9H1DSkMnIXZFxOHcIBvIM=,idH2wjNDdAGKsAY8RjL4TzTl0zY=
-7,3,cIGKYT9H1DSkMnIXZFxOHcIBvIM=,idH2wjNDdAGKsAY8RjL4TzTl0zY=
-2,13,cIGKYT9H1DSkMnIXZFxOHcIBvIM=,Y0QLCECNS4SaoZyNKr5A1Z2J5uc=
-5,2,cIGKYT9H1DSkMnIXZFxOHcIBvIM=,idH2wjNDdAGKsAY8RjL4TzTl0zY=
-15,9,cIGKYT9H1DSkMnIXZFxOHcIBvIM=,G8aRZ4zJyeP8eHzOOHadn8u0Gy8=
-3,2,cIGKYT9H1DSkMnIXZFxOHcIBvIM=,idH2wjNDdAGKsAY8RjL4TzTl0zY=
-2,2,cIGKYT9H1DSkMnIXZFxOHcIBvIM=,idH2wjNDdAGKsAY8RjL4TzTl0zY=
-8,13,cIGKYT9H1DSkMnIXZFxOHcIBvIM=,Y0QLCECNS4SaoZyNKr5A1Z2J5uc=
-9,14,cIGKYT9H1DSkMnIXZFxOHcIBvIM=,G8aRZ4zJyeP8eHzOOHadn8u0Gy8=
-10,14,cIGKYT9H1DSkMnIXZFxOHcIBvIM=,G8aRZ4zJyeP8eHzOOHadn8u0Gy8=
-7,8,cIGKYT9H1DSkMnIXZFxOHcIBvIM=,Y0QLCECNS4SaoZyNKr5A1Z2J5uc=
-2,1,cIGKYT9H1DSkMnIXZFxOHcIBvIM=,idH2wjNDdAGKsAY8RjL4TzTl0zY=
-7,2,cIGKYT9H1DSkMnIXZFxOHcIBvIM=,idH2wjNDdAGKsAY8RjL4TzTl0zY=
-6,2,cIGKYT9H1DSkMnIXZFxOHcIBvIM=,idH2wjNDdAGKsAY8RjL4TzTl0zY=
-14,9,cIGKYT9H1DSkMnIXZFxOHcIBvIM=,G8aRZ4zJyeP8eHzOOHadn8u0Gy8=
-11,14,cIGKYT9H1DSkMnIXZFxOHcIBvIM=,G8aRZ4zJyeP8eHzOOHadn8u0Gy8=
-3,1,cIGKYT9H1DSkMnIXZFxOHcIBvIM=,idH2wjNDdAGKsAY8RjL4TzTl0zY=
-12,14,cIGKYT9H1DSkMnIXZFxOHcIBvIM=,G8aRZ4zJyeP8eHzOOHadn8u0Gy8=
-13,14,cIGKYT9H1DSkMnIXZFxOHcIBvIM=,G8aRZ4zJyeP8eHzOOHadn8u0Gy8=
-14,14,cIGKYT9H1DSkMnIXZFxOHcIBvIM=,G8aRZ4zJyeP8eHzOOHadn8u0Gy8=
-13,9,cIGKYT9H1DSkMnIXZFxOHcIBvIM=,G8aRZ4zJyeP8eHzOOHadn8u0Gy8=
-9,13,cIGKYT9H1DSkMnIXZFxOHcIBvIM=,G8aRZ4zJyeP8eHzOOHadn8u0Gy8=
-4,1,cIGKYT9H1DSkMnIXZFxOHcIBvIM=,idH2wjNDdAGKsAY8RjL4TzTl0zY=
-15,14,cIGKYT9H1DSkMnIXZFxOHcIBvIM=,G8aRZ4zJyeP8eHzOOHadn8u0Gy8=
-8,12,cIGKYT9H1DSkMnIXZFxOHcIBvIM=,Y0QLCECNS4SaoZyNKr5A1Z2J5uc=
-5,1,cIGKYT9H1DSkMnIXZFxOHcIBvIM=,idH2wjNDdAGKsAY8RjL4TzTl0zY=
-11,13,cIGKYT9H1DSkMnIXZFxOHcIBvIM=,G8aRZ4zJyeP8eHzOOHadn8u0Gy8=
-12,13,cIGKYT9H1DSkMnIXZFxOHcIBvIM=,G8aRZ4zJyeP8eHzOOHadn8u0Gy8=
-12,9,cIGKYT9H1DSkMnIXZFxOHcIBvIM=,G8aRZ4zJyeP8eHzOOHadn8u0Gy8=
-6,1,cIGKYT9H1DSkMnIXZFxOHcIBvIM=,idH2wjNDdAGKsAY8RjL4TzTl0zY=
-7,1,cIGKYT9H1DSkMnIXZFxOHcIBvIM=,idH2wjNDdAGKsAY8RjL4TzTl0zY=
-13,13,cIGKYT9H1DSkMnIXZFxOHcIBvIM=,G8aRZ4zJyeP8eHzOOHadn8u0Gy8=
-2,6,cIGKYT9H1DSkMnIXZFxOHcIBvIM=,idH2wjNDdAGKsAY8RjL4TzTl0zY=
-14,13,cIGKYT9H1DSkMnIXZFxOHcIBvIM=,G8aRZ4zJyeP8eHzOOHadn8u0Gy8=
-9,12,cIGKYT9H1DSkMnIXZFxOHcIBvIM=,G8aRZ4zJyeP8eHzOOHadn8u0Gy8=
-10,12,cIGKYT9H1DSkMnIXZFxOHcIBvIM=,G8aRZ4zJyeP8eHzOOHadn8u0Gy8=
-15,13,cIGKYT9H1DSkMnIXZFxOHcIBvIM=,G8aRZ4zJyeP8eHzOOHadn8u0Gy8=
-11,9,cIGKYT9H1DSkMnIXZFxOHcIBvIM=,G8aRZ4zJyeP8eHzOOHadn8u0Gy8=
-13,12,cIGKYT9H1DSkMnIXZFxOHcIBvIM=,G8aRZ4zJyeP8eHzOOHadn8u0Gy8=
-12,12,cIGKYT9H1DSkMnIXZFxOHcIBvIM=,G8aRZ4zJyeP8eHzOOHadn8u0Gy8=
-5,13,cIGKYT9H1DSkMnIXZFxOHcIBvIM=,Y0QLCECNS4SaoZyNKr5A1Z2J5uc=
-3,6,cIGKYT9H1DSkMnIXZFxOHcIBvIM=,idH2wjNDdAGKsAY8RjL4TzTl0zY=
-15,12,cIGKYT9H1DSkMnIXZFxOHcIBvIM=,G8aRZ4zJyeP8eHzOOHadn8u0Gy8=
-14,12,cIGKYT9H1DSkMnIXZFxOHcIBvIM=,G8aRZ4zJyeP8eHzOOHadn8u0Gy8=
-4,6,cIGKYT9H1DSkMnIXZFxOHcIBvIM=,idH2wjNDdAGKsAY8RjL4TzTl0zY=
-11,12,cIGKYT9H1DSkMnIXZFxOHcIBvIM=,G8aRZ4zJyeP8eHzOOHadn8u0Gy8=
-10,9,cIGKYT9H1DSkMnIXZFxOHcIBvIM=,G8aRZ4zJyeP8eHzOOHadn8u0Gy8=
-10,11,cIGKYT9H1DSkMnIXZFxOHcIBvIM=,G8aRZ4zJyeP8eHzOOHadn8u0Gy8=
-11,11,cIGKYT9H1DSkMnIXZFxOHcIBvIM=,G8aRZ4zJyeP8eHzOOHadn8u0Gy8=
-5,6,cIGKYT9H1DSkMnIXZFxOHcIBvIM=,idH2wjNDdAGKsAY8RjL4TzTl0zY=
-6,6,cIGKYT9H1DSkMnIXZFxOHcIBvIM=,idH2wjNDdAGKsAY8RjL4TzTl0zY=
-12,11,cIGKYT9H1DSkMnIXZFxOHcIBvIM=,G8aRZ4zJyeP8eHzOOHadn8u0Gy8=
-6,13,cIGKYT9H1DSkMnIXZFxOHcIBvIM=,Y0QLCECNS4SaoZyNKr5A1Z2J5uc=
-8,11,cIGKYT9H1DSkMnIXZFxOHcIBvIM=,Y0QLCECNS4SaoZyNKr5A1Z2J5uc=
-7,6,cIGKYT9H1DSkMnIXZFxOHcIBvIM=,idH2wjNDdAGKsAY8RjL4TzTl0zY=
-2,5,cIGKYT9H1DSkMnIXZFxOHcIBvIM=,idH2wjNDdAGKsAY8RjL4TzTl0zY=
-13,11,cIGKYT9H1DSkMnIXZFxOHcIBvIM=,G8aRZ4zJyeP8eHzOOHadn8u0Gy8=
-8,10,cIGKYT9H1DSkMnIXZFxOHcIBvIM=,Y0QLCECNS4SaoZyNKr5A1Z2J5uc=
-3,5,cIGKYT9H1DSkMnIXZFxOHcIBvIM=,idH2wjNDdAGKsAY8RjL4TzTl0zY=
-8,14,cIGKYT9H1DSkMnIXZFxOHcIBvIM=,Y0QLCECNS4SaoZyNKr5A1Z2J5uc=
-14,11,cIGKYT9H1DSkMnIXZFxOHcIBvIM=,G8aRZ4zJyeP8eHzOOHadn8u0Gy8=
-10,10,cIGKYT9H1DSkMnIXZFxOHcIBvIM=,G8aRZ4zJyeP8eHzOOHadn8u0Gy8=
-9,10,cIGKYT9H1DSkMnIXZFxOHcIBvIM=,G8aRZ4zJyeP8eHzOOHadn8u0Gy8=
-11,10,cIGKYT9H1DSkMnIXZFxOHcIBvIM=,G8aRZ4zJyeP8eHzOOHadn8u0Gy8=
-4,5,cIGKYT9H1DSkMnIXZFxOHcIBvIM=,idH2wjNDdAGKsAY8RjL4TzTl0zY=
-5,5,cIGKYT9H1DSkMnIXZFxOHcIBvIM=,idH2wjNDdAGKsAY8RjL4TzTl0zY=
-14,10,cIGKYT9H1DSkMnIXZFxOHcIBvIM=,G8aRZ4zJyeP8eHzOOHadn8u0Gy8=
-15,11,cIGKYT9H1DSkMnIXZFxOHcIBvIM=,G8aRZ4zJyeP8eHzOOHadn8u0Gy8=
-7,13,cIGKYT9H1DSkMnIXZFxOHcIBvIM=,Y0QLCECNS4SaoZyNKr5A1Z2J5uc=
-9,11,cIGKYT9H1DSkMnIXZFxOHcIBvIM=,G8aRZ4zJyeP8eHzOOHadn8u0Gy8=
-9,9,cIGKYT9H1DSkMnIXZFxOHcIBvIM=,G8aRZ4zJyeP8eHzOOHadn8u0Gy8=
-12,10,cIGKYT9H1DSkMnIXZFxOHcIBvIM=,G8aRZ4zJyeP8eHzOOHadn8u0Gy8=
-13,10,cIGKYT9H1DSkMnIXZFxOHcIBvIM=,G8aRZ4zJyeP8eHzOOHadn8u0Gy8=
-7,5,cIGKYT9H1DSkMnIXZFxOHcIBvIM=,idH2wjNDdAGKsAY8RjL4TzTl0zY=
-6,5,cIGKYT9H1DSkMnIXZFxOHcIBvIM=,idH2wjNDdAGKsAY8RjL4TzTl0zY=
-3,4,cIGKYT9H1DSkMnIXZFxOHcIBvIM=,idH2wjNDdAGKsAY8RjL4TzTl0zY=
-2,4,cIGKYT9H1DSkMnIXZFxOHcIBvIM=,idH2wjNDdAGKsAY8RjL4TzTl0zY=
-4,4,cIGKYT9H1DSkMnIXZFxOHcIBvIM=,idH2wjNDdAGKsAY8RjL4TzTl0zY=
-15,10,cIGKYT9H1DSkMnIXZFxOHcIBvIM=,G8aRZ4zJyeP8eHzOOHadn8u0Gy8=
-5,4,cIGKYT9H1DSkMnIXZFxOHcIBvIM=,idH2wjNDdAGKsAY8RjL4TzTl0zY=
-7,14,cIGKYT9H1DSkMnIXZFxOHcIBvIM=,Y0QLCECNS4SaoZyNKr5A1Z2J5uc=
-6,4,cIGKYT9H1DSkMnIXZFxOHcIBvIM=,idH2wjNDdAGKsAY8RjL4TzTl0zY=
-12,7,cIGKYT9H1DSkMnIXZFxOHcIBvIM=,l2TxWv+k+7GY5Sf1HZz1+DmdOtE=
-6,14,cIGKYT9H1DSkMnIXZFxOHcIBvIM=,Y0QLCECNS4SaoZyNKr5A1Z2J5uc=
-14,1,cIGKYT9H1DSkMnIXZFxOHcIBvIM=,l2TxWv+k+7GY5Sf1HZz1+DmdOtE=
-11,7,cIGKYT9H1DSkMnIXZFxOHcIBvIM=,l2TxWv+k+7GY5Sf1HZz1+DmdOtE=
-2,7,cIGKYT9H1DSkMnIXZFxOHcIBvIM=,idH2wjNDdAGKsAY8RjL4TzTl0zY=
-3,7,cIGKYT9H1DSkMnIXZFxOHcIBvIM=,idH2wjNDdAGKsAY8RjL4TzTl0zY=
-9,5,cIGKYT9H1DSkMnIXZFxOHcIBvIM=,l2TxWv+k+7GY5Sf1HZz1+DmdOtE=
-15,3,cIGKYT9H1DSkMnIXZFxOHcIBvIM=,l2TxWv+k+7GY5Sf1HZz1+DmdOtE=
-5,14,cIGKYT9H1DSkMnIXZFxOHcIBvIM=,Y0QLCECNS4SaoZyNKr5A1Z2J5uc=
-2,12,cIGKYT9H1DSkMnIXZFxOHcIBvIM=,Y0QLCECNS4SaoZyNKr5A1Z2J5uc=
-10,7,cIGKYT9H1DSkMnIXZFxOHcIBvIM=,l2TxWv+k+7GY5Sf1HZz1+DmdOtE=
-8,9,cIGKYT9H1DSkMnIXZFxOHcIBvIM=,Y0QLCECNS4SaoZyNKr5A1Z2J5uc=
-8,3,cIGKYT9H1DSkMnIXZFxOHcIBvIM=,idH2wjNDdAGKsAY8RjL4TzTl0zY=
-3,12,cIGKYT9H1DSkMnIXZFxOHcIBvIM=,Y0QLCECNS4SaoZyNKr5A1Z2J5uc=
-6,8,cIGKYT9H1DSkMnIXZFxOHcIBvIM=,Y0QLCECNS4SaoZyNKr5A1Z2J5uc=
-11,6,cIGKYT9H1DSkMnIXZFxOHcIBvIM=,l2TxWv+k+7GY5Sf1HZz1+DmdOtE=
-10,5,cIGKYT9H1DSkMnIXZFxOHcIBvIM=,l2TxWv+k+7GY5Sf1HZz1+DmdOtE=
-13,2,cIGKYT9H1DSkMnIXZFxOHcIBvIM=,l2TxWv+k+7GY5Sf1HZz1+DmdOtE=
-8,7,cIGKYT9H1DSkMnIXZFxOHcIBvIM=,idH2wjNDdAGKsAY8RjL4TzTl0zY=
-13,7,cIGKYT9H1DSkMnIXZFxOHcIBvIM=,l2TxWv+k+7GY5Sf1HZz1+DmdOtE=
-5,8,cIGKYT9H1DSkMnIXZFxOHcIBvIM=,Y0QLCECNS4SaoZyNKr5A1Z2J5uc=
-8,2,cIGKYT9H1DSkMnIXZFxOHcIBvIM=,idH2wjNDdAGKsAY8RjL4TzTl0zY=
-6,12,cIGKYT9H1DSkMnIXZFxOHcIBvIM=,Y0QLCECNS4SaoZyNKr5A1Z2J5uc=
-4,12,cIGKYT9H1DSkMnIXZFxOHcIBvIM=,Y0QLCECNS4SaoZyNKr5A1Z2J5uc=
-12,6,cIGKYT9H1DSkMnIXZFxOHcIBvIM=,l2TxWv+k+7GY5Sf1HZz1+DmdOtE=
-11,5,cIGKYT9H1DSkMnIXZFxOHcIBvIM=,l2TxWv+k+7GY5Sf1HZz1+DmdOtE=
-5,12,cIGKYT9H1DSkMnIXZFxOHcIBvIM=,Y0QLCECNS4SaoZyNKr5A1Z2J5uc=
-4,8,cIGKYT9H1DSkMnIXZFxOHcIBvIM=,Y0QLCECNS4SaoZyNKr5A1Z2J5uc=
-12,5,cIGKYT9H1DSkMnIXZFxOHcIBvIM=,l2TxWv+k+7GY5Sf1HZz1+DmdOtE=
-12,2,cIGKYT9H1DSkMnIXZFxOHcIBvIM=,l2TxWv+k+7GY5Sf1HZz1+DmdOtE=
-10,13,cIGKYT9H1DSkMnIXZFxOHcIBvIM=,G8aRZ4zJyeP8eHzOOHadn8u0Gy8=
-4,14,cIGKYT9H1DSkMnIXZFxOHcIBvIM=,Y0QLCECNS4SaoZyNKr5A1Z2J5uc=
-14,2,cIGKYT9H1DSkMnIXZFxOHcIBvIM=,l2TxWv+k+7GY5Sf1HZz1+DmdOtE=
-4,7,cIGKYT9H1DSkMnIXZFxOHcIBvIM=,idH2wjNDdAGKsAY8RjL4TzTl0zY=
-8,1,cIGKYT9H1DSkMnIXZFxOHcIBvIM=,idH2wjNDdAGKsAY8RjL4TzTl0zY=
-13,5,cIGKYT9H1DSkMnIXZFxOHcIBvIM=,l2TxWv+k+7GY5Sf1HZz1+DmdOtE=
-9,7,cIGKYT9H1DSkMnIXZFxOHcIBvIM=,l2TxWv+k+7GY5Sf1HZz1+DmdOtE=
-13,6,cIGKYT9H1DSkMnIXZFxOHcIBvIM=,l2TxWv+k+7GY5Sf1HZz1+DmdOtE=
-3,8,cIGKYT9H1DSkMnIXZFxOHcIBvIM=,Y0QLCECNS4SaoZyNKr5A1Z2J5uc=
-14,5,cIGKYT9H1DSkMnIXZFxOHcIBvIM=,l2TxWv+k+7GY5Sf1HZz1+DmdOtE=
-15,2,cIGKYT9H1DSkMnIXZFxOHcIBvIM=,l2TxWv+k+7GY5Sf1HZz1+DmdOtE=
-13,1,cIGKYT9H1DSkMnIXZFxOHcIBvIM=,l2TxWv+k+7GY5Sf1HZz1+DmdOtE=
-15,1,cIGKYT9H1DSkMnIXZFxOHcIBvIM=,l2TxWv+k+7GY5Sf1HZz1+DmdOtE=
-15,8,cIGKYT9H1DSkMnIXZFxOHcIBvIM=,G8aRZ4zJyeP8eHzOOHadn8u0Gy8=
-9,4,cIGKYT9H1DSkMnIXZFxOHcIBvIM=,l2TxWv+k+7GY5Sf1HZz1+DmdOtE=
-2,8,cIGKYT9H1DSkMnIXZFxOHcIBvIM=,Y0QLCECNS4SaoZyNKr5A1Z2J5uc=
-10,4,cIGKYT9H1DSkMnIXZFxOHcIBvIM=,l2TxWv+k+7GY5Sf1HZz1+DmdOtE=
-12,4,cIGKYT9H1DSkMnIXZFxOHcIBvIM=,l2TxWv+k+7GY5Sf1HZz1+DmdOtE=
-11,4,cIGKYT9H1DSkMnIXZFxOHcIBvIM=,l2TxWv+k+7GY5Sf1HZz1+DmdOtE=
-14,3,cIGKYT9H1DSkMnIXZFxOHcIBvIM=,l2TxWv+k+7GY5Sf1HZz1+DmdOtE=
-7,9,cIGKYT9H1DSkMnIXZFxOHcIBvIM=,Y0QLCECNS4SaoZyNKr5A1Z2J5uc=
-6,7,cIGKYT9H1DSkMnIXZFxOHcIBvIM=,idH2wjNDdAGKsAY8RjL4TzTl0zY=
-14,4,cIGKYT9H1DSkMnIXZFxOHcIBvIM=,l2TxWv+k+7GY5Sf1HZz1+DmdOtE=
-13,4,cIGKYT9H1DSkMnIXZFxOHcIBvIM=,l2TxWv+k+7GY5Sf1HZz1+DmdOtE=
-7,7,cIGKYT9H1DSkMnIXZFxOHcIBvIM=,idH2wjNDdAGKsAY8RjL4TzTl0zY=
-5,7,cIGKYT9H1DSkMnIXZFxOHcIBvIM=,idH2wjNDdAGKsAY8RjL4TzTl0zY=
-14,6,cIGKYT9H1DSkMnIXZFxOHcIBvIM=,l2TxWv+k+7GY5Sf1HZz1+DmdOtE=
-6,9,cIGKYT9H1DSkMnIXZFxOHcIBvIM=,Y0QLCECNS4SaoZyNKr5A1Z2J5uc=
-9,3,cIGKYT9H1DSkMnIXZFxOHcIBvIM=,l2TxWv+k+7GY5Sf1HZz1+DmdOtE=
-7,12,cIGKYT9H1DSkMnIXZFxOHcIBvIM=,Y0QLCECNS4SaoZyNKr5A1Z2J5uc=
-2,11,cIGKYT9H1DSkMnIXZFxOHcIBvIM=,Y0QLCECNS4SaoZyNKr5A1Z2J5uc=
-9,1,cIGKYT9H1DSkMnIXZFxOHcIBvIM=,l2TxWv+k+7GY5Sf1HZz1+DmdOtE=
-16,5,cIGKYT9H1DSkMnIXZFxOHcIBvIM=,l2TxWv+k+7GY5Sf1HZz1+DmdOtE=
-5,9,cIGKYT9H1DSkMnIXZFxOHcIBvIM=,Y0QLCECNS4SaoZyNKr5A1Z2J5uc=
-16,3,cIGKYT9H1DSkMnIXZFxOHcIBvIM=,l2TxWv+k+7GY5Sf1HZz1+DmdOtE=
-4,11,cIGKYT9H1DSkMnIXZFxOHcIBvIM=,Y0QLCECNS4SaoZyNKr5A1Z2J5uc=
-3,11,cIGKYT9H1DSkMnIXZFxOHcIBvIM=,Y0QLCECNS4SaoZyNKr5A1Z2J5uc=
-16,2,cIGKYT9H1DSkMnIXZFxOHcIBvIM=,l2TxWv+k+7GY5Sf1HZz1+DmdOtE=
-14,8,cIGKYT9H1DSkMnIXZFxOHcIBvIM=,G8aRZ4zJyeP8eHzOOHadn8u0Gy8=
-5,11,cIGKYT9H1DSkMnIXZFxOHcIBvIM=,Y0QLCECNS4SaoZyNKr5A1Z2J5uc=
-4,9,cIGKYT9H1DSkMnIXZFxOHcIBvIM=,Y0QLCECNS4SaoZyNKr5A1Z2J5uc=
-16,6,cIGKYT9H1DSkMnIXZFxOHcIBvIM=,l2TxWv+k+7GY5Sf1HZz1+DmdOtE=
-15,4,cIGKYT9H1DSkMnIXZFxOHcIBvIM=,l2TxWv+k+7GY5Sf1HZz1+DmdOtE=
-16,4,cIGKYT9H1DSkMnIXZFxOHcIBvIM=,l2TxWv+k+7GY5Sf1HZz1+DmdOtE=
-3,9,cIGKYT9H1DSkMnIXZFxOHcIBvIM=,Y0QLCECNS4SaoZyNKr5A1Z2J5uc=
-15,6,cIGKYT9H1DSkMnIXZFxOHcIBvIM=,l2TxWv+k+7GY5Sf1HZz1+DmdOtE=
-10,2,cIGKYT9H1DSkMnIXZFxOHcIBvIM=,l2TxWv+k+7GY5Sf1HZz1+DmdOtE=
-10,3,cIGKYT9H1DSkMnIXZFxOHcIBvIM=,l2TxWv+k+7GY5Sf1HZz1+DmdOtE=
-9,2,cIGKYT9H1DSkMnIXZFxOHcIBvIM=,l2TxWv+k+7GY5Sf1HZz1+DmdOtE=
-6,11,cIGKYT9H1DSkMnIXZFxOHcIBvIM=,Y0QLCECNS4SaoZyNKr5A1Z2J5uc=
-12,1,cIGKYT9H1DSkMnIXZFxOHcIBvIM=,l2TxWv+k+7GY5Sf1HZz1+DmdOtE=
-11,3,cIGKYT9H1DSkMnIXZFxOHcIBvIM=,l2TxWv+k+7GY5Sf1HZz1+DmdOtE=
-2,9,cIGKYT9H1DSkMnIXZFxOHcIBvIM=,Y0QLCECNS4SaoZyNKr5A1Z2J5uc=
-10,1,cIGKYT9H1DSkMnIXZFxOHcIBvIM=,l2TxWv+k+7GY5Sf1HZz1+DmdOtE=
-15,7,cIGKYT9H1DSkMnIXZFxOHcIBvIM=,l2TxWv+k+7GY5Sf1HZz1+DmdOtE=
-7,11,cIGKYT9H1DSkMnIXZFxOHcIBvIM=,Y0QLCECNS4SaoZyNKr5A1Z2J5uc=
-2,14,cIGKYT9H1DSkMnIXZFxOHcIBvIM=,Y0QLCECNS4SaoZyNKr5A1Z2J5uc=
-13,8,cIGKYT9H1DSkMnIXZFxOHcIBvIM=,G8aRZ4zJyeP8eHzOOHadn8u0Gy8=
-7,10,cIGKYT9H1DSkMnIXZFxOHcIBvIM=,Y0QLCECNS4SaoZyNKr5A1Z2J5uc=
-15,5,cIGKYT9H1DSkMnIXZFxOHcIBvIM=,l2TxWv+k+7GY5Sf1HZz1+DmdOtE=
-16,1,cIGKYT9H1DSkMnIXZFxOHcIBvIM=,l2TxWv+k+7GY5Sf1HZz1+DmdOtE=
-8,5,cIGKYT9H1DSkMnIXZFxOHcIBvIM=,idH2wjNDdAGKsAY8RjL4TzTl0zY=
-11,2,cIGKYT9H1DSkMnIXZFxOHcIBvIM=,l2TxWv+k+7GY5Sf1HZz1+DmdOtE=
-2,10,cIGKYT9H1DSkMnIXZFxOHcIBvIM=,Y0QLCECNS4SaoZyNKr5A1Z2J5uc=
-9,6,cIGKYT9H1DSkMnIXZFxOHcIBvIM=,l2TxWv+k+7GY5Sf1HZz1+DmdOtE=
-11,1,cIGKYT9H1DSkMnIXZFxOHcIBvIM=,l2TxWv+k+7GY5Sf1HZz1+DmdOtE=
-10,6,cIGKYT9H1DSkMnIXZFxOHcIBvIM=,l2TxWv+k+7GY5Sf1HZz1+DmdOtE=
-6,10,cIGKYT9H1DSkMnIXZFxOHcIBvIM=,Y0QLCECNS4SaoZyNKr5A1Z2J5uc=
-9,8,cIGKYT9H1DSkMnIXZFxOHcIBvIM=,G8aRZ4zJyeP8eHzOOHadn8u0Gy8=
-8,8,cIGKYT9H1DSkMnIXZFxOHcIBvIM=,Y0QLCECNS4SaoZyNKr5A1Z2J5uc=
-10,8,cIGKYT9H1DSkMnIXZFxOHcIBvIM=,G8aRZ4zJyeP8eHzOOHadn8u0Gy8=
-12,3,cIGKYT9H1DSkMnIXZFxOHcIBvIM=,l2TxWv+k+7GY5Sf1HZz1+DmdOtE=
-8,4,cIGKYT9H1DSkMnIXZFxOHcIBvIM=,idH2wjNDdAGKsAY8RjL4TzTl0zY=
-13,3,cIGKYT9H1DSkMnIXZFxOHcIBvIM=,l2TxWv+k+7GY5Sf1HZz1+DmdOtE=
-5,10,cIGKYT9H1DSkMnIXZFxOHcIBvIM=,Y0QLCECNS4SaoZyNKr5A1Z2J5uc=
-12,8,cIGKYT9H1DSkMnIXZFxOHcIBvIM=,G8aRZ4zJyeP8eHzOOHadn8u0Gy8=
-3,14,cIGKYT9H1DSkMnIXZFxOHcIBvIM=,Y0QLCECNS4SaoZyNKr5A1Z2J5uc=
-11,8,cIGKYT9H1DSkMnIXZFxOHcIBvIM=,G8aRZ4zJyeP8eHzOOHadn8u0Gy8=
-8,6,cIGKYT9H1DSkMnIXZFxOHcIBvIM=,idH2wjNDdAGKsAY8RjL4TzTl0zY=
-3,10,cIGKYT9H1DSkMnIXZFxOHcIBvIM=,Y0QLCECNS4SaoZyNKr5A1Z2J5uc=
-4,10,cIGKYT9H1DSkMnIXZFxOHcIBvIM=,Y0QLCECNS4SaoZyNKr5A1Z2J5uc=
-10,0,cIGKYT9H1DSkMnIXZFxOHcIBvIM=,l2TxWv+k+7GY5Sf1HZz1+DmdOtE=
-14,7,cIGKYT9H1DSkMnIXZFxOHcIBvIM=,l2TxWv+k+7GY5Sf1HZz1+DmdOtE=
-14,0,cIGKYT9H1DSkMnIXZFxOHcIBvIM=,l2TxWv+k+7GY5Sf1HZz1+DmdOtE=
-11,0,cIGKYT9H1DSkMnIXZFxOHcIBvIM=,l2TxWv+k+7GY5Sf1HZz1+DmdOtE=
-9,0,cIGKYT9H1DSkMnIXZFxOHcIBvIM=,l2TxWv+k+7GY5Sf1HZz1+DmdOtE=
-3,0,cIGKYT9H1DSkMnIXZFxOHcIBvIM=,idH2wjNDdAGKsAY8RjL4TzTl0zY=
-2,0,cIGKYT9H1DSkMnIXZFxOHcIBvIM=,idH2wjNDdAGKsAY8RjL4TzTl0zY=
-4,0,cIGKYT9H1DSkMnIXZFxOHcIBvIM=,idH2wjNDdAGKsAY8RjL4TzTl0zY=
-13,0,cIGKYT9H1DSkMnIXZFxOHcIBvIM=,l2TxWv+k+7GY5Sf1HZz1+DmdOtE=
-8,0,cIGKYT9H1DSkMnIXZFxOHcIBvIM=,idH2wjNDdAGKsAY8RjL4TzTl0zY=
-6,0,cIGKYT9H1DSkMnIXZFxOHcIBvIM=,idH2wjNDdAGKsAY8RjL4TzTl0zY=
-5,0,cIGKYT9H1DSkMnIXZFxOHcIBvIM=,idH2wjNDdAGKsAY8RjL4TzTl0zY=
-7,0,cIGKYT9H1DSkMnIXZFxOHcIBvIM=,idH2wjNDdAGKsAY8RjL4TzTl0zY=
-1,13,cIGKYT9H1DSkMnIXZFxOHcIBvIM=,Y0QLCECNS4SaoZyNKr5A1Z2J5uc=
-15,0,cIGKYT9H1DSkMnIXZFxOHcIBvIM=,l2TxWv+k+7GY5Sf1HZz1+DmdOtE=
-12,0,cIGKYT9H1DSkMnIXZFxOHcIBvIM=,l2TxWv+k+7GY5Sf1HZz1+DmdOtE=
-7,15,cIGKYT9H1DSkMnIXZFxOHcIBvIM=,Y0QLCECNS4SaoZyNKr5A1Z2J5uc=
-1,9,cIGKYT9H1DSkMnIXZFxOHcIBvIM=,Y0QLCECNS4SaoZyNKr5A1Z2J5uc=
-2,15,cIGKYT9H1DSkMnIXZFxOHcIBvIM=,Y0QLCECNS4SaoZyNKr5A1Z2J5uc=
-5,15,cIGKYT9H1DSkMnIXZFxOHcIBvIM=,Y0QLCECNS4SaoZyNKr5A1Z2J5uc=
-6,15,cIGKYT9H1DSkMnIXZFxOHcIBvIM=,Y0QLCECNS4SaoZyNKr5A1Z2J5uc=
-1,10,cIGKYT9H1DSkMnIXZFxOHcIBvIM=,Y0QLCECNS4SaoZyNKr5A1Z2J5uc=
-3,15,cIGKYT9H1DSkMnIXZFxOHcIBvIM=,Y0QLCECNS4SaoZyNKr5A1Z2J5uc=
-1,12,cIGKYT9H1DSkMnIXZFxOHcIBvIM=,Y0QLCECNS4SaoZyNKr5A1Z2J5uc=
-1,14,cIGKYT9H1DSkMnIXZFxOHcIBvIM=,Y0QLCECNS4SaoZyNKr5A1Z2J5uc=
-14,15,cIGKYT9H1DSkMnIXZFxOHcIBvIM=,G8aRZ4zJyeP8eHzOOHadn8u0Gy8=
-1,11,cIGKYT9H1DSkMnIXZFxOHcIBvIM=,Y0QLCECNS4SaoZyNKr5A1Z2J5uc=
-13,15,cIGKYT9H1DSkMnIXZFxOHcIBvIM=,G8aRZ4zJyeP8eHzOOHadn8u0Gy8=
-15,15,cIGKYT9H1DSkMnIXZFxOHcIBvIM=,G8aRZ4zJyeP8eHzOOHadn8u0Gy8=
-16,15,cIGKYT9H1DSkMnIXZFxOHcIBvIM=,G8aRZ4zJyeP8eHzOOHadn8u0Gy8=
-8,15,cIGKYT9H1DSkMnIXZFxOHcIBvIM=,Y0QLCECNS4SaoZyNKr5A1Z2J5uc=
-10,15,cIGKYT9H1DSkMnIXZFxOHcIBvIM=,G8aRZ4zJyeP8eHzOOHadn8u0Gy8=
-16,8,cIGKYT9H1DSkMnIXZFxOHcIBvIM=,G8aRZ4zJyeP8eHzOOHadn8u0Gy8=
-11,15,cIGKYT9H1DSkMnIXZFxOHcIBvIM=,G8aRZ4zJyeP8eHzOOHadn8u0Gy8=
-9,15,cIGKYT9H1DSkMnIXZFxOHcIBvIM=,G8aRZ4zJyeP8eHzOOHadn8u0Gy8=
-1,15,cIGKYT9H1DSkMnIXZFxOHcIBvIM=,Y0QLCECNS4SaoZyNKr5A1Z2J5uc=
-16,14,cIGKYT9H1DSkMnIXZFxOHcIBvIM=,G8aRZ4zJyeP8eHzOOHadn8u0Gy8=
-16,0,cIGKYT9H1DSkMnIXZFxOHcIBvIM=,l2TxWv+k+7GY5Sf1HZz1+DmdOtE=
-16,9,cIGKYT9H1DSkMnIXZFxOHcIBvIM=,G8aRZ4zJyeP8eHzOOHadn8u0Gy8=
-16,11,cIGKYT9H1DSkMnIXZFxOHcIBvIM=,G8aRZ4zJyeP8eHzOOHadn8u0Gy8=
-16,12,cIGKYT9H1DSkMnIXZFxOHcIBvIM=,G8aRZ4zJyeP8eHzOOHadn8u0Gy8=
-16,13,cIGKYT9H1DSkMnIXZFxOHcIBvIM=,G8aRZ4zJyeP8eHzOOHadn8u0Gy8=
-16,7,cIGKYT9H1DSkMnIXZFxOHcIBvIM=,l2TxWv+k+7GY5Sf1HZz1+DmdOtE=
-1,7,cIGKYT9H1DSkMnIXZFxOHcIBvIM=,idH2wjNDdAGKsAY8RjL4TzTl0zY=
-1,3,cIGKYT9H1DSkMnIXZFxOHcIBvIM=,idH2wjNDdAGKsAY8RjL4TzTl0zY=
-1,0,cIGKYT9H1DSkMnIXZFxOHcIBvIM=,idH2wjNDdAGKsAY8RjL4TzTl0zY=
-1,5,cIGKYT9H1DSkMnIXZFxOHcIBvIM=,idH2wjNDdAGKsAY8RjL4TzTl0zY=
-4,15,cIGKYT9H1DSkMnIXZFxOHcIBvIM=,Y0QLCECNS4SaoZyNKr5A1Z2J5uc=
-1,1,cIGKYT9H1DSkMnIXZFxOHcIBvIM=,idH2wjNDdAGKsAY8RjL4TzTl0zY=
-1,8,cIGKYT9H1DSkMnIXZFxOHcIBvIM=,Y0QLCECNS4SaoZyNKr5A1Z2J5uc=
-1,4,cIGKYT9H1DSkMnIXZFxOHcIBvIM=,idH2wjNDdAGKsAY8RjL4TzTl0zY=
-16,10,cIGKYT9H1DSkMnIXZFxOHcIBvIM=,G8aRZ4zJyeP8eHzOOHadn8u0Gy8=
-12,15,cIGKYT9H1DSkMnIXZFxOHcIBvIM=,G8aRZ4zJyeP8eHzOOHadn8u0Gy8=
-1,6,cIGKYT9H1DSkMnIXZFxOHcIBvIM=,idH2wjNDdAGKsAY8RjL4TzTl0zY=
-1,2,cIGKYT9H1DSkMnIXZFxOHcIBvIM=,idH2wjNDdAGKsAY8RjL4TzTl0zY=
