-44,-11,RnzorqlBXJZcdNr9EqkNmZE7fzk=,WTiHCS7u6UdsIPAf7vJ7AU/46bw=
-45,-11,RnzorqlBXJZcdNr9EqkNmZE7fzk=,WTiHCS7u6UdsIPAf7vJ7AU/46bw=
-46,-11,RnzorqlBXJZcdNr9EqkNmZE7fzk=,WTiHCS7u6UdsIPAf7vJ7AU/46bw=
-47,-11,RnzorqlBXJZcdNr9EqkNmZE7fzk=,WTiHCS7u6UdsIPAf7vJ7AU/46bw=
-42,-12,RnzorqlBXJZcdNr9EqkNmZE7fzk=,WTiHCS7u6UdsIPAf7vJ7AU/46bw=
-43,-12,RnzorqlBXJZcdNr9EqkNmZE7fzk=,WTiHCS7u6UdsIPAf7vJ7AU/46bw=
-36,-3,RnzorqlBXJZcdNr9EqkNmZE7fzk=,ecYmjw3UE6m8Xg41CKgPE9DoSJw=
-35,-3,RnzorqlBXJZcdNr9EqkNmZE7fzk=,ecYmjw3UE6m8Xg41CKgPE9DoSJw=
-44,-12,RnzorqlBXJZcdNr9EqkNmZE7fzk=,WTiHCS7u6UdsIPAf7vJ7AU/46bw=
-45,-12,RnzorqlBXJZcdNr9EqkNmZE7fzk=,WTiHCS7u6UdsIPAf7vJ7AU/46bw=
-46,-12,RnzorqlBXJZcdNr9EqkNmZE7fzk=,WTiHCS7u6UdsIPAf7vJ7AU/46bw=
-47,-12,RnzorqlBXJZcdNr9EqkNmZE7fzk=,WTiHCS7u6UdsIPAf7vJ7AU/46bw=
-39,-7,RnzorqlBXJZcdNr9EqkNmZE7fzk=,ecYmjw3UE6m8Xg41CKgPE9DoSJw=
-34,-4,RnzorqlBXJZcdNr9EqkNmZE7fzk=,ecYmjw3UE6m8Xg41CKgPE9DoSJw=
-34,-3,RnzorqlBXJZcdNr9EqkNmZE7fzk=,ecYmjw3UE6m8Xg41CKgPE9DoSJw=
-42,-13,RnzorqlBXJZcdNr9EqkNmZE7fzk=,WTiHCS7u6UdsIPAf7vJ7AU/46bw=
-39,-2,RnzorqlBXJZcdNr9EqkNmZE7fzk=,ecYmjw3UE6m8Xg41CKgPE9DoSJw=
-38,-2,RnzorqlBXJZcdNr9EqkNmZE7fzk=,ecYmjw3UE6m8Xg41CKgPE9DoSJw=
-39,-5,RnzorqlBXJZcdNr9EqkNmZE7fzk=,ecYmjw3UE6m8Xg41CKgPE9DoSJw=
-37,-2,RnzorqlBXJZcdNr9EqkNmZE7fzk=,ecYmjw3UE6m8Xg41CKgPE9DoSJw=
-36,-2,RnzorqlBXJZcdNr9EqkNmZE7fzk=,ecYmjw3UE6m8Xg41CKgPE9DoSJw=
-35,-2,RnzorqlBXJZcdNr9EqkNmZE7fzk=,ecYmjw3UE6m8Xg41CKgPE9DoSJw=
-39,-6,RnzorqlBXJZcdNr9EqkNmZE7fzk=,ecYmjw3UE6m8Xg41CKgPE9DoSJw=
-34,-2,RnzorqlBXJZcdNr9EqkNmZE7fzk=,ecYmjw3UE6m8Xg41CKgPE9DoSJw=
-39,-4,RnzorqlBXJZcdNr9EqkNmZE7fzk=,ecYmjw3UE6m8Xg41CKgPE9DoSJw=
-38,-5,RnzorqlBXJZcdNr9EqkNmZE7fzk=,ecYmjw3UE6m8Xg41CKgPE9DoSJw=
-37,-5,RnzorqlBXJZcdNr9EqkNmZE7fzk=,ecYmjw3UE6m8Xg41CKgPE9DoSJw=
-43,-13,RnzorqlBXJZcdNr9EqkNmZE7fzk=,WTiHCS7u6UdsIPAf7vJ7AU/46bw=
-44,-13,RnzorqlBXJZcdNr9EqkNmZE7fzk=,WTiHCS7u6UdsIPAf7vJ7AU/46bw=
-38,-6,RnzorqlBXJZcdNr9EqkNmZE7fzk=,ecYmjw3UE6m8Xg41CKgPE9DoSJw=
-38,-4,RnzorqlBXJZcdNr9EqkNmZE7fzk=,ecYmjw3UE6m8Xg41CKgPE9DoSJw=
-36,-5,RnzorqlBXJZcdNr9EqkNmZE7fzk=,ecYmjw3UE6m8Xg41CKgPE9DoSJw=
-45,-13,RnzorqlBXJZcdNr9EqkNmZE7fzk=,WTiHCS7u6UdsIPAf7vJ7AU/46bw=
-46,-13,RnzorqlBXJZcdNr9EqkNmZE7fzk=,WTiHCS7u6UdsIPAf7vJ7AU/46bw=
-47,-13,RnzorqlBXJZcdNr9EqkNmZE7fzk=,WTiHCS7u6UdsIPAf7vJ7AU/46bw=
-42,-14,RnzorqlBXJZcdNr9EqkNmZE7fzk=,WTiHCS7u6UdsIPAf7vJ7AU/46bw=
-43,-14,RnzorqlBXJZcdNr9EqkNmZE7fzk=,WTiHCS7u6UdsIPAf7vJ7AU/46bw=
-44,-14,RnzorqlBXJZcdNr9EqkNmZE7fzk=,WTiHCS7u6UdsIPAf7vJ7AU/46bw=
-45,-14,RnzorqlBXJZcdNr9EqkNmZE7fzk=,WTiHCS7u6UdsIPAf7vJ7AU/46bw=
-46,-14,RnzorqlBXJZcdNr9EqkNmZE7fzk=,WTiHCS7u6UdsIPAf7vJ7AU/46bw=
-47,-14,RnzorqlBXJZcdNr9EqkNmZE7fzk=,WTiHCS7u6UdsIPAf7vJ7AU/46bw=
-37,-6,RnzorqlBXJZcdNr9EqkNmZE7fzk=,ecYmjw3UE6m8Xg41CKgPE9DoSJw=
-42,-10,RnzorqlBXJZcdNr9EqkNmZE7fzk=,WTiHCS7u6UdsIPAf7vJ7AU/46bw=
-37,-4,RnzorqlBXJZcdNr9EqkNmZE7fzk=,ecYmjw3UE6m8Xg41CKgPE9DoSJw=
-36,-6,RnzorqlBXJZcdNr9EqkNmZE7fzk=,ecYmjw3UE6m8Xg41CKgPE9DoSJw=
-36,-4,RnzorqlBXJZcdNr9EqkNmZE7fzk=,ecYmjw3UE6m8Xg41CKgPE9DoSJw=
-43,-10,RnzorqlBXJZcdNr9EqkNmZE7fzk=,WTiHCS7u6UdsIPAf7vJ7AU/46bw=
-42,-15,RnzorqlBXJZcdNr9EqkNmZE7fzk=,WTiHCS7u6UdsIPAf7vJ7AU/46bw=
-43,-15,RnzorqlBXJZcdNr9EqkNmZE7fzk=,WTiHCS7u6UdsIPAf7vJ7AU/46bw=
-44,-15,RnzorqlBXJZcdNr9EqkNmZE7fzk=,WTiHCS7u6UdsIPAf7vJ7AU/46bw=
-45,-15,RnzorqlBXJZcdNr9EqkNmZE7fzk=,WTiHCS7u6UdsIPAf7vJ7AU/46bw=
-46,-15,RnzorqlBXJZcdNr9EqkNmZE7fzk=,WTiHCS7u6UdsIPAf7vJ7AU/46bw=
-47,-15,RnzorqlBXJZcdNr9EqkNmZE7fzk=,WTiHCS7u6UdsIPAf7vJ7AU/46bw=
-35,-6,RnzorqlBXJZcdNr9EqkNmZE7fzk=,ecYmjw3UE6m8Xg41CKgPE9DoSJw=
-39,-3,RnzorqlBXJZcdNr9EqkNmZE7fzk=,ecYmjw3UE6m8Xg41CKgPE9DoSJw=
-35,-5,RnzorqlBXJZcdNr9EqkNmZE7fzk=,ecYmjw3UE6m8Xg41CKgPE9DoSJw=
-44,-10,RnzorqlBXJZcdNr9EqkNmZE7fzk=,WTiHCS7u6UdsIPAf7vJ7AU/46bw=
-34,-5,RnzorqlBXJZcdNr9EqkNmZE7fzk=,ecYmjw3UE6m8Xg41CKgPE9DoSJw=
-45,-10,RnzorqlBXJZcdNr9EqkNmZE7fzk=,WTiHCS7u6UdsIPAf7vJ7AU/46bw=
-46,-10,RnzorqlBXJZcdNr9EqkNmZE7fzk=,WTiHCS7u6UdsIPAf7vJ7AU/46bw=
-47,-10,RnzorqlBXJZcdNr9EqkNmZE7fzk=,WTiHCS7u6UdsIPAf7vJ7AU/46bw=
-42,-11,RnzorqlBXJZcdNr9EqkNmZE7fzk=,WTiHCS7u6UdsIPAf7vJ7AU/46bw=
-43,-11,RnzorqlBXJZcdNr9EqkNmZE7fzk=,WTiHCS7u6UdsIPAf7vJ7AU/46bw=
-34,-6,RnzorqlBXJZcdNr9EqkNmZE7fzk=,ecYmjw3UE6m8Xg41CKgPE9DoSJw=
-35,-4,RnzorqlBXJZcdNr9EqkNmZE7fzk=,ecYmjw3UE6m8Xg41CKgPE9DoSJw=
-38,-3,RnzorqlBXJZcdNr9EqkNmZE7fzk=,ecYmjw3UE6m8Xg41CKgPE9DoSJw=
-38,-7,RnzorqlBXJZcdNr9EqkNmZE7fzk=,ecYmjw3UE6m8Xg41CKgPE9DoSJw=
-37,-3,RnzorqlBXJZcdNr9EqkNmZE7fzk=,ecYmjw3UE6m8Xg41CKgPE9DoSJw=
-37,-7,RnzorqlBXJZcdNr9EqkNmZE7fzk=,ecYmjw3UE6m8Xg41CKgPE9DoSJw=
-36,-7,RnzorqlBXJZcdNr9EqkNmZE7fzk=,ecYmjw3UE6m8Xg41CKgPE9DoSJw=
-35,-7,RnzorqlBXJZcdNr9EqkNmZE7fzk=,ecYmjw3UE6m8Xg41CKgPE9DoSJw=
-34,-7,RnzorqlBXJZcdNr9EqkNmZE7fzk=,ecYmjw3UE6m8Xg41CKgPE9DoSJw=
-39,-1,RnzorqlBXJZcdNr9EqkNmZE7fzk=,ecYmjw3UE6m8Xg41CKgPE9DoSJw=
-38,-1,RnzorqlBXJZcdNr9EqkNmZE7fzk=,ecYmjw3UE6m8Xg41CKgPE9DoSJw=
-44,-5,RnzorqlBXJZcdNr9EqkNmZE7fzk=,xnyV6tnN68YEXuNt9tJVBVK2tjI=
-33,-3,RnzorqlBXJZcdNr9EqkNmZE7fzk=,ecYmjw3UE6m8Xg41CKgPE9DoSJw=
-37,-1,RnzorqlBXJZcdNr9EqkNmZE7fzk=,ecYmjw3UE6m8Xg41CKgPE9DoSJw=
-33,-2,RnzorqlBXJZcdNr9EqkNmZE7fzk=,ecYmjw3UE6m8Xg41CKgPE9DoSJw=
-33,-4,RnzorqlBXJZcdNr9EqkNmZE7fzk=,ecYmjw3UE6m8Xg41CKgPE9DoSJw=
-43,-5,RnzorqlBXJZcdNr9EqkNmZE7fzk=,xnyV6tnN68YEXuNt9tJVBVK2tjI=
-36,-1,RnzorqlBXJZcdNr9EqkNmZE7fzk=,ecYmjw3UE6m8Xg41CKgPE9DoSJw=
-42,-5,RnzorqlBXJZcdNr9EqkNmZE7fzk=,xnyV6tnN68YEXuNt9tJVBVK2tjI=
-40,-5,RnzorqlBXJZcdNr9EqkNmZE7fzk=,ecYmjw3UE6m8Xg41CKgPE9DoSJw=
-33,-6,RnzorqlBXJZcdNr9EqkNmZE7fzk=,ecYmjw3UE6m8Xg41CKgPE9DoSJw=
-48,-10,RnzorqlBXJZcdNr9EqkNmZE7fzk=,WTiHCS7u6UdsIPAf7vJ7AU/46bw=
-40,-7,RnzorqlBXJZcdNr9EqkNmZE7fzk=,ecYmjw3UE6m8Xg41CKgPE9DoSJw=
-40,-4,RnzorqlBXJZcdNr9EqkNmZE7fzk=,ecYmjw3UE6m8Xg41CKgPE9DoSJw=
-48,-15,RnzorqlBXJZcdNr9EqkNmZE7fzk=,WTiHCS7u6UdsIPAf7vJ7AU/46bw=
-33,-5,RnzorqlBXJZcdNr9EqkNmZE7fzk=,ecYmjw3UE6m8Xg41CKgPE9DoSJw=
-35,-1,RnzorqlBXJZcdNr9EqkNmZE7fzk=,ecYmjw3UE6m8Xg41CKgPE9DoSJw=
-34,-1,RnzorqlBXJZcdNr9EqkNmZE7fzk=,ecYmjw3UE6m8Xg41CKgPE9DoSJw=
-48,-14,RnzorqlBXJZcdNr9EqkNmZE7fzk=,WTiHCS7u6UdsIPAf7vJ7AU/46bw=
-48,-9,RnzorqlBXJZcdNr9EqkNmZE7fzk=,WTiHCS7u6UdsIPAf7vJ7AU/46bw=
-48,-13,RnzorqlBXJZcdNr9EqkNmZE7fzk=,WTiHCS7u6UdsIPAf7vJ7AU/46bw=
-48,-8,RnzorqlBXJZcdNr9EqkNmZE7fzk=,xnyV6tnN68YEXuNt9tJVBVK2tjI=
-48,-11,RnzorqlBXJZcdNr9EqkNmZE7fzk=,WTiHCS7u6UdsIPAf7vJ7AU/46bw=
-33,-7,RnzorqlBXJZcdNr9EqkNmZE7fzk=,ecYmjw3UE6m8Xg41CKgPE9DoSJw=
-40,-2,RnzorqlBXJZcdNr9EqkNmZE7fzk=,ecYmjw3UE6m8Xg41CKgPE9DoSJw=
-47,-16,RnzorqlBXJZcdNr9EqkNmZE7fzk=,WTiHCS7u6UdsIPAf7vJ7AU/46bw=
-44,-16,RnzorqlBXJZcdNr9EqkNmZE7fzk=,WTiHCS7u6UdsIPAf7vJ7AU/46bw=
-48,-16,RnzorqlBXJZcdNr9EqkNmZE7fzk=,WTiHCS7u6UdsIPAf7vJ7AU/46bw=
-48,-12,RnzorqlBXJZcdNr9EqkNmZE7fzk=,WTiHCS7u6UdsIPAf7vJ7AU/46bw=
-40,-6,RnzorqlBXJZcdNr9EqkNmZE7fzk=,ecYmjw3UE6m8Xg41CKgPE9DoSJw=
-46,-16,RnzorqlBXJZcdNr9EqkNmZE7fzk=,WTiHCS7u6UdsIPAf7vJ7AU/46bw=
-46,-5,RnzorqlBXJZcdNr9EqkNmZE7fzk=,xnyV6tnN68YEXuNt9tJVBVK2tjI=
-43,-16,RnzorqlBXJZcdNr9EqkNmZE7fzk=,WTiHCS7u6UdsIPAf7vJ7AU/46bw=
-45,-5,RnzorqlBXJZcdNr9EqkNmZE7fzk=,xnyV6tnN68YEXuNt9tJVBVK2tjI=
-41,-5,RnzorqlBXJZcdNr9EqkNmZE7fzk=,xnyV6tnN68YEXuNt9tJVBVK2tjI=
-41,-6,RnzorqlBXJZcdNr9EqkNmZE7fzk=,xnyV6tnN68YEXuNt9tJVBVK2tjI=
-42,-16,RnzorqlBXJZcdNr9EqkNmZE7fzk=,WTiHCS7u6UdsIPAf7vJ7AU/46bw=
-42,-6,RnzorqlBXJZcdNr9EqkNmZE7fzk=,xnyV6tnN68YEXuNt9tJVBVK2tjI=
-45,-16,RnzorqlBXJZcdNr9EqkNmZE7fzk=,WTiHCS7u6UdsIPAf7vJ7AU/46bw=
-43,-6,RnzorqlBXJZcdNr9EqkNmZE7fzk=,xnyV6tnN68YEXuNt9tJVBVK2tjI=
-48,-1,RnzorqlBXJZcdNr9EqkNmZE7fzk=,xnyV6tnN68YEXuNt9tJVBVK2tjI=
-42,-1,RnzorqlBXJZcdNr9EqkNmZE7fzk=,xnyV6tnN68YEXuNt9tJVBVK2tjI=
-41,-1,RnzorqlBXJZcdNr9EqkNmZE7fzk=,xnyV6tnN68YEXuNt9tJVBVK2tjI=
-43,-1,RnzorqlBXJZcdNr9EqkNmZE7fzk=,xnyV6tnN68YEXuNt9tJVBVK2tjI=
-47,-5,RnzorqlBXJZcdNr9EqkNmZE7fzk=,xnyV6tnN68YEXuNt9tJVBVK2tjI=
-47,-1,RnzorqlBXJZcdNr9EqkNmZE7fzk=,xnyV6tnN68YEXuNt9tJVBVK2tjI=
-33,-1,RnzorqlBXJZcdNr9EqkNmZE7fzk=,ecYmjw3UE6m8Xg41CKgPE9DoSJw=
-48,-5,RnzorqlBXJZcdNr9EqkNmZE7fzk=,xnyV6tnN68YEXuNt9tJVBVK2tjI=
-44,-1,RnzorqlBXJZcdNr9EqkNmZE7fzk=,xnyV6tnN68YEXuNt9tJVBVK2tjI=
-48,-4,RnzorqlBXJZcdNr9EqkNmZE7fzk=,xnyV6tnN68YEXuNt9tJVBVK2tjI=
-44,-6,RnzorqlBXJZcdNr9EqkNmZE7fzk=,xnyV6tnN68YEXuNt9tJVBVK2tjI=
-46,-1,RnzorqlBXJZcdNr9EqkNmZE7fzk=,xnyV6tnN68YEXuNt9tJVBVK2tjI=
-45,-1,RnzorqlBXJZcdNr9EqkNmZE7fzk=,xnyV6tnN68YEXuNt9tJVBVK2tjI=
-46,-2,RnzorqlBXJZcdNr9EqkNmZE7fzk=,xnyV6tnN68YEXuNt9tJVBVK2tjI=
-47,-2,RnzorqlBXJZcdNr9EqkNmZE7fzk=,xnyV6tnN68YEXuNt9tJVBVK2tjI=
-45,-6,RnzorqlBXJZcdNr9EqkNmZE7fzk=,xnyV6tnN68YEXuNt9tJVBVK2tjI=
-47,-4,RnzorqlBXJZcdNr9EqkNmZE7fzk=,xnyV6tnN68YEXuNt9tJVBVK2tjI=
-41,-2,RnzorqlBXJZcdNr9EqkNmZE7fzk=,xnyV6tnN68YEXuNt9tJVBVK2tjI=
-46,-4,RnzorqlBXJZcdNr9EqkNmZE7fzk=,xnyV6tnN68YEXuNt9tJVBVK2tjI=
-45,-4,RnzorqlBXJZcdNr9EqkNmZE7fzk=,xnyV6tnN68YEXuNt9tJVBVK2tjI=
-46,-6,RnzorqlBXJZcdNr9EqkNmZE7fzk=,xnyV6tnN68YEXuNt9tJVBVK2tjI=
-44,-2,RnzorqlBXJZcdNr9EqkNmZE7fzk=,xnyV6tnN68YEXuNt9tJVBVK2tjI=
-42,-7,RnzorqlBXJZcdNr9EqkNmZE7fzk=,xnyV6tnN68YEXuNt9tJVBVK2tjI=
-47,-6,RnzorqlBXJZcdNr9EqkNmZE7fzk=,xnyV6tnN68YEXuNt9tJVBVK2tjI=
-45,-2,RnzorqlBXJZcdNr9EqkNmZE7fzk=,xnyV6tnN68YEXuNt9tJVBVK2tjI=
-42,-2,RnzorqlBXJZcdNr9EqkNmZE7fzk=,xnyV6tnN68YEXuNt9tJVBVK2tjI=
-41,-7,RnzorqlBXJZcdNr9EqkNmZE7fzk=,xnyV6tnN68YEXuNt9tJVBVK2tjI=
-45,-3,RnzorqlBXJZcdNr9EqkNmZE7fzk=,xnyV6tnN68YEXuNt9tJVBVK2tjI=
-48,-2,RnzorqlBXJZcdNr9EqkNmZE7fzk=,xnyV6tnN68YEXuNt9tJVBVK2tjI=
-46,-3,RnzorqlBXJZcdNr9EqkNmZE7fzk=,xnyV6tnN68YEXuNt9tJVBVK2tjI=
-47,-3,RnzorqlBXJZcdNr9EqkNmZE7fzk=,xnyV6tnN68YEXuNt9tJVBVK2tjI=
-48,-6,RnzorqlBXJZcdNr9EqkNmZE7fzk=,xnyV6tnN68YEXuNt9tJVBVK2tjI=
-44,-3,RnzorqlBXJZcdNr9EqkNmZE7fzk=,xnyV6tnN68YEXuNt9tJVBVK2tjI=
-43,-7,RnzorqlBXJZcdNr9EqkNmZE7fzk=,xnyV6tnN68YEXuNt9tJVBVK2tjI=
-43,-2,RnzorqlBXJZcdNr9EqkNmZE7fzk=,xnyV6tnN68YEXuNt9tJVBVK2tjI=
-41,-3,RnzorqlBXJZcdNr9EqkNmZE7fzk=,xnyV6tnN68YEXuNt9tJVBVK2tjI=
-40,-1,RnzorqlBXJZcdNr9EqkNmZE7fzk=,ecYmjw3UE6m8Xg41CKgPE9DoSJw=
-48,-3,RnzorqlBXJZcdNr9EqkNmZE7fzk=,xnyV6tnN68YEXuNt9tJVBVK2tjI=
-44,-7,RnzorqlBXJZcdNr9EqkNmZE7fzk=,xnyV6tnN68YEXuNt9tJVBVK2tjI=
-42,-3,RnzorqlBXJZcdNr9EqkNmZE7fzk=,xnyV6tnN68YEXuNt9tJVBVK2tjI=
-42,-8,RnzorqlBXJZcdNr9EqkNmZE7fzk=,xnyV6tnN68YEXuNt9tJVBVK2tjI=
-45,-7,RnzorqlBXJZcdNr9EqkNmZE7fzk=,xnyV6tnN68YEXuNt9tJVBVK2tjI=
-46,-7,RnzorqlBXJZcdNr9EqkNmZE7fzk=,xnyV6tnN68YEXuNt9tJVBVK2tjI=
-41,-4,RnzorqlBXJZcdNr9EqkNmZE7fzk=,xnyV6tnN68YEXuNt9tJVBVK2tjI=
-44,-4,RnzorqlBXJZcdNr9EqkNmZE7fzk=,xnyV6tnN68YEXuNt9tJVBVK2tjI=
-43,-3,RnzorqlBXJZcdNr9EqkNmZE7fzk=,xnyV6tnN68YEXuNt9tJVBVK2tjI=
-47,-7,RnzorqlBXJZcdNr9EqkNmZE7fzk=,xnyV6tnN68YEXuNt9tJVBVK2tjI=
-48,-7,RnzorqlBXJZcdNr9EqkNmZE7fzk=,xnyV6tnN68YEXuNt9tJVBVK2tjI=
-47,-9,RnzorqlBXJZcdNr9EqkNmZE7fzk=,WTiHCS7u6UdsIPAf7vJ7AU/46bw=
-43,-8,RnzorqlBXJZcdNr9EqkNmZE7fzk=,xnyV6tnN68YEXuNt9tJVBVK2tjI=
-42,-4,RnzorqlBXJZcdNr9EqkNmZE7fzk=,xnyV6tnN68YEXuNt9tJVBVK2tjI=
-44,-8,RnzorqlBXJZcdNr9EqkNmZE7fzk=,xnyV6tnN68YEXuNt9tJVBVK2tjI=
-45,-8,RnzorqlBXJZcdNr9EqkNmZE7fzk=,xnyV6tnN68YEXuNt9tJVBVK2tjI=
-46,-8,RnzorqlBXJZcdNr9EqkNmZE7fzk=,xnyV6tnN68YEXuNt9tJVBVK2tjI=
-43,-4,RnzorqlBXJZcdNr9EqkNmZE7fzk=,xnyV6tnN68YEXuNt9tJVBVK2tjI=
-46,-9,RnzorqlBXJZcdNr9EqkNmZE7fzk=,WTiHCS7u6UdsIPAf7vJ7AU/46bw=
-42,-9,RnzorqlBXJZcdNr9EqkNmZE7fzk=,WTiHCS7u6UdsIPAf7vJ7AU/46bw=
-47,-8,RnzorqlBXJZcdNr9EqkNmZE7fzk=,xnyV6tnN68YEXuNt9tJVBVK2tjI=
-43,-9,RnzorqlBXJZcdNr9EqkNmZE7fzk=,WTiHCS7u6UdsIPAf7vJ7AU/46bw=
-40,-3,RnzorqlBXJZcdNr9EqkNmZE7fzk=,ecYmjw3UE6m8Xg41CKgPE9DoSJw=
-44,-9,RnzorqlBXJZcdNr9EqkNmZE7fzk=,WTiHCS7u6UdsIPAf7vJ7AU/46bw=
-37,-8,RnzorqlBXJZcdNr9EqkNmZE7fzk=,ecYmjw3UE6m8Xg41CKgPE9DoSJw=
-45,-9,RnzorqlBXJZcdNr9EqkNmZE7fzk=,WTiHCS7u6UdsIPAf7vJ7AU/46bw=
-33,-9,RnzorqlBXJZcdNr9EqkNmZE7fzk=,IIxpLWqABilXM7oi5vUa6pZVvLM=
-38,-13,RnzorqlBXJZcdNr9EqkNmZE7fzk=,IIxpLWqABilXM7oi5vUa6pZVvLM=
-37,-13,RnzorqlBXJZcdNr9EqkNmZE7fzk=,IIxpLWqABilXM7oi5vUa6pZVvLM=
-39,-13,RnzorqlBXJZcdNr9EqkNmZE7fzk=,IIxpLWqABilXM7oi5vUa6pZVvLM=
-34,-9,RnzorqlBXJZcdNr9EqkNmZE7fzk=,IIxpLWqABilXM7oi5vUa6pZVvLM=
-41,-12,RnzorqlBXJZcdNr9EqkNmZE7fzk=,WTiHCS7u6UdsIPAf7vJ7AU/46bw=
-33,-14,RnzorqlBXJZcdNr9EqkNmZE7fzk=,IIxpLWqABilXM7oi5vUa6pZVvLM=
-36,-13,RnzorqlBXJZcdNr9EqkNmZE7fzk=,IIxpLWqABilXM7oi5vUa6pZVvLM=
-38,-8,RnzorqlBXJZcdNr9EqkNmZE7fzk=,ecYmjw3UE6m8Xg41CKgPE9DoSJw=
-34,-14,RnzorqlBXJZcdNr9EqkNmZE7fzk=,IIxpLWqABilXM7oi5vUa6pZVvLM=
-40,-13,RnzorqlBXJZcdNr9EqkNmZE7fzk=,IIxpLWqABilXM7oi5vUa6pZVvLM=
-35,-9,RnzorqlBXJZcdNr9EqkNmZE7fzk=,IIxpLWqABilXM7oi5vUa6pZVvLM=
-35,-13,RnzorqlBXJZcdNr9EqkNmZE7fzk=,IIxpLWqABilXM7oi5vUa6pZVvLM=
-35,-14,RnzorqlBXJZcdNr9EqkNmZE7fzk=,IIxpLWqABilXM7oi5vUa6pZVvLM=
-36,-14,RnzorqlBXJZcdNr9EqkNmZE7fzk=,IIxpLWqABilXM7oi5vUa6pZVvLM=
-36,-9,RnzorqlBXJZcdNr9EqkNmZE7fzk=,IIxpLWqABilXM7oi5vUa6pZVvLM=
-34,-13,RnzorqlBXJZcdNr9EqkNmZE7fzk=,IIxpLWqABilXM7oi5vUa6pZVvLM=
-37,-9,RnzorqlBXJZcdNr9EqkNmZE7fzk=,IIxpLWqABilXM7oi5vUa6pZVvLM=
-38,-9,RnzorqlBXJZcdNr9EqkNmZE7fzk=,IIxpLWqABilXM7oi5vUa6pZVvLM=
-37,-14,RnzorqlBXJZcdNr9EqkNmZE7fzk=,IIxpLWqABilXM7oi5vUa6pZVvLM=
-39,-9,RnzorqlBXJZcdNr9EqkNmZE7fzk=,IIxpLWqABilXM7oi5vUa6pZVvLM=
-40,-9,RnzorqlBXJZcdNr9EqkNmZE7fzk=,IIxpLWqABilXM7oi5vUa6pZVvLM=
-33,-10,RnzorqlBXJZcdNr9EqkNmZE7fzk=,IIxpLWqABilXM7oi5vUa6pZVvLM=
-40,-8,RnzorqlBXJZcdNr9EqkNmZE7fzk=,ecYmjw3UE6m8Xg41CKgPE9DoSJw=
-33,-15,RnzorqlBXJZcdNr9EqkNmZE7fzk=,IIxpLWqABilXM7oi5vUa6pZVvLM=
-34,-15,RnzorqlBXJZcdNr9EqkNmZE7fzk=,IIxpLWqABilXM7oi5vUa6pZVvLM=
-38,-14,RnzorqlBXJZcdNr9EqkNmZE7fzk=,IIxpLWqABilXM7oi5vUa6pZVvLM=
-34,-10,RnzorqlBXJZcdNr9EqkNmZE7fzk=,IIxpLWqABilXM7oi5vUa6pZVvLM=
-39,-14,RnzorqlBXJZcdNr9EqkNmZE7fzk=,IIxpLWqABilXM7oi5vUa6pZVvLM=
-40,-14,RnzorqlBXJZcdNr9EqkNmZE7fzk=,IIxpLWqABilXM7oi5vUa6pZVvLM=
-35,-10,RnzorqlBXJZcdNr9EqkNmZE7fzk=,IIxpLWqABilXM7oi5vUa6pZVvLM=
-36,-10,RnzorqlBXJZcdNr9EqkNmZE7fzk=,IIxpLWqABilXM7oi5vUa6pZVvLM=
-36,-15,RnzorqlBXJZcdNr9EqkNmZE7fzk=,IIxpLWqABilXM7oi5vUa6pZVvLM=
-35,-15,RnzorqlBXJZcdNr9EqkNmZE7fzk=,IIxpLWqABilXM7oi5vUa6pZVvLM=
-41,-8,RnzorqlBXJZcdNr9EqkNmZE7fzk=,xnyV6tnN68YEXuNt9tJVBVK2tjI=
-36,-8,RnzorqlBXJZcdNr9EqkNmZE7fzk=,ecYmjw3UE6m8Xg41CKgPE9DoSJw=
-37,-10,RnzorqlBXJZcdNr9EqkNmZE7fzk=,IIxpLWqABilXM7oi5vUa6pZVvLM=
-38,-10,RnzorqlBXJZcdNr9EqkNmZE7fzk=,IIxpLWqABilXM7oi5vUa6pZVvLM=
-39,-10,RnzorqlBXJZcdNr9EqkNmZE7fzk=,IIxpLWqABilXM7oi5vUa6pZVvLM=
-41,-13,RnzorqlBXJZcdNr9EqkNmZE7fzk=,WTiHCS7u6UdsIPAf7vJ7AU/46bw=
-33,-16,RnzorqlBXJZcdNr9EqkNmZE7fzk=,IIxpLWqABilXM7oi5vUa6pZVvLM=
-34,-16,RnzorqlBXJZcdNr9EqkNmZE7fzk=,IIxpLWqABilXM7oi5vUa6pZVvLM=
-40,-10,RnzorqlBXJZcdNr9EqkNmZE7fzk=,IIxpLWqABilXM7oi5vUa6pZVvLM=
-35,-16,RnzorqlBXJZcdNr9EqkNmZE7fzk=,IIxpLWqABilXM7oi5vUa6pZVvLM=
-38,-15,RnzorqlBXJZcdNr9EqkNmZE7fzk=,IIxpLWqABilXM7oi5vUa6pZVvLM=
-36,-16,RnzorqlBXJZcdNr9EqkNmZE7fzk=,IIxpLWqABilXM7oi5vUa6pZVvLM=
-39,-15,RnzorqlBXJZcdNr9EqkNmZE7fzk=,IIxpLWqABilXM7oi5vUa6pZVvLM=
-40,-15,RnzorqlBXJZcdNr9EqkNmZE7fzk=,IIxpLWqABilXM7oi5vUa6pZVvLM=
-35,-8,RnzorqlBXJZcdNr9EqkNmZE7fzk=,ecYmjw3UE6m8Xg41CKgPE9DoSJw=
-37,-16,RnzorqlBXJZcdNr9EqkNmZE7fzk=,IIxpLWqABilXM7oi5vUa6pZVvLM=
-41,-9,RnzorqlBXJZcdNr9EqkNmZE7fzk=,WTiHCS7u6UdsIPAf7vJ7AU/46bw=
-34,-11,RnzorqlBXJZcdNr9EqkNmZE7fzk=,IIxpLWqABilXM7oi5vUa6pZVvLM=
-38,-16,RnzorqlBXJZcdNr9EqkNmZE7fzk=,IIxpLWqABilXM7oi5vUa6pZVvLM=
-35,-11,RnzorqlBXJZcdNr9EqkNmZE7fzk=,IIxpLWqABilXM7oi5vUa6pZVvLM=
-33,-13,RnzorqlBXJZcdNr9EqkNmZE7fzk=,IIxpLWqABilXM7oi5vUa6pZVvLM=
-41,-14,RnzorqlBXJZcdNr9EqkNmZE7fzk=,WTiHCS7u6UdsIPAf7vJ7AU/46bw=
-36,-11,RnzorqlBXJZcdNr9EqkNmZE7fzk=,IIxpLWqABilXM7oi5vUa6pZVvLM=
-40,-16,RnzorqlBXJZcdNr9EqkNmZE7fzk=,IIxpLWqABilXM7oi5vUa6pZVvLM=
-39,-16,RnzorqlBXJZcdNr9EqkNmZE7fzk=,IIxpLWqABilXM7oi5vUa6pZVvLM=
-37,-11,RnzorqlBXJZcdNr9EqkNmZE7fzk=,IIxpLWqABilXM7oi5vUa6pZVvLM=
-39,-11,RnzorqlBXJZcdNr9EqkNmZE7fzk=,IIxpLWqABilXM7oi5vUa6pZVvLM=
-40,-12,RnzorqlBXJZcdNr9EqkNmZE7fzk=,IIxpLWqABilXM7oi5vUa6pZVvLM=
-38,-11,RnzorqlBXJZcdNr9EqkNmZE7fzk=,IIxpLWqABilXM7oi5vUa6pZVvLM=
-41,-15,RnzorqlBXJZcdNr9EqkNmZE7fzk=,WTiHCS7u6UdsIPAf7vJ7AU/46bw=
-40,-11,RnzorqlBXJZcdNr9EqkNmZE7fzk=,IIxpLWqABilXM7oi5vUa6pZVvLM=
-34,-8,RnzorqlBXJZcdNr9EqkNmZE7fzk=,ecYmjw3UE6m8Xg41CKgPE9DoSJw=
-33,-12,RnzorqlBXJZcdNr9EqkNmZE7fzk=,IIxpLWqABilXM7oi5vUa6pZVvLM=
-34,-12,RnzorqlBXJZcdNr9EqkNmZE7fzk=,IIxpLWqABilXM7oi5vUa6pZVvLM=
-33,-11,RnzorqlBXJZcdNr9EqkNmZE7fzk=,IIxpLWqABilXM7oi5vUa6pZVvLM=
-37,-15,RnzorqlBXJZcdNr9EqkNmZE7fzk=,IIxpLWqABilXM7oi5vUa6pZVvLM=
-41,-16,RnzorqlBXJZcdNr9EqkNmZE7fzk=,WTiHCS7u6UdsIPAf7vJ7AU/46bw=
-35,-12,RnzorqlBXJZcdNr9EqkNmZE7fzk=,IIxpLWqABilXM7oi5vUa6pZVvLM=
-36,-12,RnzorqlBXJZcdNr9EqkNmZE7fzk=,IIxpLWqABilXM7oi5vUa6pZVvLM=
-33,-8,RnzorqlBXJZcdNr9EqkNmZE7fzk=,ecYmjw3UE6m8Xg41CKgPE9DoSJw=
-38,-12,RnzorqlBXJZcdNr9EqkNmZE7fzk=,IIxpLWqABilXM7oi5vUa6pZVvLM=
-37,-12,RnzorqlBXJZcdNr9EqkNmZE7fzk=,IIxpLWqABilXM7oi5vUa6pZVvLM=
-41,-10,RnzorqlBXJZcdNr9EqkNmZE7fzk=,WTiHCS7u6UdsIPAf7vJ7AU/46bw=
-39,-12,RnzorqlBXJZcdNr9EqkNmZE7fzk=,IIxpLWqABilXM7oi5vUa6pZVvLM=
-41,-11,RnzorqlBXJZcdNr9EqkNmZE7fzk=,WTiHCS7u6UdsIPAf7vJ7AU/46bw=
-39,-8,RnzorqlBXJZcdNr9EqkNmZE7fzk=,ecYmjw3UE6m8Xg41CKgPE9DoSJw=
-44,-19,RnzorqlBXJZcdNr9EqkNmZE7fzk=,3GthEEE3RgpI6E+c0PBeQczC1ZI=
-43,-19,RnzorqlBXJZcdNr9EqkNmZE7fzk=,3GthEEE3RgpI6E+c0PBeQczC1ZI=
-42,-19,RnzorqlBXJZcdNr9EqkNmZE7fzk=,3GthEEE3RgpI6E+c0PBeQczC1ZI=
-48,-24,RnzorqlBXJZcdNr9EqkNmZE7fzk=,3GthEEE3RgpI6E+c0PBeQczC1ZI=
-48,-18,RnzorqlBXJZcdNr9EqkNmZE7fzk=,3GthEEE3RgpI6E+c0PBeQczC1ZI=
-47,-18,RnzorqlBXJZcdNr9EqkNmZE7fzk=,3GthEEE3RgpI6E+c0PBeQczC1ZI=
-46,-18,RnzorqlBXJZcdNr9EqkNmZE7fzk=,3GthEEE3RgpI6E+c0PBeQczC1ZI=
-45,-18,RnzorqlBXJZcdNr9EqkNmZE7fzk=,3GthEEE3RgpI6E+c0PBeQczC1ZI=
-45,-19,RnzorqlBXJZcdNr9EqkNmZE7fzk=,3GthEEE3RgpI6E+c0PBeQczC1ZI=
-46,-19,RnzorqlBXJZcdNr9EqkNmZE7fzk=,3GthEEE3RgpI6E+c0PBeQczC1ZI=
-47,-19,RnzorqlBXJZcdNr9EqkNmZE7fzk=,3GthEEE3RgpI6E+c0PBeQczC1ZI=
-48,-19,RnzorqlBXJZcdNr9EqkNmZE7fzk=,3GthEEE3RgpI6E+c0PBeQczC1ZI=
-42,-20,RnzorqlBXJZcdNr9EqkNmZE7fzk=,3GthEEE3RgpI6E+c0PBeQczC1ZI=
-43,-20,RnzorqlBXJZcdNr9EqkNmZE7fzk=,3GthEEE3RgpI6E+c0PBeQczC1ZI=
-44,-20,RnzorqlBXJZcdNr9EqkNmZE7fzk=,3GthEEE3RgpI6E+c0PBeQczC1ZI=
-45,-20,RnzorqlBXJZcdNr9EqkNmZE7fzk=,3GthEEE3RgpI6E+c0PBeQczC1ZI=
-46,-20,RnzorqlBXJZcdNr9EqkNmZE7fzk=,3GthEEE3RgpI6E+c0PBeQczC1ZI=
-47,-20,RnzorqlBXJZcdNr9EqkNmZE7fzk=,3GthEEE3RgpI6E+c0PBeQczC1ZI=
-48,-20,RnzorqlBXJZcdNr9EqkNmZE7fzk=,3GthEEE3RgpI6E+c0PBeQczC1ZI=
-42,-21,RnzorqlBXJZcdNr9EqkNmZE7fzk=,3GthEEE3RgpI6E+c0PBeQczC1ZI=
-43,-21,RnzorqlBXJZcdNr9EqkNmZE7fzk=,3GthEEE3RgpI6E+c0PBeQczC1ZI=
-44,-21,RnzorqlBXJZcdNr9EqkNmZE7fzk=,3GthEEE3RgpI6E+c0PBeQczC1ZI=
-45,-21,RnzorqlBXJZcdNr9EqkNmZE7fzk=,3GthEEE3RgpI6E+c0PBeQczC1ZI=
-46,-21,RnzorqlBXJZcdNr9EqkNmZE7fzk=,3GthEEE3RgpI6E+c0PBeQczC1ZI=
-47,-21,RnzorqlBXJZcdNr9EqkNmZE7fzk=,3GthEEE3RgpI6E+c0PBeQczC1ZI=
-48,-21,RnzorqlBXJZcdNr9EqkNmZE7fzk=,3GthEEE3RgpI6E+c0PBeQczC1ZI=
-42,-22,RnzorqlBXJZcdNr9EqkNmZE7fzk=,3GthEEE3RgpI6E+c0PBeQczC1ZI=
-43,-22,RnzorqlBXJZcdNr9EqkNmZE7fzk=,3GthEEE3RgpI6E+c0PBeQczC1ZI=
-44,-22,RnzorqlBXJZcdNr9EqkNmZE7fzk=,3GthEEE3RgpI6E+c0PBeQczC1ZI=
-45,-22,RnzorqlBXJZcdNr9EqkNmZE7fzk=,3GthEEE3RgpI6E+c0PBeQczC1ZI=
-46,-22,RnzorqlBXJZcdNr9EqkNmZE7fzk=,3GthEEE3RgpI6E+c0PBeQczC1ZI=
-47,-22,RnzorqlBXJZcdNr9EqkNmZE7fzk=,3GthEEE3RgpI6E+c0PBeQczC1ZI=
-48,-22,RnzorqlBXJZcdNr9EqkNmZE7fzk=,3GthEEE3RgpI6E+c0PBeQczC1ZI=
-42,-23,RnzorqlBXJZcdNr9EqkNmZE7fzk=,3GthEEE3RgpI6E+c0PBeQczC1ZI=
-43,-23,RnzorqlBXJZcdNr9EqkNmZE7fzk=,3GthEEE3RgpI6E+c0PBeQczC1ZI=
-44,-23,RnzorqlBXJZcdNr9EqkNmZE7fzk=,3GthEEE3RgpI6E+c0PBeQczC1ZI=
-45,-23,RnzorqlBXJZcdNr9EqkNmZE7fzk=,3GthEEE3RgpI6E+c0PBeQczC1ZI=
-46,-23,RnzorqlBXJZcdNr9EqkNmZE7fzk=,3GthEEE3RgpI6E+c0PBeQczC1ZI=
-47,-23,RnzorqlBXJZcdNr9EqkNmZE7fzk=,3GthEEE3RgpI6E+c0PBeQczC1ZI=
-48,-23,RnzorqlBXJZcdNr9EqkNmZE7fzk=,3GthEEE3RgpI6E+c0PBeQczC1ZI=
-42,-24,RnzorqlBXJZcdNr9EqkNmZE7fzk=,3GthEEE3RgpI6E+c0PBeQczC1ZI=
-43,-24,RnzorqlBXJZcdNr9EqkNmZE7fzk=,3GthEEE3RgpI6E+c0PBeQczC1ZI=
-44,-24,RnzorqlBXJZcdNr9EqkNmZE7fzk=,3GthEEE3RgpI6E+c0PBeQczC1ZI=
-42,-17,RnzorqlBXJZcdNr9EqkNmZE7fzk=,3GthEEE3RgpI6E+c0PBeQczC1ZI=
-43,-17,RnzorqlBXJZcdNr9EqkNmZE7fzk=,3GthEEE3RgpI6E+c0PBeQczC1ZI=
-44,-17,RnzorqlBXJZcdNr9EqkNmZE7fzk=,3GthEEE3RgpI6E+c0PBeQczC1ZI=
-45,-17,RnzorqlBXJZcdNr9EqkNmZE7fzk=,3GthEEE3RgpI6E+c0PBeQczC1ZI=
-46,-17,RnzorqlBXJZcdNr9EqkNmZE7fzk=,3GthEEE3RgpI6E+c0PBeQczC1ZI=
-47,-17,RnzorqlBXJZcdNr9EqkNmZE7fzk=,3GthEEE3RgpI6E+c0PBeQczC1ZI=
-45,-24,RnzorqlBXJZcdNr9EqkNmZE7fzk=,3GthEEE3RgpI6E+c0PBeQczC1ZI=
-48,-17,RnzorqlBXJZcdNr9EqkNmZE7fzk=,3GthEEE3RgpI6E+c0PBeQczC1ZI=
-42,-18,RnzorqlBXJZcdNr9EqkNmZE7fzk=,3GthEEE3RgpI6E+c0PBeQczC1ZI=
-43,-18,RnzorqlBXJZcdNr9EqkNmZE7fzk=,3GthEEE3RgpI6E+c0PBeQczC1ZI=
-46,-24,RnzorqlBXJZcdNr9EqkNmZE7fzk=,3GthEEE3RgpI6E+c0PBeQczC1ZI=
-44,-18,RnzorqlBXJZcdNr9EqkNmZE7fzk=,3GthEEE3RgpI6E+c0PBeQczC1ZI=
-47,-24,RnzorqlBXJZcdNr9EqkNmZE7fzk=,3GthEEE3RgpI6E+c0PBeQczC1ZI=
-40,-32,RnzorqlBXJZcdNr9EqkNmZE7fzk=,2gfqH9QrsSuqFe7rJXtXL/xQooI=
-39,-32,RnzorqlBXJZcdNr9EqkNmZE7fzk=,2gfqH9QrsSuqFe7rJXtXL/xQooI=
-38,-32,RnzorqlBXJZcdNr9EqkNmZE7fzk=,2gfqH9QrsSuqFe7rJXtXL/xQooI=
-37,-32,RnzorqlBXJZcdNr9EqkNmZE7fzk=,2gfqH9QrsSuqFe7rJXtXL/xQooI=
-35,-32,RnzorqlBXJZcdNr9EqkNmZE7fzk=,2gfqH9QrsSuqFe7rJXtXL/xQooI=
-36,-32,RnzorqlBXJZcdNr9EqkNmZE7fzk=,2gfqH9QrsSuqFe7rJXtXL/xQooI=
-34,-32,RnzorqlBXJZcdNr9EqkNmZE7fzk=,2gfqH9QrsSuqFe7rJXtXL/xQooI=
-40,-31,RnzorqlBXJZcdNr9EqkNmZE7fzk=,2gfqH9QrsSuqFe7rJXtXL/xQooI=
-33,-32,RnzorqlBXJZcdNr9EqkNmZE7fzk=,2gfqH9QrsSuqFe7rJXtXL/xQooI=
-39,-31,RnzorqlBXJZcdNr9EqkNmZE7fzk=,2gfqH9QrsSuqFe7rJXtXL/xQooI=
-38,-31,RnzorqlBXJZcdNr9EqkNmZE7fzk=,2gfqH9QrsSuqFe7rJXtXL/xQooI=
-37,-31,RnzorqlBXJZcdNr9EqkNmZE7fzk=,2gfqH9QrsSuqFe7rJXtXL/xQooI=
-36,-31,RnzorqlBXJZcdNr9EqkNmZE7fzk=,2gfqH9QrsSuqFe7rJXtXL/xQooI=
-34,-31,RnzorqlBXJZcdNr9EqkNmZE7fzk=,2gfqH9QrsSuqFe7rJXtXL/xQooI=
-35,-31,RnzorqlBXJZcdNr9EqkNmZE7fzk=,2gfqH9QrsSuqFe7rJXtXL/xQooI=
-33,-31,RnzorqlBXJZcdNr9EqkNmZE7fzk=,2gfqH9QrsSuqFe7rJXtXL/xQooI=
-40,-30,RnzorqlBXJZcdNr9EqkNmZE7fzk=,2gfqH9QrsSuqFe7rJXtXL/xQooI=
-38,-30,RnzorqlBXJZcdNr9EqkNmZE7fzk=,2gfqH9QrsSuqFe7rJXtXL/xQooI=
-39,-30,RnzorqlBXJZcdNr9EqkNmZE7fzk=,2gfqH9QrsSuqFe7rJXtXL/xQooI=
-36,-30,RnzorqlBXJZcdNr9EqkNmZE7fzk=,2gfqH9QrsSuqFe7rJXtXL/xQooI=
-35,-30,RnzorqlBXJZcdNr9EqkNmZE7fzk=,2gfqH9QrsSuqFe7rJXtXL/xQooI=
-37,-30,RnzorqlBXJZcdNr9EqkNmZE7fzk=,2gfqH9QrsSuqFe7rJXtXL/xQooI=
-34,-30,RnzorqlBXJZcdNr9EqkNmZE7fzk=,2gfqH9QrsSuqFe7rJXtXL/xQooI=
-33,-30,RnzorqlBXJZcdNr9EqkNmZE7fzk=,2gfqH9QrsSuqFe7rJXtXL/xQooI=
-40,-29,RnzorqlBXJZcdNr9EqkNmZE7fzk=,2gfqH9QrsSuqFe7rJXtXL/xQooI=
-39,-29,RnzorqlBXJZcdNr9EqkNmZE7fzk=,2gfqH9QrsSuqFe7rJXtXL/xQooI=
-38,-29,RnzorqlBXJZcdNr9EqkNmZE7fzk=,2gfqH9QrsSuqFe7rJXtXL/xQooI=
-37,-29,RnzorqlBXJZcdNr9EqkNmZE7fzk=,2gfqH9QrsSuqFe7rJXtXL/xQooI=
-36,-29,RnzorqlBXJZcdNr9EqkNmZE7fzk=,2gfqH9QrsSuqFe7rJXtXL/xQooI=
-35,-29,RnzorqlBXJZcdNr9EqkNmZE7fzk=,2gfqH9QrsSuqFe7rJXtXL/xQooI=
-33,-26,RnzorqlBXJZcdNr9EqkNmZE7fzk=,2gfqH9QrsSuqFe7rJXtXL/xQooI=
-34,-26,RnzorqlBXJZcdNr9EqkNmZE7fzk=,2gfqH9QrsSuqFe7rJXtXL/xQooI=
-34,-29,RnzorqlBXJZcdNr9EqkNmZE7fzk=,2gfqH9QrsSuqFe7rJXtXL/xQooI=
-35,-26,RnzorqlBXJZcdNr9EqkNmZE7fzk=,2gfqH9QrsSuqFe7rJXtXL/xQooI=
-38,-26,RnzorqlBXJZcdNr9EqkNmZE7fzk=,2gfqH9QrsSuqFe7rJXtXL/xQooI=
-33,-29,RnzorqlBXJZcdNr9EqkNmZE7fzk=,2gfqH9QrsSuqFe7rJXtXL/xQooI=
-40,-28,RnzorqlBXJZcdNr9EqkNmZE7fzk=,2gfqH9QrsSuqFe7rJXtXL/xQooI=
-39,-28,RnzorqlBXJZcdNr9EqkNmZE7fzk=,2gfqH9QrsSuqFe7rJXtXL/xQooI=
-36,-28,RnzorqlBXJZcdNr9EqkNmZE7fzk=,2gfqH9QrsSuqFe7rJXtXL/xQooI=
-38,-28,RnzorqlBXJZcdNr9EqkNmZE7fzk=,2gfqH9QrsSuqFe7rJXtXL/xQooI=
-37,-28,RnzorqlBXJZcdNr9EqkNmZE7fzk=,2gfqH9QrsSuqFe7rJXtXL/xQooI=
-37,-26,RnzorqlBXJZcdNr9EqkNmZE7fzk=,2gfqH9QrsSuqFe7rJXtXL/xQooI=
-35,-28,RnzorqlBXJZcdNr9EqkNmZE7fzk=,2gfqH9QrsSuqFe7rJXtXL/xQooI=
-36,-26,RnzorqlBXJZcdNr9EqkNmZE7fzk=,2gfqH9QrsSuqFe7rJXtXL/xQooI=
-39,-26,RnzorqlBXJZcdNr9EqkNmZE7fzk=,2gfqH9QrsSuqFe7rJXtXL/xQooI=
-34,-28,RnzorqlBXJZcdNr9EqkNmZE7fzk=,2gfqH9QrsSuqFe7rJXtXL/xQooI=
-40,-26,RnzorqlBXJZcdNr9EqkNmZE7fzk=,2gfqH9QrsSuqFe7rJXtXL/xQooI=
-33,-28,RnzorqlBXJZcdNr9EqkNmZE7fzk=,2gfqH9QrsSuqFe7rJXtXL/xQooI=
-40,-27,RnzorqlBXJZcdNr9EqkNmZE7fzk=,2gfqH9QrsSuqFe7rJXtXL/xQooI=
-39,-27,RnzorqlBXJZcdNr9EqkNmZE7fzk=,2gfqH9QrsSuqFe7rJXtXL/xQooI=
-38,-27,RnzorqlBXJZcdNr9EqkNmZE7fzk=,2gfqH9QrsSuqFe7rJXtXL/xQooI=
-37,-27,RnzorqlBXJZcdNr9EqkNmZE7fzk=,2gfqH9QrsSuqFe7rJXtXL/xQooI=
-36,-27,RnzorqlBXJZcdNr9EqkNmZE7fzk=,2gfqH9QrsSuqFe7rJXtXL/xQooI=
-33,-27,RnzorqlBXJZcdNr9EqkNmZE7fzk=,2gfqH9QrsSuqFe7rJXtXL/xQooI=
-35,-27,RnzorqlBXJZcdNr9EqkNmZE7fzk=,2gfqH9QrsSuqFe7rJXtXL/xQooI=
-34,-27,RnzorqlBXJZcdNr9EqkNmZE7fzk=,2gfqH9QrsSuqFe7rJXtXL/xQooI=
-38,-25,RnzorqlBXJZcdNr9EqkNmZE7fzk=,2gfqH9QrsSuqFe7rJXtXL/xQooI=
-39,-25,RnzorqlBXJZcdNr9EqkNmZE7fzk=,2gfqH9QrsSuqFe7rJXtXL/xQooI=
-40,-25,RnzorqlBXJZcdNr9EqkNmZE7fzk=,2gfqH9QrsSuqFe7rJXtXL/xQooI=
-35,-18,RnzorqlBXJZcdNr9EqkNmZE7fzk=,TrJh1sRi1N2MEmV2+6JyUdWRrbE=
-36,-18,RnzorqlBXJZcdNr9EqkNmZE7fzk=,TrJh1sRi1N2MEmV2+6JyUdWRrbE=
-37,-25,RnzorqlBXJZcdNr9EqkNmZE7fzk=,2gfqH9QrsSuqFe7rJXtXL/xQooI=
-37,-22,RnzorqlBXJZcdNr9EqkNmZE7fzk=,TrJh1sRi1N2MEmV2+6JyUdWRrbE=
-37,-17,RnzorqlBXJZcdNr9EqkNmZE7fzk=,TrJh1sRi1N2MEmV2+6JyUdWRrbE=
-40,-20,RnzorqlBXJZcdNr9EqkNmZE7fzk=,TrJh1sRi1N2MEmV2+6JyUdWRrbE=
-37,-20,RnzorqlBXJZcdNr9EqkNmZE7fzk=,TrJh1sRi1N2MEmV2+6JyUdWRrbE=
-37,-21,RnzorqlBXJZcdNr9EqkNmZE7fzk=,TrJh1sRi1N2MEmV2+6JyUdWRrbE=
-39,-24,RnzorqlBXJZcdNr9EqkNmZE7fzk=,TrJh1sRi1N2MEmV2+6JyUdWRrbE=
-36,-25,RnzorqlBXJZcdNr9EqkNmZE7fzk=,2gfqH9QrsSuqFe7rJXtXL/xQooI=
-41,-21,RnzorqlBXJZcdNr9EqkNmZE7fzk=,3GthEEE3RgpI6E+c0PBeQczC1ZI=
-39,-20,RnzorqlBXJZcdNr9EqkNmZE7fzk=,TrJh1sRi1N2MEmV2+6JyUdWRrbE=
-38,-20,RnzorqlBXJZcdNr9EqkNmZE7fzk=,TrJh1sRi1N2MEmV2+6JyUdWRrbE=
-41,-22,RnzorqlBXJZcdNr9EqkNmZE7fzk=,3GthEEE3RgpI6E+c0PBeQczC1ZI=
-33,-19,RnzorqlBXJZcdNr9EqkNmZE7fzk=,TrJh1sRi1N2MEmV2+6JyUdWRrbE=
-41,-23,RnzorqlBXJZcdNr9EqkNmZE7fzk=,3GthEEE3RgpI6E+c0PBeQczC1ZI=
-37,-18,RnzorqlBXJZcdNr9EqkNmZE7fzk=,TrJh1sRi1N2MEmV2+6JyUdWRrbE=
-41,-20,RnzorqlBXJZcdNr9EqkNmZE7fzk=,3GthEEE3RgpI6E+c0PBeQczC1ZI=
-34,-19,RnzorqlBXJZcdNr9EqkNmZE7fzk=,TrJh1sRi1N2MEmV2+6JyUdWRrbE=
-38,-18,RnzorqlBXJZcdNr9EqkNmZE7fzk=,TrJh1sRi1N2MEmV2+6JyUdWRrbE=
-35,-19,RnzorqlBXJZcdNr9EqkNmZE7fzk=,TrJh1sRi1N2MEmV2+6JyUdWRrbE=
-40,-18,RnzorqlBXJZcdNr9EqkNmZE7fzk=,TrJh1sRi1N2MEmV2+6JyUdWRrbE=
-35,-25,RnzorqlBXJZcdNr9EqkNmZE7fzk=,2gfqH9QrsSuqFe7rJXtXL/xQooI=
-36,-19,RnzorqlBXJZcdNr9EqkNmZE7fzk=,TrJh1sRi1N2MEmV2+6JyUdWRrbE=
-39,-18,RnzorqlBXJZcdNr9EqkNmZE7fzk=,TrJh1sRi1N2MEmV2+6JyUdWRrbE=
-37,-19,RnzorqlBXJZcdNr9EqkNmZE7fzk=,TrJh1sRi1N2MEmV2+6JyUdWRrbE=
-38,-22,RnzorqlBXJZcdNr9EqkNmZE7fzk=,TrJh1sRi1N2MEmV2+6JyUdWRrbE=
-37,-24,RnzorqlBXJZcdNr9EqkNmZE7fzk=,TrJh1sRi1N2MEmV2+6JyUdWRrbE=
-39,-22,RnzorqlBXJZcdNr9EqkNmZE7fzk=,TrJh1sRi1N2MEmV2+6JyUdWRrbE=
-40,-22,RnzorqlBXJZcdNr9EqkNmZE7fzk=,TrJh1sRi1N2MEmV2+6JyUdWRrbE=
-39,-17,RnzorqlBXJZcdNr9EqkNmZE7fzk=,TrJh1sRi1N2MEmV2+6JyUdWRrbE=
-40,-24,RnzorqlBXJZcdNr9EqkNmZE7fzk=,TrJh1sRi1N2MEmV2+6JyUdWRrbE=
-40,-17,RnzorqlBXJZcdNr9EqkNmZE7fzk=,TrJh1sRi1N2MEmV2+6JyUdWRrbE=
-40,-19,RnzorqlBXJZcdNr9EqkNmZE7fzk=,TrJh1sRi1N2MEmV2+6JyUdWRrbE=
-34,-25,RnzorqlBXJZcdNr9EqkNmZE7fzk=,2gfqH9QrsSuqFe7rJXtXL/xQooI=
-33,-18,RnzorqlBXJZcdNr9EqkNmZE7fzk=,TrJh1sRi1N2MEmV2+6JyUdWRrbE=
-39,-19,RnzorqlBXJZcdNr9EqkNmZE7fzk=,TrJh1sRi1N2MEmV2+6JyUdWRrbE=
-33,-20,RnzorqlBXJZcdNr9EqkNmZE7fzk=,TrJh1sRi1N2MEmV2+6JyUdWRrbE=
-35,-20,RnzorqlBXJZcdNr9EqkNmZE7fzk=,TrJh1sRi1N2MEmV2+6JyUdWRrbE=
-34,-20,RnzorqlBXJZcdNr9EqkNmZE7fzk=,TrJh1sRi1N2MEmV2+6JyUdWRrbE=
-38,-23,RnzorqlBXJZcdNr9EqkNmZE7fzk=,TrJh1sRi1N2MEmV2+6JyUdWRrbE=
-40,-23,RnzorqlBXJZcdNr9EqkNmZE7fzk=,TrJh1sRi1N2MEmV2+6JyUdWRrbE=
-39,-23,RnzorqlBXJZcdNr9EqkNmZE7fzk=,TrJh1sRi1N2MEmV2+6JyUdWRrbE=
-37,-23,RnzorqlBXJZcdNr9EqkNmZE7fzk=,TrJh1sRi1N2MEmV2+6JyUdWRrbE=
-36,-20,RnzorqlBXJZcdNr9EqkNmZE7fzk=,TrJh1sRi1N2MEmV2+6JyUdWRrbE=
-33,-23,RnzorqlBXJZcdNr9EqkNmZE7fzk=,TrJh1sRi1N2MEmV2+6JyUdWRrbE=
-33,-25,RnzorqlBXJZcdNr9EqkNmZE7fzk=,2gfqH9QrsSuqFe7rJXtXL/xQooI=
-36,-17,RnzorqlBXJZcdNr9EqkNmZE7fzk=,TrJh1sRi1N2MEmV2+6JyUdWRrbE=
-35,-17,RnzorqlBXJZcdNr9EqkNmZE7fzk=,TrJh1sRi1N2MEmV2+6JyUdWRrbE=
-40,-21,RnzorqlBXJZcdNr9EqkNmZE7fzk=,TrJh1sRi1N2MEmV2+6JyUdWRrbE=
-34,-17,RnzorqlBXJZcdNr9EqkNmZE7fzk=,TrJh1sRi1N2MEmV2+6JyUdWRrbE=
-34,-18,RnzorqlBXJZcdNr9EqkNmZE7fzk=,TrJh1sRi1N2MEmV2+6JyUdWRrbE=
-33,-17,RnzorqlBXJZcdNr9EqkNmZE7fzk=,TrJh1sRi1N2MEmV2+6JyUdWRrbE=
-39,-21,RnzorqlBXJZcdNr9EqkNmZE7fzk=,TrJh1sRi1N2MEmV2+6JyUdWRrbE=
-33,-24,RnzorqlBXJZcdNr9EqkNmZE7fzk=,TrJh1sRi1N2MEmV2+6JyUdWRrbE=
-38,-21,RnzorqlBXJZcdNr9EqkNmZE7fzk=,TrJh1sRi1N2MEmV2+6JyUdWRrbE=
-38,-24,RnzorqlBXJZcdNr9EqkNmZE7fzk=,TrJh1sRi1N2MEmV2+6JyUdWRrbE=
-35,-23,RnzorqlBXJZcdNr9EqkNmZE7fzk=,TrJh1sRi1N2MEmV2+6JyUdWRrbE=
-38,-17,RnzorqlBXJZcdNr9EqkNmZE7fzk=,TrJh1sRi1N2MEmV2+6JyUdWRrbE=
-41,-24,RnzorqlBXJZcdNr9EqkNmZE7fzk=,3GthEEE3RgpI6E+c0PBeQczC1ZI=
-34,-23,RnzorqlBXJZcdNr9EqkNmZE7fzk=,TrJh1sRi1N2MEmV2+6JyUdWRrbE=
-41,-19,RnzorqlBXJZcdNr9EqkNmZE7fzk=,3GthEEE3RgpI6E+c0PBeQczC1ZI=
-33,-22,RnzorqlBXJZcdNr9EqkNmZE7fzk=,TrJh1sRi1N2MEmV2+6JyUdWRrbE=
-35,-22,RnzorqlBXJZcdNr9EqkNmZE7fzk=,TrJh1sRi1N2MEmV2+6JyUdWRrbE=
-34,-22,RnzorqlBXJZcdNr9EqkNmZE7fzk=,TrJh1sRi1N2MEmV2+6JyUdWRrbE=
-36,-24,RnzorqlBXJZcdNr9EqkNmZE7fzk=,TrJh1sRi1N2MEmV2+6JyUdWRrbE=
-38,-19,RnzorqlBXJZcdNr9EqkNmZE7fzk=,TrJh1sRi1N2MEmV2+6JyUdWRrbE=
-36,-22,RnzorqlBXJZcdNr9EqkNmZE7fzk=,TrJh1sRi1N2MEmV2+6JyUdWRrbE=
-33,-21,RnzorqlBXJZcdNr9EqkNmZE7fzk=,TrJh1sRi1N2MEmV2+6JyUdWRrbE=
-41,-17,RnzorqlBXJZcdNr9EqkNmZE7fzk=,3GthEEE3RgpI6E+c0PBeQczC1ZI=
-36,-21,RnzorqlBXJZcdNr9EqkNmZE7fzk=,TrJh1sRi1N2MEmV2+6JyUdWRrbE=
-35,-21,RnzorqlBXJZcdNr9EqkNmZE7fzk=,TrJh1sRi1N2MEmV2+6JyUdWRrbE=
-34,-24,RnzorqlBXJZcdNr9EqkNmZE7fzk=,TrJh1sRi1N2MEmV2+6JyUdWRrbE=
-35,-24,RnzorqlBXJZcdNr9EqkNmZE7fzk=,TrJh1sRi1N2MEmV2+6JyUdWRrbE=
-34,-21,RnzorqlBXJZcdNr9EqkNmZE7fzk=,TrJh1sRi1N2MEmV2+6JyUdWRrbE=
-41,-18,RnzorqlBXJZcdNr9EqkNmZE7fzk=,3GthEEE3RgpI6E+c0PBeQczC1ZI=
-36,-23,RnzorqlBXJZcdNr9EqkNmZE7fzk=,TrJh1sRi1N2MEmV2+6JyUdWRrbE=
-55,-21,uk769WE+x1yAdeWfTlDRArWcKw8=,rHS3/JfBUvjyoA1w0hLUgN8XLbo=
-52,-24,uk769WE+x1yAdeWfTlDRArWcKw8=,rHS3/JfBUvjyoA1w0hLUgN8XLbo=
-53,-17,uk769WE+x1yAdeWfTlDRArWcKw8=,rHS3/JfBUvjyoA1w0hLUgN8XLbo=
-54,-17,uk769WE+x1yAdeWfTlDRArWcKw8=,rHS3/JfBUvjyoA1w0hLUgN8XLbo=
-52,-19,uk769WE+x1yAdeWfTlDRArWcKw8=,rHS3/JfBUvjyoA1w0hLUgN8XLbo=
-49,-18,uk769WE+x1yAdeWfTlDRArWcKw8=,rHS3/JfBUvjyoA1w0hLUgN8XLbo=
-50,-18,uk769WE+x1yAdeWfTlDRArWcKw8=,rHS3/JfBUvjyoA1w0hLUgN8XLbo=
-51,-18,uk769WE+x1yAdeWfTlDRArWcKw8=,rHS3/JfBUvjyoA1w0hLUgN8XLbo=
-52,-18,uk769WE+x1yAdeWfTlDRArWcKw8=,rHS3/JfBUvjyoA1w0hLUgN8XLbo=
-55,-17,uk769WE+x1yAdeWfTlDRArWcKw8=,rHS3/JfBUvjyoA1w0hLUgN8XLbo=
-49,-23,uk769WE+x1yAdeWfTlDRArWcKw8=,rHS3/JfBUvjyoA1w0hLUgN8XLbo=
-50,-20,uk769WE+x1yAdeWfTlDRArWcKw8=,rHS3/JfBUvjyoA1w0hLUgN8XLbo=
-53,-18,uk769WE+x1yAdeWfTlDRArWcKw8=,rHS3/JfBUvjyoA1w0hLUgN8XLbo=
-50,-23,uk769WE+x1yAdeWfTlDRArWcKw8=,rHS3/JfBUvjyoA1w0hLUgN8XLbo=
-51,-20,uk769WE+x1yAdeWfTlDRArWcKw8=,rHS3/JfBUvjyoA1w0hLUgN8XLbo=
-51,-23,uk769WE+x1yAdeWfTlDRArWcKw8=,rHS3/JfBUvjyoA1w0hLUgN8XLbo=
-50,-21,uk769WE+x1yAdeWfTlDRArWcKw8=,rHS3/JfBUvjyoA1w0hLUgN8XLbo=
-52,-20,uk769WE+x1yAdeWfTlDRArWcKw8=,rHS3/JfBUvjyoA1w0hLUgN8XLbo=
-50,-22,uk769WE+x1yAdeWfTlDRArWcKw8=,rHS3/JfBUvjyoA1w0hLUgN8XLbo=
-53,-19,uk769WE+x1yAdeWfTlDRArWcKw8=,rHS3/JfBUvjyoA1w0hLUgN8XLbo=
-49,-22,uk769WE+x1yAdeWfTlDRArWcKw8=,rHS3/JfBUvjyoA1w0hLUgN8XLbo=
-53,-24,uk769WE+x1yAdeWfTlDRArWcKw8=,rHS3/JfBUvjyoA1w0hLUgN8XLbo=
-51,-22,uk769WE+x1yAdeWfTlDRArWcKw8=,rHS3/JfBUvjyoA1w0hLUgN8XLbo=
-54,-18,uk769WE+x1yAdeWfTlDRArWcKw8=,rHS3/JfBUvjyoA1w0hLUgN8XLbo=
-52,-22,uk769WE+x1yAdeWfTlDRArWcKw8=,rHS3/JfBUvjyoA1w0hLUgN8XLbo=
-55,-22,uk769WE+x1yAdeWfTlDRArWcKw8=,rHS3/JfBUvjyoA1w0hLUgN8XLbo=
-54,-22,uk769WE+x1yAdeWfTlDRArWcKw8=,rHS3/JfBUvjyoA1w0hLUgN8XLbo=
-53,-22,uk769WE+x1yAdeWfTlDRArWcKw8=,rHS3/JfBUvjyoA1w0hLUgN8XLbo=
-52,-23,uk769WE+x1yAdeWfTlDRArWcKw8=,rHS3/JfBUvjyoA1w0hLUgN8XLbo=
-54,-24,uk769WE+x1yAdeWfTlDRArWcKw8=,rHS3/JfBUvjyoA1w0hLUgN8XLbo=
-54,-23,uk769WE+x1yAdeWfTlDRArWcKw8=,rHS3/JfBUvjyoA1w0hLUgN8XLbo=
-55,-23,uk769WE+x1yAdeWfTlDRArWcKw8=,rHS3/JfBUvjyoA1w0hLUgN8XLbo=
-49,-24,uk769WE+x1yAdeWfTlDRArWcKw8=,rHS3/JfBUvjyoA1w0hLUgN8XLbo=
-50,-24,uk769WE+x1yAdeWfTlDRArWcKw8=,rHS3/JfBUvjyoA1w0hLUgN8XLbo=
-51,-24,uk769WE+x1yAdeWfTlDRArWcKw8=,rHS3/JfBUvjyoA1w0hLUgN8XLbo=
-53,-20,uk769WE+x1yAdeWfTlDRArWcKw8=,rHS3/JfBUvjyoA1w0hLUgN8XLbo=
-54,-19,uk769WE+x1yAdeWfTlDRArWcKw8=,rHS3/JfBUvjyoA1w0hLUgN8XLbo=
-55,-24,uk769WE+x1yAdeWfTlDRArWcKw8=,rHS3/JfBUvjyoA1w0hLUgN8XLbo=
-55,-19,uk769WE+x1yAdeWfTlDRArWcKw8=,rHS3/JfBUvjyoA1w0hLUgN8XLbo=
-49,-19,uk769WE+x1yAdeWfTlDRArWcKw8=,rHS3/JfBUvjyoA1w0hLUgN8XLbo=
-54,-20,uk769WE+x1yAdeWfTlDRArWcKw8=,rHS3/JfBUvjyoA1w0hLUgN8XLbo=
-53,-23,uk769WE+x1yAdeWfTlDRArWcKw8=,rHS3/JfBUvjyoA1w0hLUgN8XLbo=
-50,-19,uk769WE+x1yAdeWfTlDRArWcKw8=,rHS3/JfBUvjyoA1w0hLUgN8XLbo=
-55,-20,uk769WE+x1yAdeWfTlDRArWcKw8=,rHS3/JfBUvjyoA1w0hLUgN8XLbo=
-49,-20,uk769WE+x1yAdeWfTlDRArWcKw8=,rHS3/JfBUvjyoA1w0hLUgN8XLbo=
-51,-21,uk769WE+x1yAdeWfTlDRArWcKw8=,rHS3/JfBUvjyoA1w0hLUgN8XLbo=
-51,-19,uk769WE+x1yAdeWfTlDRArWcKw8=,rHS3/JfBUvjyoA1w0hLUgN8XLbo=
-52,-21,uk769WE+x1yAdeWfTlDRArWcKw8=,rHS3/JfBUvjyoA1w0hLUgN8XLbo=
-49,-17,uk769WE+x1yAdeWfTlDRArWcKw8=,rHS3/JfBUvjyoA1w0hLUgN8XLbo=
-50,-17,uk769WE+x1yAdeWfTlDRArWcKw8=,rHS3/JfBUvjyoA1w0hLUgN8XLbo=
-49,-21,uk769WE+x1yAdeWfTlDRArWcKw8=,rHS3/JfBUvjyoA1w0hLUgN8XLbo=
-51,-17,uk769WE+x1yAdeWfTlDRArWcKw8=,rHS3/JfBUvjyoA1w0hLUgN8XLbo=
-52,-17,uk769WE+x1yAdeWfTlDRArWcKw8=,rHS3/JfBUvjyoA1w0hLUgN8XLbo=
-53,-21,uk769WE+x1yAdeWfTlDRArWcKw8=,rHS3/JfBUvjyoA1w0hLUgN8XLbo=
-54,-21,uk769WE+x1yAdeWfTlDRArWcKw8=,rHS3/JfBUvjyoA1w0hLUgN8XLbo=
-55,-18,uk769WE+x1yAdeWfTlDRArWcKw8=,rHS3/JfBUvjyoA1w0hLUgN8XLbo=
-61,-19,uk769WE+x1yAdeWfTlDRArWcKw8=,O7wiKar0dAWzNK25ERDSrstiAz4=
-56,-24,uk769WE+x1yAdeWfTlDRArWcKw8=,rHS3/JfBUvjyoA1w0hLUgN8XLbo=
-60,-19,uk769WE+x1yAdeWfTlDRArWcKw8=,O7wiKar0dAWzNK25ERDSrstiAz4=
-59,-19,uk769WE+x1yAdeWfTlDRArWcKw8=,O7wiKar0dAWzNK25ERDSrstiAz4=
-58,-19,uk769WE+x1yAdeWfTlDRArWcKw8=,O7wiKar0dAWzNK25ERDSrstiAz4=
-56,-20,uk769WE+x1yAdeWfTlDRArWcKw8=,rHS3/JfBUvjyoA1w0hLUgN8XLbo=
-64,-24,uk769WE+x1yAdeWfTlDRArWcKw8=,O7wiKar0dAWzNK25ERDSrstiAz4=
-63,-24,uk769WE+x1yAdeWfTlDRArWcKw8=,O7wiKar0dAWzNK25ERDSrstiAz4=
-62,-24,uk769WE+x1yAdeWfTlDRArWcKw8=,O7wiKar0dAWzNK25ERDSrstiAz4=
-61,-24,uk769WE+x1yAdeWfTlDRArWcKw8=,O7wiKar0dAWzNK25ERDSrstiAz4=
-57,-19,uk769WE+x1yAdeWfTlDRArWcKw8=,O7wiKar0dAWzNK25ERDSrstiAz4=
-60,-24,uk769WE+x1yAdeWfTlDRArWcKw8=,O7wiKar0dAWzNK25ERDSrstiAz4=
-59,-24,uk769WE+x1yAdeWfTlDRArWcKw8=,O7wiKar0dAWzNK25ERDSrstiAz4=
-58,-24,uk769WE+x1yAdeWfTlDRArWcKw8=,O7wiKar0dAWzNK25ERDSrstiAz4=
-57,-24,uk769WE+x1yAdeWfTlDRArWcKw8=,O7wiKar0dAWzNK25ERDSrstiAz4=
-64,-23,uk769WE+x1yAdeWfTlDRArWcKw8=,O7wiKar0dAWzNK25ERDSrstiAz4=
-63,-23,uk769WE+x1yAdeWfTlDRArWcKw8=,O7wiKar0dAWzNK25ERDSrstiAz4=
-57,-20,uk769WE+x1yAdeWfTlDRArWcKw8=,O7wiKar0dAWzNK25ERDSrstiAz4=
-62,-23,uk769WE+x1yAdeWfTlDRArWcKw8=,O7wiKar0dAWzNK25ERDSrstiAz4=
-56,-19,uk769WE+x1yAdeWfTlDRArWcKw8=,rHS3/JfBUvjyoA1w0hLUgN8XLbo=
-61,-23,uk769WE+x1yAdeWfTlDRArWcKw8=,O7wiKar0dAWzNK25ERDSrstiAz4=
-58,-20,uk769WE+x1yAdeWfTlDRArWcKw8=,O7wiKar0dAWzNK25ERDSrstiAz4=
-60,-23,uk769WE+x1yAdeWfTlDRArWcKw8=,O7wiKar0dAWzNK25ERDSrstiAz4=
-59,-23,uk769WE+x1yAdeWfTlDRArWcKw8=,O7wiKar0dAWzNK25ERDSrstiAz4=
-59,-20,uk769WE+x1yAdeWfTlDRArWcKw8=,O7wiKar0dAWzNK25ERDSrstiAz4=
-61,-20,uk769WE+x1yAdeWfTlDRArWcKw8=,O7wiKar0dAWzNK25ERDSrstiAz4=
-60,-20,uk769WE+x1yAdeWfTlDRArWcKw8=,O7wiKar0dAWzNK25ERDSrstiAz4=
-56,-22,uk769WE+x1yAdeWfTlDRArWcKw8=,rHS3/JfBUvjyoA1w0hLUgN8XLbo=
-56,-21,uk769WE+x1yAdeWfTlDRArWcKw8=,rHS3/JfBUvjyoA1w0hLUgN8XLbo=
-62,-20,uk769WE+x1yAdeWfTlDRArWcKw8=,O7wiKar0dAWzNK25ERDSrstiAz4=
-63,-20,uk769WE+x1yAdeWfTlDRArWcKw8=,O7wiKar0dAWzNK25ERDSrstiAz4=
-64,-20,uk769WE+x1yAdeWfTlDRArWcKw8=,O7wiKar0dAWzNK25ERDSrstiAz4=
-57,-21,uk769WE+x1yAdeWfTlDRArWcKw8=,O7wiKar0dAWzNK25ERDSrstiAz4=
-58,-21,uk769WE+x1yAdeWfTlDRArWcKw8=,O7wiKar0dAWzNK25ERDSrstiAz4=
-59,-21,uk769WE+x1yAdeWfTlDRArWcKw8=,O7wiKar0dAWzNK25ERDSrstiAz4=
-62,-19,uk769WE+x1yAdeWfTlDRArWcKw8=,O7wiKar0dAWzNK25ERDSrstiAz4=
-60,-21,uk769WE+x1yAdeWfTlDRArWcKw8=,O7wiKar0dAWzNK25ERDSrstiAz4=
-64,-19,uk769WE+x1yAdeWfTlDRArWcKw8=,O7wiKar0dAWzNK25ERDSrstiAz4=
-63,-19,uk769WE+x1yAdeWfTlDRArWcKw8=,O7wiKar0dAWzNK25ERDSrstiAz4=
-64,-18,uk769WE+x1yAdeWfTlDRArWcKw8=,O7wiKar0dAWzNK25ERDSrstiAz4=
-58,-23,uk769WE+x1yAdeWfTlDRArWcKw8=,O7wiKar0dAWzNK25ERDSrstiAz4=
-57,-23,uk769WE+x1yAdeWfTlDRArWcKw8=,O7wiKar0dAWzNK25ERDSrstiAz4=
-64,-22,uk769WE+x1yAdeWfTlDRArWcKw8=,O7wiKar0dAWzNK25ERDSrstiAz4=
-60,-17,uk769WE+x1yAdeWfTlDRArWcKw8=,O7wiKar0dAWzNK25ERDSrstiAz4=
-58,-17,uk769WE+x1yAdeWfTlDRArWcKw8=,O7wiKar0dAWzNK25ERDSrstiAz4=
-61,-21,uk769WE+x1yAdeWfTlDRArWcKw8=,O7wiKar0dAWzNK25ERDSrstiAz4=
-62,-21,uk769WE+x1yAdeWfTlDRArWcKw8=,O7wiKar0dAWzNK25ERDSrstiAz4=
-56,-23,uk769WE+x1yAdeWfTlDRArWcKw8=,rHS3/JfBUvjyoA1w0hLUgN8XLbo=
-63,-21,uk769WE+x1yAdeWfTlDRArWcKw8=,O7wiKar0dAWzNK25ERDSrstiAz4=
-64,-21,uk769WE+x1yAdeWfTlDRArWcKw8=,O7wiKar0dAWzNK25ERDSrstiAz4=
-57,-17,uk769WE+x1yAdeWfTlDRArWcKw8=,O7wiKar0dAWzNK25ERDSrstiAz4=
-56,-17,uk769WE+x1yAdeWfTlDRArWcKw8=,rHS3/JfBUvjyoA1w0hLUgN8XLbo=
-57,-22,uk769WE+x1yAdeWfTlDRArWcKw8=,O7wiKar0dAWzNK25ERDSrstiAz4=
-58,-22,uk769WE+x1yAdeWfTlDRArWcKw8=,O7wiKar0dAWzNK25ERDSrstiAz4=
-60,-22,uk769WE+x1yAdeWfTlDRArWcKw8=,O7wiKar0dAWzNK25ERDSrstiAz4=
-59,-22,uk769WE+x1yAdeWfTlDRArWcKw8=,O7wiKar0dAWzNK25ERDSrstiAz4=
-61,-22,uk769WE+x1yAdeWfTlDRArWcKw8=,O7wiKar0dAWzNK25ERDSrstiAz4=
-62,-22,uk769WE+x1yAdeWfTlDRArWcKw8=,O7wiKar0dAWzNK25ERDSrstiAz4=
-59,-17,uk769WE+x1yAdeWfTlDRArWcKw8=,O7wiKar0dAWzNK25ERDSrstiAz4=
-61,-17,uk769WE+x1yAdeWfTlDRArWcKw8=,O7wiKar0dAWzNK25ERDSrstiAz4=
-63,-22,uk769WE+x1yAdeWfTlDRArWcKw8=,O7wiKar0dAWzNK25ERDSrstiAz4=
-63,-17,uk769WE+x1yAdeWfTlDRArWcKw8=,O7wiKar0dAWzNK25ERDSrstiAz4=
-62,-17,uk769WE+x1yAdeWfTlDRArWcKw8=,O7wiKar0dAWzNK25ERDSrstiAz4=
-57,-18,uk769WE+x1yAdeWfTlDRArWcKw8=,O7wiKar0dAWzNK25ERDSrstiAz4=
-56,-18,uk769WE+x1yAdeWfTlDRArWcKw8=,rHS3/JfBUvjyoA1w0hLUgN8XLbo=
-58,-18,uk769WE+x1yAdeWfTlDRArWcKw8=,O7wiKar0dAWzNK25ERDSrstiAz4=
-59,-18,uk769WE+x1yAdeWfTlDRArWcKw8=,O7wiKar0dAWzNK25ERDSrstiAz4=
-61,-18,uk769WE+x1yAdeWfTlDRArWcKw8=,O7wiKar0dAWzNK25ERDSrstiAz4=
-60,-18,uk769WE+x1yAdeWfTlDRArWcKw8=,O7wiKar0dAWzNK25ERDSrstiAz4=
-64,-17,uk769WE+x1yAdeWfTlDRArWcKw8=,O7wiKar0dAWzNK25ERDSrstiAz4=
-62,-18,uk769WE+x1yAdeWfTlDRArWcKw8=,O7wiKar0dAWzNK25ERDSrstiAz4=
-63,-18,uk769WE+x1yAdeWfTlDRArWcKw8=,O7wiKar0dAWzNK25ERDSrstiAz4=
-52,-13,uk769WE+x1yAdeWfTlDRArWcKw8=,U8J+ec2S8LkvYVJJjU7aliHojbM=
-51,-13,uk769WE+x1yAdeWfTlDRArWcKw8=,U8J+ec2S8LkvYVJJjU7aliHojbM=
-53,-13,uk769WE+x1yAdeWfTlDRArWcKw8=,U8J+ec2S8LkvYVJJjU7aliHojbM=
-50,-13,uk769WE+x1yAdeWfTlDRArWcKw8=,U8J+ec2S8LkvYVJJjU7aliHojbM=
-49,-13,uk769WE+x1yAdeWfTlDRArWcKw8=,U8J+ec2S8LkvYVJJjU7aliHojbM=
-55,-12,uk769WE+x1yAdeWfTlDRArWcKw8=,U8J+ec2S8LkvYVJJjU7aliHojbM=
-54,-12,uk769WE+x1yAdeWfTlDRArWcKw8=,U8J+ec2S8LkvYVJJjU7aliHojbM=
-53,-12,uk769WE+x1yAdeWfTlDRArWcKw8=,U8J+ec2S8LkvYVJJjU7aliHojbM=
-52,-12,uk769WE+x1yAdeWfTlDRArWcKw8=,U8J+ec2S8LkvYVJJjU7aliHojbM=
-60,-13,uk769WE+x1yAdeWfTlDRArWcKw8=,G3aBeizQLCAvJy5FOY2jylrdg4A=
-56,-12,uk769WE+x1yAdeWfTlDRArWcKw8=,U8J+ec2S8LkvYVJJjU7aliHojbM=
-59,-13,uk769WE+x1yAdeWfTlDRArWcKw8=,G3aBeizQLCAvJy5FOY2jylrdg4A=
-58,-13,uk769WE+x1yAdeWfTlDRArWcKw8=,G3aBeizQLCAvJy5FOY2jylrdg4A=
-57,-13,uk769WE+x1yAdeWfTlDRArWcKw8=,G3aBeizQLCAvJy5FOY2jylrdg4A=
-64,-12,uk769WE+x1yAdeWfTlDRArWcKw8=,G3aBeizQLCAvJy5FOY2jylrdg4A=
-62,-12,uk769WE+x1yAdeWfTlDRArWcKw8=,G3aBeizQLCAvJy5FOY2jylrdg4A=
-61,-12,uk769WE+x1yAdeWfTlDRArWcKw8=,G3aBeizQLCAvJy5FOY2jylrdg4A=
-63,-12,uk769WE+x1yAdeWfTlDRArWcKw8=,G3aBeizQLCAvJy5FOY2jylrdg4A=
-59,-12,uk769WE+x1yAdeWfTlDRArWcKw8=,G3aBeizQLCAvJy5FOY2jylrdg4A=
-60,-12,uk769WE+x1yAdeWfTlDRArWcKw8=,G3aBeizQLCAvJy5FOY2jylrdg4A=
-58,-12,uk769WE+x1yAdeWfTlDRArWcKw8=,G3aBeizQLCAvJy5FOY2jylrdg4A=
-64,-11,uk769WE+x1yAdeWfTlDRArWcKw8=,G3aBeizQLCAvJy5FOY2jylrdg4A=
-57,-12,uk769WE+x1yAdeWfTlDRArWcKw8=,G3aBeizQLCAvJy5FOY2jylrdg4A=
-63,-11,uk769WE+x1yAdeWfTlDRArWcKw8=,G3aBeizQLCAvJy5FOY2jylrdg4A=
-55,-13,uk769WE+x1yAdeWfTlDRArWcKw8=,U8J+ec2S8LkvYVJJjU7aliHojbM=
-54,-13,uk769WE+x1yAdeWfTlDRArWcKw8=,U8J+ec2S8LkvYVJJjU7aliHojbM=
-51,-14,uk769WE+x1yAdeWfTlDRArWcKw8=,U8J+ec2S8LkvYVJJjU7aliHojbM=
-52,-14,uk769WE+x1yAdeWfTlDRArWcKw8=,U8J+ec2S8LkvYVJJjU7aliHojbM=
-53,-14,uk769WE+x1yAdeWfTlDRArWcKw8=,U8J+ec2S8LkvYVJJjU7aliHojbM=
-50,-14,uk769WE+x1yAdeWfTlDRArWcKw8=,U8J+ec2S8LkvYVJJjU7aliHojbM=
-54,-14,uk769WE+x1yAdeWfTlDRArWcKw8=,U8J+ec2S8LkvYVJJjU7aliHojbM=
-61,-13,uk769WE+x1yAdeWfTlDRArWcKw8=,G3aBeizQLCAvJy5FOY2jylrdg4A=
-55,-14,uk769WE+x1yAdeWfTlDRArWcKw8=,U8J+ec2S8LkvYVJJjU7aliHojbM=
-49,-10,uk769WE+x1yAdeWfTlDRArWcKw8=,U8J+ec2S8LkvYVJJjU7aliHojbM=
-49,-14,uk769WE+x1yAdeWfTlDRArWcKw8=,U8J+ec2S8LkvYVJJjU7aliHojbM=
-50,-10,uk769WE+x1yAdeWfTlDRArWcKw8=,U8J+ec2S8LkvYVJJjU7aliHojbM=
-62,-13,uk769WE+x1yAdeWfTlDRArWcKw8=,G3aBeizQLCAvJy5FOY2jylrdg4A=
-63,-13,uk769WE+x1yAdeWfTlDRArWcKw8=,G3aBeizQLCAvJy5FOY2jylrdg4A=
-56,-13,uk769WE+x1yAdeWfTlDRArWcKw8=,U8J+ec2S8LkvYVJJjU7aliHojbM=
-51,-10,uk769WE+x1yAdeWfTlDRArWcKw8=,U8J+ec2S8LkvYVJJjU7aliHojbM=
-52,-10,uk769WE+x1yAdeWfTlDRArWcKw8=,U8J+ec2S8LkvYVJJjU7aliHojbM=
-53,-10,uk769WE+x1yAdeWfTlDRArWcKw8=,U8J+ec2S8LkvYVJJjU7aliHojbM=
-55,-10,uk769WE+x1yAdeWfTlDRArWcKw8=,U8J+ec2S8LkvYVJJjU7aliHojbM=
-54,-10,uk769WE+x1yAdeWfTlDRArWcKw8=,U8J+ec2S8LkvYVJJjU7aliHojbM=
-49,-11,uk769WE+x1yAdeWfTlDRArWcKw8=,U8J+ec2S8LkvYVJJjU7aliHojbM=
-64,-13,uk769WE+x1yAdeWfTlDRArWcKw8=,G3aBeizQLCAvJy5FOY2jylrdg4A=
-51,-11,uk769WE+x1yAdeWfTlDRArWcKw8=,U8J+ec2S8LkvYVJJjU7aliHojbM=
-50,-11,uk769WE+x1yAdeWfTlDRArWcKw8=,U8J+ec2S8LkvYVJJjU7aliHojbM=
-52,-11,uk769WE+x1yAdeWfTlDRArWcKw8=,U8J+ec2S8LkvYVJJjU7aliHojbM=
-49,-15,uk769WE+x1yAdeWfTlDRArWcKw8=,U8J+ec2S8LkvYVJJjU7aliHojbM=
-57,-14,uk769WE+x1yAdeWfTlDRArWcKw8=,G3aBeizQLCAvJy5FOY2jylrdg4A=
-58,-9,uk769WE+x1yAdeWfTlDRArWcKw8=,G3aBeizQLCAvJy5FOY2jylrdg4A=
-59,-9,uk769WE+x1yAdeWfTlDRArWcKw8=,G3aBeizQLCAvJy5FOY2jylrdg4A=
-53,-11,uk769WE+x1yAdeWfTlDRArWcKw8=,U8J+ec2S8LkvYVJJjU7aliHojbM=
-54,-11,uk769WE+x1yAdeWfTlDRArWcKw8=,U8J+ec2S8LkvYVJJjU7aliHojbM=
-52,-15,uk769WE+x1yAdeWfTlDRArWcKw8=,U8J+ec2S8LkvYVJJjU7aliHojbM=
-60,-9,uk769WE+x1yAdeWfTlDRArWcKw8=,G3aBeizQLCAvJy5FOY2jylrdg4A=
-49,-16,uk769WE+x1yAdeWfTlDRArWcKw8=,U8J+ec2S8LkvYVJJjU7aliHojbM=
-58,-14,uk769WE+x1yAdeWfTlDRArWcKw8=,G3aBeizQLCAvJy5FOY2jylrdg4A=
-50,-16,uk769WE+x1yAdeWfTlDRArWcKw8=,U8J+ec2S8LkvYVJJjU7aliHojbM=
-55,-11,uk769WE+x1yAdeWfTlDRArWcKw8=,U8J+ec2S8LkvYVJJjU7aliHojbM=
-59,-14,uk769WE+x1yAdeWfTlDRArWcKw8=,G3aBeizQLCAvJy5FOY2jylrdg4A=
-60,-14,uk769WE+x1yAdeWfTlDRArWcKw8=,G3aBeizQLCAvJy5FOY2jylrdg4A=
-49,-12,uk769WE+x1yAdeWfTlDRArWcKw8=,U8J+ec2S8LkvYVJJjU7aliHojbM=
-61,-9,uk769WE+x1yAdeWfTlDRArWcKw8=,G3aBeizQLCAvJy5FOY2jylrdg4A=
-61,-14,uk769WE+x1yAdeWfTlDRArWcKw8=,G3aBeizQLCAvJy5FOY2jylrdg4A=
-62,-14,uk769WE+x1yAdeWfTlDRArWcKw8=,G3aBeizQLCAvJy5FOY2jylrdg4A=
-50,-15,uk769WE+x1yAdeWfTlDRArWcKw8=,U8J+ec2S8LkvYVJJjU7aliHojbM=
-51,-15,uk769WE+x1yAdeWfTlDRArWcKw8=,U8J+ec2S8LkvYVJJjU7aliHojbM=
-51,-16,uk769WE+x1yAdeWfTlDRArWcKw8=,U8J+ec2S8LkvYVJJjU7aliHojbM=
-50,-12,uk769WE+x1yAdeWfTlDRArWcKw8=,U8J+ec2S8LkvYVJJjU7aliHojbM=
-51,-12,uk769WE+x1yAdeWfTlDRArWcKw8=,U8J+ec2S8LkvYVJJjU7aliHojbM=
-63,-14,uk769WE+x1yAdeWfTlDRArWcKw8=,G3aBeizQLCAvJy5FOY2jylrdg4A=
-64,-14,uk769WE+x1yAdeWfTlDRArWcKw8=,G3aBeizQLCAvJy5FOY2jylrdg4A=
-53,-15,uk769WE+x1yAdeWfTlDRArWcKw8=,U8J+ec2S8LkvYVJJjU7aliHojbM=
-52,-16,uk769WE+x1yAdeWfTlDRArWcKw8=,U8J+ec2S8LkvYVJJjU7aliHojbM=
-54,-15,uk769WE+x1yAdeWfTlDRArWcKw8=,U8J+ec2S8LkvYVJJjU7aliHojbM=
-55,-15,uk769WE+x1yAdeWfTlDRArWcKw8=,U8J+ec2S8LkvYVJJjU7aliHojbM=
-56,-16,uk769WE+x1yAdeWfTlDRArWcKw8=,U8J+ec2S8LkvYVJJjU7aliHojbM=
-62,-11,uk769WE+x1yAdeWfTlDRArWcKw8=,G3aBeizQLCAvJy5FOY2jylrdg4A=
-56,-11,uk769WE+x1yAdeWfTlDRArWcKw8=,U8J+ec2S8LkvYVJJjU7aliHojbM=
-57,-15,uk769WE+x1yAdeWfTlDRArWcKw8=,G3aBeizQLCAvJy5FOY2jylrdg4A=
-60,-15,uk769WE+x1yAdeWfTlDRArWcKw8=,G3aBeizQLCAvJy5FOY2jylrdg4A=
-64,-15,uk769WE+x1yAdeWfTlDRArWcKw8=,G3aBeizQLCAvJy5FOY2jylrdg4A=
-53,-16,uk769WE+x1yAdeWfTlDRArWcKw8=,U8J+ec2S8LkvYVJJjU7aliHojbM=
-62,-9,uk769WE+x1yAdeWfTlDRArWcKw8=,G3aBeizQLCAvJy5FOY2jylrdg4A=
-63,-9,uk769WE+x1yAdeWfTlDRArWcKw8=,G3aBeizQLCAvJy5FOY2jylrdg4A=
-57,-10,uk769WE+x1yAdeWfTlDRArWcKw8=,G3aBeizQLCAvJy5FOY2jylrdg4A=
-64,-9,uk769WE+x1yAdeWfTlDRArWcKw8=,G3aBeizQLCAvJy5FOY2jylrdg4A=
-56,-14,uk769WE+x1yAdeWfTlDRArWcKw8=,U8J+ec2S8LkvYVJJjU7aliHojbM=
-61,-15,uk769WE+x1yAdeWfTlDRArWcKw8=,G3aBeizQLCAvJy5FOY2jylrdg4A=
-58,-10,uk769WE+x1yAdeWfTlDRArWcKw8=,G3aBeizQLCAvJy5FOY2jylrdg4A=
-59,-10,uk769WE+x1yAdeWfTlDRArWcKw8=,G3aBeizQLCAvJy5FOY2jylrdg4A=
-58,-15,uk769WE+x1yAdeWfTlDRArWcKw8=,G3aBeizQLCAvJy5FOY2jylrdg4A=
-60,-10,uk769WE+x1yAdeWfTlDRArWcKw8=,G3aBeizQLCAvJy5FOY2jylrdg4A=
-61,-10,uk769WE+x1yAdeWfTlDRArWcKw8=,G3aBeizQLCAvJy5FOY2jylrdg4A=
-56,-15,uk769WE+x1yAdeWfTlDRArWcKw8=,U8J+ec2S8LkvYVJJjU7aliHojbM=
-61,-11,uk769WE+x1yAdeWfTlDRArWcKw8=,G3aBeizQLCAvJy5FOY2jylrdg4A=
-59,-15,uk769WE+x1yAdeWfTlDRArWcKw8=,G3aBeizQLCAvJy5FOY2jylrdg4A=
-60,-11,uk769WE+x1yAdeWfTlDRArWcKw8=,G3aBeizQLCAvJy5FOY2jylrdg4A=
-58,-11,uk769WE+x1yAdeWfTlDRArWcKw8=,G3aBeizQLCAvJy5FOY2jylrdg4A=
-59,-11,uk769WE+x1yAdeWfTlDRArWcKw8=,G3aBeizQLCAvJy5FOY2jylrdg4A=
-57,-11,uk769WE+x1yAdeWfTlDRArWcKw8=,G3aBeizQLCAvJy5FOY2jylrdg4A=
-56,-10,uk769WE+x1yAdeWfTlDRArWcKw8=,U8J+ec2S8LkvYVJJjU7aliHojbM=
-64,-10,uk769WE+x1yAdeWfTlDRArWcKw8=,G3aBeizQLCAvJy5FOY2jylrdg4A=
-63,-10,uk769WE+x1yAdeWfTlDRArWcKw8=,G3aBeizQLCAvJy5FOY2jylrdg4A=
-62,-10,uk769WE+x1yAdeWfTlDRArWcKw8=,G3aBeizQLCAvJy5FOY2jylrdg4A=
-54,-16,uk769WE+x1yAdeWfTlDRArWcKw8=,U8J+ec2S8LkvYVJJjU7aliHojbM=
-62,-15,uk769WE+x1yAdeWfTlDRArWcKw8=,G3aBeizQLCAvJy5FOY2jylrdg4A=
-55,-16,uk769WE+x1yAdeWfTlDRArWcKw8=,U8J+ec2S8LkvYVJJjU7aliHojbM=
-63,-15,uk769WE+x1yAdeWfTlDRArWcKw8=,G3aBeizQLCAvJy5FOY2jylrdg4A=
-64,-16,uk769WE+x1yAdeWfTlDRArWcKw8=,G3aBeizQLCAvJy5FOY2jylrdg4A=
-61,-16,uk769WE+x1yAdeWfTlDRArWcKw8=,G3aBeizQLCAvJy5FOY2jylrdg4A=
-53,-3,uk769WE+x1yAdeWfTlDRArWcKw8=,Zq7sBfqtRoGmqHv4SdVH0uhi044=
-57,-16,uk769WE+x1yAdeWfTlDRArWcKw8=,G3aBeizQLCAvJy5FOY2jylrdg4A=
-56,-6,uk769WE+x1yAdeWfTlDRArWcKw8=,Zq7sBfqtRoGmqHv4SdVH0uhi044=
-51,-4,uk769WE+x1yAdeWfTlDRArWcKw8=,Zq7sBfqtRoGmqHv4SdVH0uhi044=
-57,-9,uk769WE+x1yAdeWfTlDRArWcKw8=,G3aBeizQLCAvJy5FOY2jylrdg4A=
-54,-3,uk769WE+x1yAdeWfTlDRArWcKw8=,Zq7sBfqtRoGmqHv4SdVH0uhi044=
-49,-9,uk769WE+x1yAdeWfTlDRArWcKw8=,U8J+ec2S8LkvYVJJjU7aliHojbM=
-55,-7,uk769WE+x1yAdeWfTlDRArWcKw8=,Zq7sBfqtRoGmqHv4SdVH0uhi044=
-55,-3,uk769WE+x1yAdeWfTlDRArWcKw8=,Zq7sBfqtRoGmqHv4SdVH0uhi044=
-50,-9,uk769WE+x1yAdeWfTlDRArWcKw8=,U8J+ec2S8LkvYVJJjU7aliHojbM=
-51,-9,uk769WE+x1yAdeWfTlDRArWcKw8=,U8J+ec2S8LkvYVJJjU7aliHojbM=
-52,-9,uk769WE+x1yAdeWfTlDRArWcKw8=,U8J+ec2S8LkvYVJJjU7aliHojbM=
-56,-7,uk769WE+x1yAdeWfTlDRArWcKw8=,Zq7sBfqtRoGmqHv4SdVH0uhi044=
-53,-9,uk769WE+x1yAdeWfTlDRArWcKw8=,U8J+ec2S8LkvYVJJjU7aliHojbM=
-54,-9,uk769WE+x1yAdeWfTlDRArWcKw8=,U8J+ec2S8LkvYVJJjU7aliHojbM=
-55,-9,uk769WE+x1yAdeWfTlDRArWcKw8=,U8J+ec2S8LkvYVJJjU7aliHojbM=
-56,-9,uk769WE+x1yAdeWfTlDRArWcKw8=,U8J+ec2S8LkvYVJJjU7aliHojbM=
-50,-7,uk769WE+x1yAdeWfTlDRArWcKw8=,Zq7sBfqtRoGmqHv4SdVH0uhi044=
-51,-5,uk769WE+x1yAdeWfTlDRArWcKw8=,Zq7sBfqtRoGmqHv4SdVH0uhi044=
-52,-5,uk769WE+x1yAdeWfTlDRArWcKw8=,Zq7sBfqtRoGmqHv4SdVH0uhi044=
-53,-5,uk769WE+x1yAdeWfTlDRArWcKw8=,Zq7sBfqtRoGmqHv4SdVH0uhi044=
-52,-4,uk769WE+x1yAdeWfTlDRArWcKw8=,Zq7sBfqtRoGmqHv4SdVH0uhi044=
-49,-8,uk769WE+x1yAdeWfTlDRArWcKw8=,Zq7sBfqtRoGmqHv4SdVH0uhi044=
-54,-5,uk769WE+x1yAdeWfTlDRArWcKw8=,Zq7sBfqtRoGmqHv4SdVH0uhi044=
-55,-5,uk769WE+x1yAdeWfTlDRArWcKw8=,Zq7sBfqtRoGmqHv4SdVH0uhi044=
-63,-16,uk769WE+x1yAdeWfTlDRArWcKw8=,G3aBeizQLCAvJy5FOY2jylrdg4A=
-53,-4,uk769WE+x1yAdeWfTlDRArWcKw8=,Zq7sBfqtRoGmqHv4SdVH0uhi044=
-53,-8,uk769WE+x1yAdeWfTlDRArWcKw8=,Zq7sBfqtRoGmqHv4SdVH0uhi044=
-56,-5,uk769WE+x1yAdeWfTlDRArWcKw8=,Zq7sBfqtRoGmqHv4SdVH0uhi044=
-54,-8,uk769WE+x1yAdeWfTlDRArWcKw8=,Zq7sBfqtRoGmqHv4SdVH0uhi044=
-54,-4,uk769WE+x1yAdeWfTlDRArWcKw8=,Zq7sBfqtRoGmqHv4SdVH0uhi044=
-55,-4,uk769WE+x1yAdeWfTlDRArWcKw8=,Zq7sBfqtRoGmqHv4SdVH0uhi044=
-51,-7,uk769WE+x1yAdeWfTlDRArWcKw8=,Zq7sBfqtRoGmqHv4SdVH0uhi044=
-56,-4,uk769WE+x1yAdeWfTlDRArWcKw8=,Zq7sBfqtRoGmqHv4SdVH0uhi044=
-62,-16,uk769WE+x1yAdeWfTlDRArWcKw8=,G3aBeizQLCAvJy5FOY2jylrdg4A=
-59,-16,uk769WE+x1yAdeWfTlDRArWcKw8=,G3aBeizQLCAvJy5FOY2jylrdg4A=
-49,-7,uk769WE+x1yAdeWfTlDRArWcKw8=,Zq7sBfqtRoGmqHv4SdVH0uhi044=
-53,-1,uk769WE+x1yAdeWfTlDRArWcKw8=,Zq7sBfqtRoGmqHv4SdVH0uhi044=
-50,-8,uk769WE+x1yAdeWfTlDRArWcKw8=,Zq7sBfqtRoGmqHv4SdVH0uhi044=
-54,-1,uk769WE+x1yAdeWfTlDRArWcKw8=,Zq7sBfqtRoGmqHv4SdVH0uhi044=
-55,-1,uk769WE+x1yAdeWfTlDRArWcKw8=,Zq7sBfqtRoGmqHv4SdVH0uhi044=
-52,-7,uk769WE+x1yAdeWfTlDRArWcKw8=,Zq7sBfqtRoGmqHv4SdVH0uhi044=
-56,-1,uk769WE+x1yAdeWfTlDRArWcKw8=,Zq7sBfqtRoGmqHv4SdVH0uhi044=
-58,-16,uk769WE+x1yAdeWfTlDRArWcKw8=,G3aBeizQLCAvJy5FOY2jylrdg4A=
-53,-7,uk769WE+x1yAdeWfTlDRArWcKw8=,Zq7sBfqtRoGmqHv4SdVH0uhi044=
-60,-16,uk769WE+x1yAdeWfTlDRArWcKw8=,G3aBeizQLCAvJy5FOY2jylrdg4A=
-50,-5,uk769WE+x1yAdeWfTlDRArWcKw8=,Zq7sBfqtRoGmqHv4SdVH0uhi044=
-52,-2,uk769WE+x1yAdeWfTlDRArWcKw8=,Zq7sBfqtRoGmqHv4SdVH0uhi044=
-54,-2,uk769WE+x1yAdeWfTlDRArWcKw8=,Zq7sBfqtRoGmqHv4SdVH0uhi044=
-53,-2,uk769WE+x1yAdeWfTlDRArWcKw8=,Zq7sBfqtRoGmqHv4SdVH0uhi044=
-55,-2,uk769WE+x1yAdeWfTlDRArWcKw8=,Zq7sBfqtRoGmqHv4SdVH0uhi044=
-52,-1,uk769WE+x1yAdeWfTlDRArWcKw8=,Zq7sBfqtRoGmqHv4SdVH0uhi044=
-54,-7,uk769WE+x1yAdeWfTlDRArWcKw8=,Zq7sBfqtRoGmqHv4SdVH0uhi044=
-50,-6,uk769WE+x1yAdeWfTlDRArWcKw8=,Zq7sBfqtRoGmqHv4SdVH0uhi044=
-51,-6,uk769WE+x1yAdeWfTlDRArWcKw8=,Zq7sBfqtRoGmqHv4SdVH0uhi044=
-52,-6,uk769WE+x1yAdeWfTlDRArWcKw8=,Zq7sBfqtRoGmqHv4SdVH0uhi044=
-56,-2,uk769WE+x1yAdeWfTlDRArWcKw8=,Zq7sBfqtRoGmqHv4SdVH0uhi044=
-53,-6,uk769WE+x1yAdeWfTlDRArWcKw8=,Zq7sBfqtRoGmqHv4SdVH0uhi044=
-54,-6,uk769WE+x1yAdeWfTlDRArWcKw8=,Zq7sBfqtRoGmqHv4SdVH0uhi044=
-55,-6,uk769WE+x1yAdeWfTlDRArWcKw8=,Zq7sBfqtRoGmqHv4SdVH0uhi044=
-51,-8,uk769WE+x1yAdeWfTlDRArWcKw8=,Zq7sBfqtRoGmqHv4SdVH0uhi044=
-55,-8,uk769WE+x1yAdeWfTlDRArWcKw8=,Zq7sBfqtRoGmqHv4SdVH0uhi044=
-50,-4,uk769WE+x1yAdeWfTlDRArWcKw8=,Zq7sBfqtRoGmqHv4SdVH0uhi044=
-49,-1,uk769WE+x1yAdeWfTlDRArWcKw8=,Zq7sBfqtRoGmqHv4SdVH0uhi044=
-50,-1,uk769WE+x1yAdeWfTlDRArWcKw8=,Zq7sBfqtRoGmqHv4SdVH0uhi044=
-52,-3,uk769WE+x1yAdeWfTlDRArWcKw8=,Zq7sBfqtRoGmqHv4SdVH0uhi044=
-56,-8,uk769WE+x1yAdeWfTlDRArWcKw8=,Zq7sBfqtRoGmqHv4SdVH0uhi044=
-56,-3,uk769WE+x1yAdeWfTlDRArWcKw8=,Zq7sBfqtRoGmqHv4SdVH0uhi044=
-51,-1,uk769WE+x1yAdeWfTlDRArWcKw8=,Zq7sBfqtRoGmqHv4SdVH0uhi044=
-52,-8,uk769WE+x1yAdeWfTlDRArWcKw8=,Zq7sBfqtRoGmqHv4SdVH0uhi044=
-49,-6,uk769WE+x1yAdeWfTlDRArWcKw8=,Zq7sBfqtRoGmqHv4SdVH0uhi044=
-51,-2,uk769WE+x1yAdeWfTlDRArWcKw8=,Zq7sBfqtRoGmqHv4SdVH0uhi044=
-49,-5,uk769WE+x1yAdeWfTlDRArWcKw8=,Zq7sBfqtRoGmqHv4SdVH0uhi044=
-51,-3,uk769WE+x1yAdeWfTlDRArWcKw8=,Zq7sBfqtRoGmqHv4SdVH0uhi044=
-49,-3,uk769WE+x1yAdeWfTlDRArWcKw8=,Zq7sBfqtRoGmqHv4SdVH0uhi044=
-50,-3,uk769WE+x1yAdeWfTlDRArWcKw8=,Zq7sBfqtRoGmqHv4SdVH0uhi044=
-49,-4,uk769WE+x1yAdeWfTlDRArWcKw8=,Zq7sBfqtRoGmqHv4SdVH0uhi044=
-49,-2,uk769WE+x1yAdeWfTlDRArWcKw8=,Zq7sBfqtRoGmqHv4SdVH0uhi044=
-50,-2,uk769WE+x1yAdeWfTlDRArWcKw8=,Zq7sBfqtRoGmqHv4SdVH0uhi044=
