28,-4,afwasyReJLIyeOx2zcnZ3c/pJjw=,L0FHtG/yvkMoUiT8WjcUZPAhyh0=
30,-3,afwasyReJLIyeOx2zcnZ3c/pJjw=,L0FHtG/yvkMoUiT8WjcUZPAhyh0=
29,-4,afwasyReJLIyeOx2zcnZ3c/pJjw=,L0FHtG/yvkMoUiT8WjcUZPAhyh0=
25,-5,afwasyReJLIyeOx2zcnZ3c/pJjw=,L0FHtG/yvkMoUiT8WjcUZPAhyh0=
30,-2,afwasyReJLIyeOx2zcnZ3c/pJjw=,L0FHtG/yvkMoUiT8WjcUZPAhyh0=
29,-3,afwasyReJLIyeOx2zcnZ3c/pJjw=,L0FHtG/yvkMoUiT8WjcUZPAhyh0=
27,-4,afwasyReJLIyeOx2zcnZ3c/pJjw=,L0FHtG/yvkMoUiT8WjcUZPAhyh0=
29,-2,afwasyReJLIyeOx2zcnZ3c/pJjw=,L0FHtG/yvkMoUiT8WjcUZPAhyh0=
26,-4,afwasyReJLIyeOx2zcnZ3c/pJjw=,L0FHtG/yvkMoUiT8WjcUZPAhyh0=
28,-2,afwasyReJLIyeOx2zcnZ3c/pJjw=,L0FHtG/yvkMoUiT8WjcUZPAhyh0=
25,-4,afwasyReJLIyeOx2zcnZ3c/pJjw=,L0FHtG/yvkMoUiT8WjcUZPAhyh0=
30,-6,afwasyReJLIyeOx2zcnZ3c/pJjw=,L0FHtG/yvkMoUiT8WjcUZPAhyh0=
30,-5,afwasyReJLIyeOx2zcnZ3c/pJjw=,L0FHtG/yvkMoUiT8WjcUZPAhyh0=
29,-6,afwasyReJLIyeOx2zcnZ3c/pJjw=,L0FHtG/yvkMoUiT8WjcUZPAhyh0=
27,-2,afwasyReJLIyeOx2zcnZ3c/pJjw=,L0FHtG/yvkMoUiT8WjcUZPAhyh0=
28,-3,afwasyReJLIyeOx2zcnZ3c/pJjw=,L0FHtG/yvkMoUiT8WjcUZPAhyh0=
27,-3,afwasyReJLIyeOx2zcnZ3c/pJjw=,L0FHtG/yvkMoUiT8WjcUZPAhyh0=
29,-5,afwasyReJLIyeOx2zcnZ3c/pJjw=,L0FHtG/yvkMoUiT8WjcUZPAhyh0=
26,-2,afwasyReJLIyeOx2zcnZ3c/pJjw=,L0FHtG/yvkMoUiT8WjcUZPAhyh0=
28,-5,afwasyReJLIyeOx2zcnZ3c/pJjw=,L0FHtG/yvkMoUiT8WjcUZPAhyh0=
27,-5,afwasyReJLIyeOx2zcnZ3c/pJjw=,L0FHtG/yvkMoUiT8WjcUZPAhyh0=
26,-5,afwasyReJLIyeOx2zcnZ3c/pJjw=,L0FHtG/yvkMoUiT8WjcUZPAhyh0=
28,-6,afwasyReJLIyeOx2zcnZ3c/pJjw=,L0FHtG/yvkMoUiT8WjcUZPAhyh0=
27,-6,afwasyReJLIyeOx2zcnZ3c/pJjw=,L0FHtG/yvkMoUiT8WjcUZPAhyh0=
26,-3,afwasyReJLIyeOx2zcnZ3c/pJjw=,L0FHtG/yvkMoUiT8WjcUZPAhyh0=
25,-3,afwasyReJLIyeOx2zcnZ3c/pJjw=,L0FHtG/yvkMoUiT8WjcUZPAhyh0=
30,-4,afwasyReJLIyeOx2zcnZ3c/pJjw=,L0FHtG/yvkMoUiT8WjcUZPAhyh0=
20,-15,afwasyReJLIyeOx2zcnZ3c/pJjw=,WuHF+nuEcRBd7Day6NmbzuPhLU8=
21,-15,afwasyReJLIyeOx2zcnZ3c/pJjw=,WuHF+nuEcRBd7Day6NmbzuPhLU8=
22,-15,afwasyReJLIyeOx2zcnZ3c/pJjw=,WuHF+nuEcRBd7Day6NmbzuPhLU8=
17,-14,afwasyReJLIyeOx2zcnZ3c/pJjw=,WuHF+nuEcRBd7Day6NmbzuPhLU8=
18,-14,afwasyReJLIyeOx2zcnZ3c/pJjw=,WuHF+nuEcRBd7Day6NmbzuPhLU8=
19,-14,afwasyReJLIyeOx2zcnZ3c/pJjw=,WuHF+nuEcRBd7Day6NmbzuPhLU8=
20,-14,afwasyReJLIyeOx2zcnZ3c/pJjw=,WuHF+nuEcRBd7Day6NmbzuPhLU8=
21,-14,afwasyReJLIyeOx2zcnZ3c/pJjw=,WuHF+nuEcRBd7Day6NmbzuPhLU8=
22,-14,afwasyReJLIyeOx2zcnZ3c/pJjw=,WuHF+nuEcRBd7Day6NmbzuPhLU8=
17,-13,afwasyReJLIyeOx2zcnZ3c/pJjw=,WuHF+nuEcRBd7Day6NmbzuPhLU8=
18,-13,afwasyReJLIyeOx2zcnZ3c/pJjw=,WuHF+nuEcRBd7Day6NmbzuPhLU8=
19,-13,afwasyReJLIyeOx2zcnZ3c/pJjw=,WuHF+nuEcRBd7Day6NmbzuPhLU8=
20,-13,afwasyReJLIyeOx2zcnZ3c/pJjw=,WuHF+nuEcRBd7Day6NmbzuPhLU8=
21,-13,afwasyReJLIyeOx2zcnZ3c/pJjw=,WuHF+nuEcRBd7Day6NmbzuPhLU8=
22,-13,afwasyReJLIyeOx2zcnZ3c/pJjw=,WuHF+nuEcRBd7Day6NmbzuPhLU8=
17,-12,afwasyReJLIyeOx2zcnZ3c/pJjw=,WuHF+nuEcRBd7Day6NmbzuPhLU8=
18,-12,afwasyReJLIyeOx2zcnZ3c/pJjw=,WuHF+nuEcRBd7Day6NmbzuPhLU8=
19,-12,afwasyReJLIyeOx2zcnZ3c/pJjw=,WuHF+nuEcRBd7Day6NmbzuPhLU8=
20,-12,afwasyReJLIyeOx2zcnZ3c/pJjw=,WuHF+nuEcRBd7Day6NmbzuPhLU8=
21,-12,afwasyReJLIyeOx2zcnZ3c/pJjw=,WuHF+nuEcRBd7Day6NmbzuPhLU8=
22,-12,afwasyReJLIyeOx2zcnZ3c/pJjw=,WuHF+nuEcRBd7Day6NmbzuPhLU8=
17,-11,afwasyReJLIyeOx2zcnZ3c/pJjw=,WuHF+nuEcRBd7Day6NmbzuPhLU8=
18,-11,afwasyReJLIyeOx2zcnZ3c/pJjw=,WuHF+nuEcRBd7Day6NmbzuPhLU8=
19,-11,afwasyReJLIyeOx2zcnZ3c/pJjw=,WuHF+nuEcRBd7Day6NmbzuPhLU8=
20,-11,afwasyReJLIyeOx2zcnZ3c/pJjw=,WuHF+nuEcRBd7Day6NmbzuPhLU8=
21,-11,afwasyReJLIyeOx2zcnZ3c/pJjw=,WuHF+nuEcRBd7Day6NmbzuPhLU8=
17,-10,afwasyReJLIyeOx2zcnZ3c/pJjw=,WuHF+nuEcRBd7Day6NmbzuPhLU8=
18,-10,afwasyReJLIyeOx2zcnZ3c/pJjw=,WuHF+nuEcRBd7Day6NmbzuPhLU8=
17,-15,afwasyReJLIyeOx2zcnZ3c/pJjw=,WuHF+nuEcRBd7Day6NmbzuPhLU8=
18,-15,afwasyReJLIyeOx2zcnZ3c/pJjw=,WuHF+nuEcRBd7Day6NmbzuPhLU8=
19,-15,afwasyReJLIyeOx2zcnZ3c/pJjw=,WuHF+nuEcRBd7Day6NmbzuPhLU8=
23,-15,afwasyReJLIyeOx2zcnZ3c/pJjw=,WuHF+nuEcRBd7Day6NmbzuPhLU8=
24,-15,afwasyReJLIyeOx2zcnZ3c/pJjw=,mafQCUWr2eNjBAtPTru4cMWtWDo=
25,-15,afwasyReJLIyeOx2zcnZ3c/pJjw=,mafQCUWr2eNjBAtPTru4cMWtWDo=
26,-15,afwasyReJLIyeOx2zcnZ3c/pJjw=,mafQCUWr2eNjBAtPTru4cMWtWDo=
27,-15,afwasyReJLIyeOx2zcnZ3c/pJjw=,mafQCUWr2eNjBAtPTru4cMWtWDo=
28,-15,afwasyReJLIyeOx2zcnZ3c/pJjw=,mafQCUWr2eNjBAtPTru4cMWtWDo=
29,-15,afwasyReJLIyeOx2zcnZ3c/pJjw=,mafQCUWr2eNjBAtPTru4cMWtWDo=
30,-15,afwasyReJLIyeOx2zcnZ3c/pJjw=,mafQCUWr2eNjBAtPTru4cMWtWDo=
23,-14,afwasyReJLIyeOx2zcnZ3c/pJjw=,WuHF+nuEcRBd7Day6NmbzuPhLU8=
24,-14,afwasyReJLIyeOx2zcnZ3c/pJjw=,mafQCUWr2eNjBAtPTru4cMWtWDo=
25,-14,afwasyReJLIyeOx2zcnZ3c/pJjw=,mafQCUWr2eNjBAtPTru4cMWtWDo=
26,-14,afwasyReJLIyeOx2zcnZ3c/pJjw=,mafQCUWr2eNjBAtPTru4cMWtWDo=
27,-14,afwasyReJLIyeOx2zcnZ3c/pJjw=,mafQCUWr2eNjBAtPTru4cMWtWDo=
28,-14,afwasyReJLIyeOx2zcnZ3c/pJjw=,mafQCUWr2eNjBAtPTru4cMWtWDo=
29,-14,afwasyReJLIyeOx2zcnZ3c/pJjw=,mafQCUWr2eNjBAtPTru4cMWtWDo=
24,-13,afwasyReJLIyeOx2zcnZ3c/pJjw=,mafQCUWr2eNjBAtPTru4cMWtWDo=
25,-13,afwasyReJLIyeOx2zcnZ3c/pJjw=,mafQCUWr2eNjBAtPTru4cMWtWDo=
23,-13,afwasyReJLIyeOx2zcnZ3c/pJjw=,WuHF+nuEcRBd7Day6NmbzuPhLU8=
23,-12,afwasyReJLIyeOx2zcnZ3c/pJjw=,WuHF+nuEcRBd7Day6NmbzuPhLU8=
25,-16,afwasyReJLIyeOx2zcnZ3c/pJjw=,mafQCUWr2eNjBAtPTru4cMWtWDo=
26,-16,afwasyReJLIyeOx2zcnZ3c/pJjw=,mafQCUWr2eNjBAtPTru4cMWtWDo=
27,-16,afwasyReJLIyeOx2zcnZ3c/pJjw=,mafQCUWr2eNjBAtPTru4cMWtWDo=
28,-16,afwasyReJLIyeOx2zcnZ3c/pJjw=,mafQCUWr2eNjBAtPTru4cMWtWDo=
29,-16,afwasyReJLIyeOx2zcnZ3c/pJjw=,mafQCUWr2eNjBAtPTru4cMWtWDo=
30,-16,afwasyReJLIyeOx2zcnZ3c/pJjw=,mafQCUWr2eNjBAtPTru4cMWtWDo=
31,-15,afwasyReJLIyeOx2zcnZ3c/pJjw=,mafQCUWr2eNjBAtPTru4cMWtWDo=
24,-3,afwasyReJLIyeOx2zcnZ3c/pJjw=,L0FHtG/yvkMoUiT8WjcUZPAhyh0=
27,-9,afwasyReJLIyeOx2zcnZ3c/pJjw=,mafQCUWr2eNjBAtPTru4cMWtWDo=
26,-9,afwasyReJLIyeOx2zcnZ3c/pJjw=,mafQCUWr2eNjBAtPTru4cMWtWDo=
16,-4,afwasyReJLIyeOx2zcnZ3c/pJjw=,kVx3qhlgzK7pDDMEDPDZergy9Jk=
16,-3,afwasyReJLIyeOx2zcnZ3c/pJjw=,kVx3qhlgzK7pDDMEDPDZergy9Jk=
16,-14,afwasyReJLIyeOx2zcnZ3c/pJjw=,WuHF+nuEcRBd7Day6NmbzuPhLU8=
16,-13,afwasyReJLIyeOx2zcnZ3c/pJjw=,WuHF+nuEcRBd7Day6NmbzuPhLU8=
16,-12,afwasyReJLIyeOx2zcnZ3c/pJjw=,WuHF+nuEcRBd7Day6NmbzuPhLU8=
16,-11,afwasyReJLIyeOx2zcnZ3c/pJjw=,WuHF+nuEcRBd7Day6NmbzuPhLU8=
16,-10,afwasyReJLIyeOx2zcnZ3c/pJjw=,WuHF+nuEcRBd7Day6NmbzuPhLU8=
16,-15,afwasyReJLIyeOx2zcnZ3c/pJjw=,WuHF+nuEcRBd7Day6NmbzuPhLU8=
25,-9,afwasyReJLIyeOx2zcnZ3c/pJjw=,mafQCUWr2eNjBAtPTru4cMWtWDo=
23,-3,afwasyReJLIyeOx2zcnZ3c/pJjw=,kVx3qhlgzK7pDDMEDPDZergy9Jk=
22,-3,afwasyReJLIyeOx2zcnZ3c/pJjw=,kVx3qhlgzK7pDDMEDPDZergy9Jk=
31,-16,afwasyReJLIyeOx2zcnZ3c/pJjw=,mafQCUWr2eNjBAtPTru4cMWtWDo=
31,-4,afwasyReJLIyeOx2zcnZ3c/pJjw=,L0FHtG/yvkMoUiT8WjcUZPAhyh0=
31,-3,afwasyReJLIyeOx2zcnZ3c/pJjw=,L0FHtG/yvkMoUiT8WjcUZPAhyh0=
28,-1,afwasyReJLIyeOx2zcnZ3c/pJjw=,L0FHtG/yvkMoUiT8WjcUZPAhyh0=
29,-1,afwasyReJLIyeOx2zcnZ3c/pJjw=,L0FHtG/yvkMoUiT8WjcUZPAhyh0=
30,-1,afwasyReJLIyeOx2zcnZ3c/pJjw=,L0FHtG/yvkMoUiT8WjcUZPAhyh0=
31,-1,afwasyReJLIyeOx2zcnZ3c/pJjw=,L0FHtG/yvkMoUiT8WjcUZPAhyh0=
24,-16,afwasyReJLIyeOx2zcnZ3c/pJjw=,mafQCUWr2eNjBAtPTru4cMWtWDo=
30,-14,afwasyReJLIyeOx2zcnZ3c/pJjw=,mafQCUWr2eNjBAtPTru4cMWtWDo=
27,-10,afwasyReJLIyeOx2zcnZ3c/pJjw=,mafQCUWr2eNjBAtPTru4cMWtWDo=
22,-11,afwasyReJLIyeOx2zcnZ3c/pJjw=,WuHF+nuEcRBd7Day6NmbzuPhLU8=
31,-13,afwasyReJLIyeOx2zcnZ3c/pJjw=,mafQCUWr2eNjBAtPTru4cMWtWDo=
20,-10,afwasyReJLIyeOx2zcnZ3c/pJjw=,WuHF+nuEcRBd7Day6NmbzuPhLU8=
26,-10,afwasyReJLIyeOx2zcnZ3c/pJjw=,mafQCUWr2eNjBAtPTru4cMWtWDo=
31,-14,afwasyReJLIyeOx2zcnZ3c/pJjw=,mafQCUWr2eNjBAtPTru4cMWtWDo=
23,-4,afwasyReJLIyeOx2zcnZ3c/pJjw=,kVx3qhlgzK7pDDMEDPDZergy9Jk=
21,-9,afwasyReJLIyeOx2zcnZ3c/pJjw=,WuHF+nuEcRBd7Day6NmbzuPhLU8=
20,-9,afwasyReJLIyeOx2zcnZ3c/pJjw=,WuHF+nuEcRBd7Day6NmbzuPhLU8=
19,-9,afwasyReJLIyeOx2zcnZ3c/pJjw=,WuHF+nuEcRBd7Day6NmbzuPhLU8=
30,-13,afwasyReJLIyeOx2zcnZ3c/pJjw=,mafQCUWr2eNjBAtPTru4cMWtWDo=
27,-13,afwasyReJLIyeOx2zcnZ3c/pJjw=,mafQCUWr2eNjBAtPTru4cMWtWDo=
25,-10,afwasyReJLIyeOx2zcnZ3c/pJjw=,mafQCUWr2eNjBAtPTru4cMWtWDo=
26,-13,afwasyReJLIyeOx2zcnZ3c/pJjw=,mafQCUWr2eNjBAtPTru4cMWtWDo=
17,-16,afwasyReJLIyeOx2zcnZ3c/pJjw=,WuHF+nuEcRBd7Day6NmbzuPhLU8=
18,-16,afwasyReJLIyeOx2zcnZ3c/pJjw=,WuHF+nuEcRBd7Day6NmbzuPhLU8=
19,-16,afwasyReJLIyeOx2zcnZ3c/pJjw=,WuHF+nuEcRBd7Day6NmbzuPhLU8=
20,-16,afwasyReJLIyeOx2zcnZ3c/pJjw=,WuHF+nuEcRBd7Day6NmbzuPhLU8=
21,-16,afwasyReJLIyeOx2zcnZ3c/pJjw=,WuHF+nuEcRBd7Day6NmbzuPhLU8=
22,-16,afwasyReJLIyeOx2zcnZ3c/pJjw=,WuHF+nuEcRBd7Day6NmbzuPhLU8=
23,-16,afwasyReJLIyeOx2zcnZ3c/pJjw=,WuHF+nuEcRBd7Day6NmbzuPhLU8=
16,-16,afwasyReJLIyeOx2zcnZ3c/pJjw=,WuHF+nuEcRBd7Day6NmbzuPhLU8=
29,-13,afwasyReJLIyeOx2zcnZ3c/pJjw=,mafQCUWr2eNjBAtPTru4cMWtWDo=
31,-10,afwasyReJLIyeOx2zcnZ3c/pJjw=,mafQCUWr2eNjBAtPTru4cMWtWDo=
24,-4,afwasyReJLIyeOx2zcnZ3c/pJjw=,L0FHtG/yvkMoUiT8WjcUZPAhyh0=
19,-10,afwasyReJLIyeOx2zcnZ3c/pJjw=,WuHF+nuEcRBd7Day6NmbzuPhLU8=
24,-10,afwasyReJLIyeOx2zcnZ3c/pJjw=,mafQCUWr2eNjBAtPTru4cMWtWDo=
28,-13,afwasyReJLIyeOx2zcnZ3c/pJjw=,mafQCUWr2eNjBAtPTru4cMWtWDo=
22,-9,mjo38u6iNOZX6vxLnUt1ehY8pz4=,WuHF+nuEcRBd7Day6NmbzuPhLU8=
24,-9,mjo38u6iNOZX6vxLnUt1ehY8pz4=,mafQCUWr2eNjBAtPTru4cMWtWDo=
17,-9,mjo38u6iNOZX6vxLnUt1ehY8pz4=,WuHF+nuEcRBd7Day6NmbzuPhLU8=
21,-10,mjo38u6iNOZX6vxLnUt1ehY8pz4=,WuHF+nuEcRBd7Day6NmbzuPhLU8=
31,-11,mjo38u6iNOZX6vxLnUt1ehY8pz4=,mafQCUWr2eNjBAtPTru4cMWtWDo=
22,-10,mjo38u6iNOZX6vxLnUt1ehY8pz4=,WuHF+nuEcRBd7Day6NmbzuPhLU8=
23,-5,mjo38u6iNOZX6vxLnUt1ehY8pz4=,kVx3qhlgzK7pDDMEDPDZergy9Jk=
25,-2,mjo38u6iNOZX6vxLnUt1ehY8pz4=,L0FHtG/yvkMoUiT8WjcUZPAhyh0=
16,-9,mjo38u6iNOZX6vxLnUt1ehY8pz4=,WuHF+nuEcRBd7Day6NmbzuPhLU8=
23,-11,mjo38u6iNOZX6vxLnUt1ehY8pz4=,WuHF+nuEcRBd7Day6NmbzuPhLU8=
26,-6,mjo38u6iNOZX6vxLnUt1ehY8pz4=,L0FHtG/yvkMoUiT8WjcUZPAhyh0=
18,-9,mjo38u6iNOZX6vxLnUt1ehY8pz4=,WuHF+nuEcRBd7Day6NmbzuPhLU8=
27,-7,mjo38u6iNOZX6vxLnUt1ehY8pz4=,L0FHtG/yvkMoUiT8WjcUZPAhyh0=
31,-12,mjo38u6iNOZX6vxLnUt1ehY8pz4=,mafQCUWr2eNjBAtPTru4cMWtWDo=
23,-10,mjo38u6iNOZX6vxLnUt1ehY8pz4=,WuHF+nuEcRBd7Day6NmbzuPhLU8=
23,-9,mjo38u6iNOZX6vxLnUt1ehY8pz4=,WuHF+nuEcRBd7Day6NmbzuPhLU8=
27,-11,mjo38u6iNOZX6vxLnUt1ehY8pz4=,mafQCUWr2eNjBAtPTru4cMWtWDo=
16,-1,mjo38u6iNOZX6vxLnUt1ehY8pz4=,kVx3qhlgzK7pDDMEDPDZergy9Jk=
16,-2,mjo38u6iNOZX6vxLnUt1ehY8pz4=,kVx3qhlgzK7pDDMEDPDZergy9Jk=
26,-7,mjo38u6iNOZX6vxLnUt1ehY8pz4=,L0FHtG/yvkMoUiT8WjcUZPAhyh0=
30,-9,mjo38u6iNOZX6vxLnUt1ehY8pz4=,mafQCUWr2eNjBAtPTru4cMWtWDo=
25,-6,mjo38u6iNOZX6vxLnUt1ehY8pz4=,L0FHtG/yvkMoUiT8WjcUZPAhyh0=
24,-12,mjo38u6iNOZX6vxLnUt1ehY8pz4=,mafQCUWr2eNjBAtPTru4cMWtWDo=
19,-2,mjo38u6iNOZX6vxLnUt1ehY8pz4=,kVx3qhlgzK7pDDMEDPDZergy9Jk=
18,-1,mjo38u6iNOZX6vxLnUt1ehY8pz4=,kVx3qhlgzK7pDDMEDPDZergy9Jk=
17,-1,mjo38u6iNOZX6vxLnUt1ehY8pz4=,kVx3qhlgzK7pDDMEDPDZergy9Jk=
27,-8,mjo38u6iNOZX6vxLnUt1ehY8pz4=,L0FHtG/yvkMoUiT8WjcUZPAhyh0=
29,-9,mjo38u6iNOZX6vxLnUt1ehY8pz4=,mafQCUWr2eNjBAtPTru4cMWtWDo=
26,-11,mjo38u6iNOZX6vxLnUt1ehY8pz4=,mafQCUWr2eNjBAtPTru4cMWtWDo=
17,-2,mjo38u6iNOZX6vxLnUt1ehY8pz4=,kVx3qhlgzK7pDDMEDPDZergy9Jk=
26,-8,mjo38u6iNOZX6vxLnUt1ehY8pz4=,L0FHtG/yvkMoUiT8WjcUZPAhyh0=
20,-4,mjo38u6iNOZX6vxLnUt1ehY8pz4=,kVx3qhlgzK7pDDMEDPDZergy9Jk=
25,-7,mjo38u6iNOZX6vxLnUt1ehY8pz4=,L0FHtG/yvkMoUiT8WjcUZPAhyh0=
17,-3,mjo38u6iNOZX6vxLnUt1ehY8pz4=,kVx3qhlgzK7pDDMEDPDZergy9Jk=
25,-11,mjo38u6iNOZX6vxLnUt1ehY8pz4=,mafQCUWr2eNjBAtPTru4cMWtWDo=
20,-2,mjo38u6iNOZX6vxLnUt1ehY8pz4=,kVx3qhlgzK7pDDMEDPDZergy9Jk=
28,-9,mjo38u6iNOZX6vxLnUt1ehY8pz4=,mafQCUWr2eNjBAtPTru4cMWtWDo=
18,-3,mjo38u6iNOZX6vxLnUt1ehY8pz4=,kVx3qhlgzK7pDDMEDPDZergy9Jk=
19,-3,mjo38u6iNOZX6vxLnUt1ehY8pz4=,kVx3qhlgzK7pDDMEDPDZergy9Jk=
21,-2,mjo38u6iNOZX6vxLnUt1ehY8pz4=,kVx3qhlgzK7pDDMEDPDZergy9Jk=
24,-11,mjo38u6iNOZX6vxLnUt1ehY8pz4=,mafQCUWr2eNjBAtPTru4cMWtWDo=
21,-4,mjo38u6iNOZX6vxLnUt1ehY8pz4=,kVx3qhlgzK7pDDMEDPDZergy9Jk=
30,-10,mjo38u6iNOZX6vxLnUt1ehY8pz4=,mafQCUWr2eNjBAtPTru4cMWtWDo=
22,-2,mjo38u6iNOZX6vxLnUt1ehY8pz4=,kVx3qhlgzK7pDDMEDPDZergy9Jk=
17,-8,mjo38u6iNOZX6vxLnUt1ehY8pz4=,kVx3qhlgzK7pDDMEDPDZergy9Jk=
18,-2,mjo38u6iNOZX6vxLnUt1ehY8pz4=,kVx3qhlgzK7pDDMEDPDZergy9Jk=
22,-4,mjo38u6iNOZX6vxLnUt1ehY8pz4=,kVx3qhlgzK7pDDMEDPDZergy9Jk=
17,-4,mjo38u6iNOZX6vxLnUt1ehY8pz4=,kVx3qhlgzK7pDDMEDPDZergy9Jk=
29,-10,mjo38u6iNOZX6vxLnUt1ehY8pz4=,mafQCUWr2eNjBAtPTru4cMWtWDo=
27,-1,mjo38u6iNOZX6vxLnUt1ehY8pz4=,L0FHtG/yvkMoUiT8WjcUZPAhyh0=
19,-1,mjo38u6iNOZX6vxLnUt1ehY8pz4=,kVx3qhlgzK7pDDMEDPDZergy9Jk=
18,-8,mjo38u6iNOZX6vxLnUt1ehY8pz4=,kVx3qhlgzK7pDDMEDPDZergy9Jk=
25,-12,mjo38u6iNOZX6vxLnUt1ehY8pz4=,mafQCUWr2eNjBAtPTru4cMWtWDo=
20,-8,mjo38u6iNOZX6vxLnUt1ehY8pz4=,kVx3qhlgzK7pDDMEDPDZergy9Jk=
27,-12,mjo38u6iNOZX6vxLnUt1ehY8pz4=,mafQCUWr2eNjBAtPTru4cMWtWDo=
28,-10,mjo38u6iNOZX6vxLnUt1ehY8pz4=,mafQCUWr2eNjBAtPTru4cMWtWDo=
19,-4,mjo38u6iNOZX6vxLnUt1ehY8pz4=,kVx3qhlgzK7pDDMEDPDZergy9Jk=
21,-8,mjo38u6iNOZX6vxLnUt1ehY8pz4=,kVx3qhlgzK7pDDMEDPDZergy9Jk=
19,-8,mjo38u6iNOZX6vxLnUt1ehY8pz4=,kVx3qhlgzK7pDDMEDPDZergy9Jk=
26,-1,mjo38u6iNOZX6vxLnUt1ehY8pz4=,L0FHtG/yvkMoUiT8WjcUZPAhyh0=
25,-8,mjo38u6iNOZX6vxLnUt1ehY8pz4=,L0FHtG/yvkMoUiT8WjcUZPAhyh0=
31,-2,mjo38u6iNOZX6vxLnUt1ehY8pz4=,L0FHtG/yvkMoUiT8WjcUZPAhyh0=
22,-8,mjo38u6iNOZX6vxLnUt1ehY8pz4=,kVx3qhlgzK7pDDMEDPDZergy9Jk=
24,-6,mjo38u6iNOZX6vxLnUt1ehY8pz4=,L0FHtG/yvkMoUiT8WjcUZPAhyh0=
26,-12,mjo38u6iNOZX6vxLnUt1ehY8pz4=,mafQCUWr2eNjBAtPTru4cMWtWDo=
18,-4,mjo38u6iNOZX6vxLnUt1ehY8pz4=,kVx3qhlgzK7pDDMEDPDZergy9Jk=
30,-11,mjo38u6iNOZX6vxLnUt1ehY8pz4=,mafQCUWr2eNjBAtPTru4cMWtWDo=
24,-2,mjo38u6iNOZX6vxLnUt1ehY8pz4=,L0FHtG/yvkMoUiT8WjcUZPAhyh0=
17,-7,mjo38u6iNOZX6vxLnUt1ehY8pz4=,kVx3qhlgzK7pDDMEDPDZergy9Jk=
18,-7,mjo38u6iNOZX6vxLnUt1ehY8pz4=,kVx3qhlgzK7pDDMEDPDZergy9Jk=
23,-2,mjo38u6iNOZX6vxLnUt1ehY8pz4=,kVx3qhlgzK7pDDMEDPDZergy9Jk=
24,-5,mjo38u6iNOZX6vxLnUt1ehY8pz4=,L0FHtG/yvkMoUiT8WjcUZPAhyh0=
25,-1,mjo38u6iNOZX6vxLnUt1ehY8pz4=,L0FHtG/yvkMoUiT8WjcUZPAhyh0=
20,-1,mjo38u6iNOZX6vxLnUt1ehY8pz4=,kVx3qhlgzK7pDDMEDPDZergy9Jk=
23,-8,mjo38u6iNOZX6vxLnUt1ehY8pz4=,kVx3qhlgzK7pDDMEDPDZergy9Jk=
29,-11,mjo38u6iNOZX6vxLnUt1ehY8pz4=,mafQCUWr2eNjBAtPTru4cMWtWDo=
20,-7,mjo38u6iNOZX6vxLnUt1ehY8pz4=,kVx3qhlgzK7pDDMEDPDZergy9Jk=
31,-5,mjo38u6iNOZX6vxLnUt1ehY8pz4=,L0FHtG/yvkMoUiT8WjcUZPAhyh0=
21,-1,mjo38u6iNOZX6vxLnUt1ehY8pz4=,kVx3qhlgzK7pDDMEDPDZergy9Jk=
17,-6,mjo38u6iNOZX6vxLnUt1ehY8pz4=,kVx3qhlgzK7pDDMEDPDZergy9Jk=
20,-6,mjo38u6iNOZX6vxLnUt1ehY8pz4=,kVx3qhlgzK7pDDMEDPDZergy9Jk=
31,-6,mjo38u6iNOZX6vxLnUt1ehY8pz4=,L0FHtG/yvkMoUiT8WjcUZPAhyh0=
24,-7,mjo38u6iNOZX6vxLnUt1ehY8pz4=,L0FHtG/yvkMoUiT8WjcUZPAhyh0=
21,-7,mjo38u6iNOZX6vxLnUt1ehY8pz4=,kVx3qhlgzK7pDDMEDPDZergy9Jk=
18,-6,mjo38u6iNOZX6vxLnUt1ehY8pz4=,kVx3qhlgzK7pDDMEDPDZergy9Jk=
19,-7,mjo38u6iNOZX6vxLnUt1ehY8pz4=,kVx3qhlgzK7pDDMEDPDZergy9Jk=
17,-5,mjo38u6iNOZX6vxLnUt1ehY8pz4=,kVx3qhlgzK7pDDMEDPDZergy9Jk=
31,-9,mjo38u6iNOZX6vxLnUt1ehY8pz4=,mafQCUWr2eNjBAtPTru4cMWtWDo=
28,-11,mjo38u6iNOZX6vxLnUt1ehY8pz4=,mafQCUWr2eNjBAtPTru4cMWtWDo=
22,-7,mjo38u6iNOZX6vxLnUt1ehY8pz4=,kVx3qhlgzK7pDDMEDPDZergy9Jk=
22,-1,mjo38u6iNOZX6vxLnUt1ehY8pz4=,kVx3qhlgzK7pDDMEDPDZergy9Jk=
28,-12,mjo38u6iNOZX6vxLnUt1ehY8pz4=,mafQCUWr2eNjBAtPTru4cMWtWDo=
19,-5,mjo38u6iNOZX6vxLnUt1ehY8pz4=,kVx3qhlgzK7pDDMEDPDZergy9Jk=
24,-1,mjo38u6iNOZX6vxLnUt1ehY8pz4=,L0FHtG/yvkMoUiT8WjcUZPAhyh0=
23,-7,mjo38u6iNOZX6vxLnUt1ehY8pz4=,kVx3qhlgzK7pDDMEDPDZergy9Jk=
30,-7,mjo38u6iNOZX6vxLnUt1ehY8pz4=,L0FHtG/yvkMoUiT8WjcUZPAhyh0=
31,-8,mjo38u6iNOZX6vxLnUt1ehY8pz4=,L0FHtG/yvkMoUiT8WjcUZPAhyh0=
21,-6,mjo38u6iNOZX6vxLnUt1ehY8pz4=,kVx3qhlgzK7pDDMEDPDZergy9Jk=
30,-12,mjo38u6iNOZX6vxLnUt1ehY8pz4=,mafQCUWr2eNjBAtPTru4cMWtWDo=
23,-6,mjo38u6iNOZX6vxLnUt1ehY8pz4=,kVx3qhlgzK7pDDMEDPDZergy9Jk=
29,-12,mjo38u6iNOZX6vxLnUt1ehY8pz4=,mafQCUWr2eNjBAtPTru4cMWtWDo=
22,-6,mjo38u6iNOZX6vxLnUt1ehY8pz4=,kVx3qhlgzK7pDDMEDPDZergy9Jk=
19,-6,mjo38u6iNOZX6vxLnUt1ehY8pz4=,kVx3qhlgzK7pDDMEDPDZergy9Jk=
18,-5,mjo38u6iNOZX6vxLnUt1ehY8pz4=,kVx3qhlgzK7pDDMEDPDZergy9Jk=
28,-7,mjo38u6iNOZX6vxLnUt1ehY8pz4=,L0FHtG/yvkMoUiT8WjcUZPAhyh0=
28,-8,mjo38u6iNOZX6vxLnUt1ehY8pz4=,L0FHtG/yvkMoUiT8WjcUZPAhyh0=
31,-7,mjo38u6iNOZX6vxLnUt1ehY8pz4=,L0FHtG/yvkMoUiT8WjcUZPAhyh0=
29,-7,mjo38u6iNOZX6vxLnUt1ehY8pz4=,L0FHtG/yvkMoUiT8WjcUZPAhyh0=
30,-8,mjo38u6iNOZX6vxLnUt1ehY8pz4=,L0FHtG/yvkMoUiT8WjcUZPAhyh0=
29,-8,mjo38u6iNOZX6vxLnUt1ehY8pz4=,L0FHtG/yvkMoUiT8WjcUZPAhyh0=
22,-5,mjo38u6iNOZX6vxLnUt1ehY8pz4=,kVx3qhlgzK7pDDMEDPDZergy9Jk=
24,-8,mjo38u6iNOZX6vxLnUt1ehY8pz4=,L0FHtG/yvkMoUiT8WjcUZPAhyh0=
20,-5,mjo38u6iNOZX6vxLnUt1ehY8pz4=,kVx3qhlgzK7pDDMEDPDZergy9Jk=
21,-5,mjo38u6iNOZX6vxLnUt1ehY8pz4=,kVx3qhlgzK7pDDMEDPDZergy9Jk=
21,-3,mjo38u6iNOZX6vxLnUt1ehY8pz4=,kVx3qhlgzK7pDDMEDPDZergy9Jk=
16,-6,mjo38u6iNOZX6vxLnUt1ehY8pz4=,kVx3qhlgzK7pDDMEDPDZergy9Jk=
16,-8,mjo38u6iNOZX6vxLnUt1ehY8pz4=,kVx3qhlgzK7pDDMEDPDZergy9Jk=
16,-7,mjo38u6iNOZX6vxLnUt1ehY8pz4=,kVx3qhlgzK7pDDMEDPDZergy9Jk=
16,-5,mjo38u6iNOZX6vxLnUt1ehY8pz4=,kVx3qhlgzK7pDDMEDPDZergy9Jk=
20,-3,mjo38u6iNOZX6vxLnUt1ehY8pz4=,kVx3qhlgzK7pDDMEDPDZergy9Jk=
23,-1,mjo38u6iNOZX6vxLnUt1ehY8pz4=,kVx3qhlgzK7pDDMEDPDZergy9Jk=
9,-11,Id5w7zseZUUc7CXHW4joMGav168=,1XxnOAxwVLYIQ6OLQn4Zi7UXr2A=
10,-11,Id5w7zseZUUc7CXHW4joMGav168=,1XxnOAxwVLYIQ6OLQn4Zi7UXr2A=
11,-11,Id5w7zseZUUc7CXHW4joMGav168=,1XxnOAxwVLYIQ6OLQn4Zi7UXr2A=
12,-11,Id5w7zseZUUc7CXHW4joMGav168=,1XxnOAxwVLYIQ6OLQn4Zi7UXr2A=
13,-11,Id5w7zseZUUc7CXHW4joMGav168=,1XxnOAxwVLYIQ6OLQn4Zi7UXr2A=
14,-11,Id5w7zseZUUc7CXHW4joMGav168=,1XxnOAxwVLYIQ6OLQn4Zi7UXr2A=
9,-10,Id5w7zseZUUc7CXHW4joMGav168=,1XxnOAxwVLYIQ6OLQn4Zi7UXr2A=
9,-15,Id5w7zseZUUc7CXHW4joMGav168=,1XxnOAxwVLYIQ6OLQn4Zi7UXr2A=
10,-10,Id5w7zseZUUc7CXHW4joMGav168=,1XxnOAxwVLYIQ6OLQn4Zi7UXr2A=
11,-10,Id5w7zseZUUc7CXHW4joMGav168=,1XxnOAxwVLYIQ6OLQn4Zi7UXr2A=
12,-10,Id5w7zseZUUc7CXHW4joMGav168=,1XxnOAxwVLYIQ6OLQn4Zi7UXr2A=
10,-15,Id5w7zseZUUc7CXHW4joMGav168=,1XxnOAxwVLYIQ6OLQn4Zi7UXr2A=
13,-10,Id5w7zseZUUc7CXHW4joMGav168=,1XxnOAxwVLYIQ6OLQn4Zi7UXr2A=
14,-10,Id5w7zseZUUc7CXHW4joMGav168=,1XxnOAxwVLYIQ6OLQn4Zi7UXr2A=
11,-15,Id5w7zseZUUc7CXHW4joMGav168=,1XxnOAxwVLYIQ6OLQn4Zi7UXr2A=
12,-15,Id5w7zseZUUc7CXHW4joMGav168=,1XxnOAxwVLYIQ6OLQn4Zi7UXr2A=
14,-12,Id5w7zseZUUc7CXHW4joMGav168=,1XxnOAxwVLYIQ6OLQn4Zi7UXr2A=
13,-12,Id5w7zseZUUc7CXHW4joMGav168=,1XxnOAxwVLYIQ6OLQn4Zi7UXr2A=
12,-12,Id5w7zseZUUc7CXHW4joMGav168=,1XxnOAxwVLYIQ6OLQn4Zi7UXr2A=
13,-15,Id5w7zseZUUc7CXHW4joMGav168=,1XxnOAxwVLYIQ6OLQn4Zi7UXr2A=
10,-12,Id5w7zseZUUc7CXHW4joMGav168=,1XxnOAxwVLYIQ6OLQn4Zi7UXr2A=
11,-12,Id5w7zseZUUc7CXHW4joMGav168=,1XxnOAxwVLYIQ6OLQn4Zi7UXr2A=
9,-12,Id5w7zseZUUc7CXHW4joMGav168=,1XxnOAxwVLYIQ6OLQn4Zi7UXr2A=
14,-13,Id5w7zseZUUc7CXHW4joMGav168=,1XxnOAxwVLYIQ6OLQn4Zi7UXr2A=
13,-13,Id5w7zseZUUc7CXHW4joMGav168=,1XxnOAxwVLYIQ6OLQn4Zi7UXr2A=
11,-13,Id5w7zseZUUc7CXHW4joMGav168=,1XxnOAxwVLYIQ6OLQn4Zi7UXr2A=
10,-13,Id5w7zseZUUc7CXHW4joMGav168=,1XxnOAxwVLYIQ6OLQn4Zi7UXr2A=
9,-13,Id5w7zseZUUc7CXHW4joMGav168=,1XxnOAxwVLYIQ6OLQn4Zi7UXr2A=
14,-14,Id5w7zseZUUc7CXHW4joMGav168=,1XxnOAxwVLYIQ6OLQn4Zi7UXr2A=
13,-14,Id5w7zseZUUc7CXHW4joMGav168=,1XxnOAxwVLYIQ6OLQn4Zi7UXr2A=
12,-14,Id5w7zseZUUc7CXHW4joMGav168=,1XxnOAxwVLYIQ6OLQn4Zi7UXr2A=
11,-14,Id5w7zseZUUc7CXHW4joMGav168=,1XxnOAxwVLYIQ6OLQn4Zi7UXr2A=
10,-14,Id5w7zseZUUc7CXHW4joMGav168=,1XxnOAxwVLYIQ6OLQn4Zi7UXr2A=
9,-14,Id5w7zseZUUc7CXHW4joMGav168=,1XxnOAxwVLYIQ6OLQn4Zi7UXr2A=
14,-15,Id5w7zseZUUc7CXHW4joMGav168=,1XxnOAxwVLYIQ6OLQn4Zi7UXr2A=
12,-13,Id5w7zseZUUc7CXHW4joMGav168=,1XxnOAxwVLYIQ6OLQn4Zi7UXr2A=
8,-11,Qlt6qIEVnd6Afr60sHuHNBkku9Y=,1XxnOAxwVLYIQ6OLQn4Zi7UXr2A=
8,-10,Qlt6qIEVnd6Afr60sHuHNBkku9Y=,1XxnOAxwVLYIQ6OLQn4Zi7UXr2A=
8,-15,Qlt6qIEVnd6Afr60sHuHNBkku9Y=,1XxnOAxwVLYIQ6OLQn4Zi7UXr2A=
7,-14,Qlt6qIEVnd6Afr60sHuHNBkku9Y=,F6NO2hH7f76T7eKYybfl6w1+CYs=
5,-14,Qlt6qIEVnd6Afr60sHuHNBkku9Y=,F6NO2hH7f76T7eKYybfl6w1+CYs=
4,-14,Qlt6qIEVnd6Afr60sHuHNBkku9Y=,F6NO2hH7f76T7eKYybfl6w1+CYs=
7,-15,Qlt6qIEVnd6Afr60sHuHNBkku9Y=,F6NO2hH7f76T7eKYybfl6w1+CYs=
6,-15,Qlt6qIEVnd6Afr60sHuHNBkku9Y=,F6NO2hH7f76T7eKYybfl6w1+CYs=
5,-15,Qlt6qIEVnd6Afr60sHuHNBkku9Y=,F6NO2hH7f76T7eKYybfl6w1+CYs=
4,-15,Qlt6qIEVnd6Afr60sHuHNBkku9Y=,F6NO2hH7f76T7eKYybfl6w1+CYs=
8,-12,Qlt6qIEVnd6Afr60sHuHNBkku9Y=,1XxnOAxwVLYIQ6OLQn4Zi7UXr2A=
6,-14,Qlt6qIEVnd6Afr60sHuHNBkku9Y=,F6NO2hH7f76T7eKYybfl6w1+CYs=
7,-11,Qlt6qIEVnd6Afr60sHuHNBkku9Y=,F6NO2hH7f76T7eKYybfl6w1+CYs=
6,-11,Qlt6qIEVnd6Afr60sHuHNBkku9Y=,F6NO2hH7f76T7eKYybfl6w1+CYs=
8,-13,Qlt6qIEVnd6Afr60sHuHNBkku9Y=,1XxnOAxwVLYIQ6OLQn4Zi7UXr2A=
5,-11,Qlt6qIEVnd6Afr60sHuHNBkku9Y=,F6NO2hH7f76T7eKYybfl6w1+CYs=
4,-11,Qlt6qIEVnd6Afr60sHuHNBkku9Y=,F6NO2hH7f76T7eKYybfl6w1+CYs=
7,-12,Qlt6qIEVnd6Afr60sHuHNBkku9Y=,F6NO2hH7f76T7eKYybfl6w1+CYs=
6,-12,Qlt6qIEVnd6Afr60sHuHNBkku9Y=,F6NO2hH7f76T7eKYybfl6w1+CYs=
5,-12,Qlt6qIEVnd6Afr60sHuHNBkku9Y=,F6NO2hH7f76T7eKYybfl6w1+CYs=
4,-12,Qlt6qIEVnd6Afr60sHuHNBkku9Y=,F6NO2hH7f76T7eKYybfl6w1+CYs=
8,-14,Qlt6qIEVnd6Afr60sHuHNBkku9Y=,1XxnOAxwVLYIQ6OLQn4Zi7UXr2A=
7,-13,Qlt6qIEVnd6Afr60sHuHNBkku9Y=,F6NO2hH7f76T7eKYybfl6w1+CYs=
6,-13,Qlt6qIEVnd6Afr60sHuHNBkku9Y=,F6NO2hH7f76T7eKYybfl6w1+CYs=
5,-13,Qlt6qIEVnd6Afr60sHuHNBkku9Y=,F6NO2hH7f76T7eKYybfl6w1+CYs=
4,-13,Qlt6qIEVnd6Afr60sHuHNBkku9Y=,F6NO2hH7f76T7eKYybfl6w1+CYs=
13,-2,Qlt6qIEVnd6Afr60sHuHNBkku9Y=,hZi6Kkj8b1xnn/9KQaeXlMrCY+w=
9,-9,Qlt6qIEVnd6Afr60sHuHNBkku9Y=,1XxnOAxwVLYIQ6OLQn4Zi7UXr2A=
10,-9,Qlt6qIEVnd6Afr60sHuHNBkku9Y=,1XxnOAxwVLYIQ6OLQn4Zi7UXr2A=
14,-3,Qlt6qIEVnd6Afr60sHuHNBkku9Y=,hZi6Kkj8b1xnn/9KQaeXlMrCY+w=
13,-3,Qlt6qIEVnd6Afr60sHuHNBkku9Y=,hZi6Kkj8b1xnn/9KQaeXlMrCY+w=
12,-3,Qlt6qIEVnd6Afr60sHuHNBkku9Y=,hZi6Kkj8b1xnn/9KQaeXlMrCY+w=
14,-4,Qlt6qIEVnd6Afr60sHuHNBkku9Y=,hZi6Kkj8b1xnn/9KQaeXlMrCY+w=
13,-4,Qlt6qIEVnd6Afr60sHuHNBkku9Y=,hZi6Kkj8b1xnn/9KQaeXlMrCY+w=
12,-9,Qlt6qIEVnd6Afr60sHuHNBkku9Y=,1XxnOAxwVLYIQ6OLQn4Zi7UXr2A=
11,-9,Qlt6qIEVnd6Afr60sHuHNBkku9Y=,1XxnOAxwVLYIQ6OLQn4Zi7UXr2A=
15,-11,Qlt6qIEVnd6Afr60sHuHNBkku9Y=,1XxnOAxwVLYIQ6OLQn4Zi7UXr2A=
15,-10,Qlt6qIEVnd6Afr60sHuHNBkku9Y=,1XxnOAxwVLYIQ6OLQn4Zi7UXr2A=
15,-15,Qlt6qIEVnd6Afr60sHuHNBkku9Y=,1XxnOAxwVLYIQ6OLQn4Zi7UXr2A=
15,-14,Qlt6qIEVnd6Afr60sHuHNBkku9Y=,1XxnOAxwVLYIQ6OLQn4Zi7UXr2A=
15,-13,Qlt6qIEVnd6Afr60sHuHNBkku9Y=,1XxnOAxwVLYIQ6OLQn4Zi7UXr2A=
15,-12,Qlt6qIEVnd6Afr60sHuHNBkku9Y=,1XxnOAxwVLYIQ6OLQn4Zi7UXr2A=
15,-9,Qlt6qIEVnd6Afr60sHuHNBkku9Y=,1XxnOAxwVLYIQ6OLQn4Zi7UXr2A=
13,-9,Qlt6qIEVnd6Afr60sHuHNBkku9Y=,1XxnOAxwVLYIQ6OLQn4Zi7UXr2A=
8,-8,Qlt6qIEVnd6Afr60sHuHNBkku9Y=,hZi6Kkj8b1xnn/9KQaeXlMrCY+w=
14,-9,Qlt6qIEVnd6Afr60sHuHNBkku9Y=,1XxnOAxwVLYIQ6OLQn4Zi7UXr2A=
8,-6,Qlt6qIEVnd6Afr60sHuHNBkku9Y=,hZi6Kkj8b1xnn/9KQaeXlMrCY+w=
8,-7,Qlt6qIEVnd6Afr60sHuHNBkku9Y=,hZi6Kkj8b1xnn/9KQaeXlMrCY+w=
13,-5,Qlt6qIEVnd6Afr60sHuHNBkku9Y=,hZi6Kkj8b1xnn/9KQaeXlMrCY+w=
14,-5,R00et9KRBkBkV8ejZ2JbaJtjkVg=,hZi6Kkj8b1xnn/9KQaeXlMrCY+w=
8,-5,R00et9KRBkBkV8ejZ2JbaJtjkVg=,hZi6Kkj8b1xnn/9KQaeXlMrCY+w=
9,-8,R00et9KRBkBkV8ejZ2JbaJtjkVg=,hZi6Kkj8b1xnn/9KQaeXlMrCY+w=
11,-8,R00et9KRBkBkV8ejZ2JbaJtjkVg=,hZi6Kkj8b1xnn/9KQaeXlMrCY+w=
14,-7,R00et9KRBkBkV8ejZ2JbaJtjkVg=,hZi6Kkj8b1xnn/9KQaeXlMrCY+w=
11,-1,R00et9KRBkBkV8ejZ2JbaJtjkVg=,hZi6Kkj8b1xnn/9KQaeXlMrCY+w=
11,-5,R00et9KRBkBkV8ejZ2JbaJtjkVg=,hZi6Kkj8b1xnn/9KQaeXlMrCY+w=
13,-8,R00et9KRBkBkV8ejZ2JbaJtjkVg=,hZi6Kkj8b1xnn/9KQaeXlMrCY+w=
10,-1,R00et9KRBkBkV8ejZ2JbaJtjkVg=,hZi6Kkj8b1xnn/9KQaeXlMrCY+w=
6,-16,R00et9KRBkBkV8ejZ2JbaJtjkVg=,F6NO2hH7f76T7eKYybfl6w1+CYs=
8,-16,R00et9KRBkBkV8ejZ2JbaJtjkVg=,1XxnOAxwVLYIQ6OLQn4Zi7UXr2A=
9,-16,R00et9KRBkBkV8ejZ2JbaJtjkVg=,1XxnOAxwVLYIQ6OLQn4Zi7UXr2A=
10,-16,R00et9KRBkBkV8ejZ2JbaJtjkVg=,1XxnOAxwVLYIQ6OLQn4Zi7UXr2A=
11,-16,R00et9KRBkBkV8ejZ2JbaJtjkVg=,1XxnOAxwVLYIQ6OLQn4Zi7UXr2A=
12,-16,R00et9KRBkBkV8ejZ2JbaJtjkVg=,1XxnOAxwVLYIQ6OLQn4Zi7UXr2A=
13,-16,R00et9KRBkBkV8ejZ2JbaJtjkVg=,1XxnOAxwVLYIQ6OLQn4Zi7UXr2A=
14,-16,R00et9KRBkBkV8ejZ2JbaJtjkVg=,1XxnOAxwVLYIQ6OLQn4Zi7UXr2A=
11,-6,R00et9KRBkBkV8ejZ2JbaJtjkVg=,hZi6Kkj8b1xnn/9KQaeXlMrCY+w=
5,-16,R00et9KRBkBkV8ejZ2JbaJtjkVg=,F6NO2hH7f76T7eKYybfl6w1+CYs=
6,-9,R00et9KRBkBkV8ejZ2JbaJtjkVg=,F6NO2hH7f76T7eKYybfl6w1+CYs=
10,-4,R00et9KRBkBkV8ejZ2JbaJtjkVg=,hZi6Kkj8b1xnn/9KQaeXlMrCY+w=
0,-9,R00et9KRBkBkV8ejZ2JbaJtjkVg=,F6NO2hH7f76T7eKYybfl6w1+CYs=
9,-3,R00et9KRBkBkV8ejZ2JbaJtjkVg=,hZi6Kkj8b1xnn/9KQaeXlMrCY+w=
7,-9,R00et9KRBkBkV8ejZ2JbaJtjkVg=,F6NO2hH7f76T7eKYybfl6w1+CYs=
9,-1,R00et9KRBkBkV8ejZ2JbaJtjkVg=,hZi6Kkj8b1xnn/9KQaeXlMrCY+w=
4,-16,R00et9KRBkBkV8ejZ2JbaJtjkVg=,F6NO2hH7f76T7eKYybfl6w1+CYs=
7,-16,R00et9KRBkBkV8ejZ2JbaJtjkVg=,F6NO2hH7f76T7eKYybfl6w1+CYs=
15,-16,R00et9KRBkBkV8ejZ2JbaJtjkVg=,1XxnOAxwVLYIQ6OLQn4Zi7UXr2A=
10,-3,R00et9KRBkBkV8ejZ2JbaJtjkVg=,hZi6Kkj8b1xnn/9KQaeXlMrCY+w=
10,-6,R00et9KRBkBkV8ejZ2JbaJtjkVg=,hZi6Kkj8b1xnn/9KQaeXlMrCY+w=
9,-4,R00et9KRBkBkV8ejZ2JbaJtjkVg=,hZi6Kkj8b1xnn/9KQaeXlMrCY+w=
10,-2,R00et9KRBkBkV8ejZ2JbaJtjkVg=,hZi6Kkj8b1xnn/9KQaeXlMrCY+w=
5,-9,R00et9KRBkBkV8ejZ2JbaJtjkVg=,F6NO2hH7f76T7eKYybfl6w1+CYs=
0,-10,R00et9KRBkBkV8ejZ2JbaJtjkVg=,F6NO2hH7f76T7eKYybfl6w1+CYs=
8,-1,R00et9KRBkBkV8ejZ2JbaJtjkVg=,hZi6Kkj8b1xnn/9KQaeXlMrCY+w=
11,-2,R00et9KRBkBkV8ejZ2JbaJtjkVg=,hZi6Kkj8b1xnn/9KQaeXlMrCY+w=
11,-4,R00et9KRBkBkV8ejZ2JbaJtjkVg=,hZi6Kkj8b1xnn/9KQaeXlMrCY+w=
11,-3,R00et9KRBkBkV8ejZ2JbaJtjkVg=,hZi6Kkj8b1xnn/9KQaeXlMrCY+w=
14,-6,R00et9KRBkBkV8ejZ2JbaJtjkVg=,hZi6Kkj8b1xnn/9KQaeXlMrCY+w=
9,-6,R00et9KRBkBkV8ejZ2JbaJtjkVg=,hZi6Kkj8b1xnn/9KQaeXlMrCY+w=
0,-11,R00et9KRBkBkV8ejZ2JbaJtjkVg=,F6NO2hH7f76T7eKYybfl6w1+CYs=
9,-2,R00et9KRBkBkV8ejZ2JbaJtjkVg=,hZi6Kkj8b1xnn/9KQaeXlMrCY+w=
0,-2,R00et9KRBkBkV8ejZ2JbaJtjkVg=,GEsLi08DIEwAofQTPwnYvODbvOc=
0,-12,R00et9KRBkBkV8ejZ2JbaJtjkVg=,F6NO2hH7f76T7eKYybfl6w1+CYs=
11,-7,R00et9KRBkBkV8ejZ2JbaJtjkVg=,hZi6Kkj8b1xnn/9KQaeXlMrCY+w=
12,-5,R00et9KRBkBkV8ejZ2JbaJtjkVg=,hZi6Kkj8b1xnn/9KQaeXlMrCY+w=
3,-14,R00et9KRBkBkV8ejZ2JbaJtjkVg=,F6NO2hH7f76T7eKYybfl6w1+CYs=
10,-7,R00et9KRBkBkV8ejZ2JbaJtjkVg=,hZi6Kkj8b1xnn/9KQaeXlMrCY+w=
7,-10,R00et9KRBkBkV8ejZ2JbaJtjkVg=,F6NO2hH7f76T7eKYybfl6w1+CYs=
4,-10,R00et9KRBkBkV8ejZ2JbaJtjkVg=,F6NO2hH7f76T7eKYybfl6w1+CYs=
0,-1,R00et9KRBkBkV8ejZ2JbaJtjkVg=,GEsLi08DIEwAofQTPwnYvODbvOc=
5,-10,R00et9KRBkBkV8ejZ2JbaJtjkVg=,F6NO2hH7f76T7eKYybfl6w1+CYs=
6,-10,R00et9KRBkBkV8ejZ2JbaJtjkVg=,F6NO2hH7f76T7eKYybfl6w1+CYs=
2,-10,R00et9KRBkBkV8ejZ2JbaJtjkVg=,F6NO2hH7f76T7eKYybfl6w1+CYs=
3,-11,R00et9KRBkBkV8ejZ2JbaJtjkVg=,F6NO2hH7f76T7eKYybfl6w1+CYs=
9,-7,R00et9KRBkBkV8ejZ2JbaJtjkVg=,hZi6Kkj8b1xnn/9KQaeXlMrCY+w=
3,-10,R00et9KRBkBkV8ejZ2JbaJtjkVg=,F6NO2hH7f76T7eKYybfl6w1+CYs=
1,-10,R00et9KRBkBkV8ejZ2JbaJtjkVg=,F6NO2hH7f76T7eKYybfl6w1+CYs=
2,-11,R00et9KRBkBkV8ejZ2JbaJtjkVg=,F6NO2hH7f76T7eKYybfl6w1+CYs=
3,-12,R00et9KRBkBkV8ejZ2JbaJtjkVg=,F6NO2hH7f76T7eKYybfl6w1+CYs=
2,-14,R00et9KRBkBkV8ejZ2JbaJtjkVg=,F6NO2hH7f76T7eKYybfl6w1+CYs=
10,-5,R00et9KRBkBkV8ejZ2JbaJtjkVg=,hZi6Kkj8b1xnn/9KQaeXlMrCY+w=
2,-12,R00et9KRBkBkV8ejZ2JbaJtjkVg=,F6NO2hH7f76T7eKYybfl6w1+CYs=
1,-12,R00et9KRBkBkV8ejZ2JbaJtjkVg=,F6NO2hH7f76T7eKYybfl6w1+CYs=
1,-14,R00et9KRBkBkV8ejZ2JbaJtjkVg=,F6NO2hH7f76T7eKYybfl6w1+CYs=
0,-8,R00et9KRBkBkV8ejZ2JbaJtjkVg=,GEsLi08DIEwAofQTPwnYvODbvOc=
1,-11,R00et9KRBkBkV8ejZ2JbaJtjkVg=,F6NO2hH7f76T7eKYybfl6w1+CYs=
0,-16,R00et9KRBkBkV8ejZ2JbaJtjkVg=,F6NO2hH7f76T7eKYybfl6w1+CYs=
2,-1,R00et9KRBkBkV8ejZ2JbaJtjkVg=,GEsLi08DIEwAofQTPwnYvODbvOc=
3,-15,R00et9KRBkBkV8ejZ2JbaJtjkVg=,F6NO2hH7f76T7eKYybfl6w1+CYs=
13,-6,R00et9KRBkBkV8ejZ2JbaJtjkVg=,hZi6Kkj8b1xnn/9KQaeXlMrCY+w=
9,-5,R00et9KRBkBkV8ejZ2JbaJtjkVg=,hZi6Kkj8b1xnn/9KQaeXlMrCY+w=
7,-3,R00et9KRBkBkV8ejZ2JbaJtjkVg=,GEsLi08DIEwAofQTPwnYvODbvOc=
4,-2,R00et9KRBkBkV8ejZ2JbaJtjkVg=,GEsLi08DIEwAofQTPwnYvODbvOc=
10,-8,R00et9KRBkBkV8ejZ2JbaJtjkVg=,hZi6Kkj8b1xnn/9KQaeXlMrCY+w=
3,-16,R00et9KRBkBkV8ejZ2JbaJtjkVg=,F6NO2hH7f76T7eKYybfl6w1+CYs=
2,-15,R00et9KRBkBkV8ejZ2JbaJtjkVg=,F6NO2hH7f76T7eKYybfl6w1+CYs=
12,-2,R00et9KRBkBkV8ejZ2JbaJtjkVg=,hZi6Kkj8b1xnn/9KQaeXlMrCY+w=
3,-1,R00et9KRBkBkV8ejZ2JbaJtjkVg=,GEsLi08DIEwAofQTPwnYvODbvOc=
15,-1,fAb3bI5l8eoL+sZ7E6Jglbs+JRU=,hZi6Kkj8b1xnn/9KQaeXlMrCY+w=
14,-2,fAb3bI5l8eoL+sZ7E6Jglbs+JRU=,hZi6Kkj8b1xnn/9KQaeXlMrCY+w=
1,-15,fAb3bI5l8eoL+sZ7E6Jglbs+JRU=,F6NO2hH7f76T7eKYybfl6w1+CYs=
3,-13,fAb3bI5l8eoL+sZ7E6Jglbs+JRU=,F6NO2hH7f76T7eKYybfl6w1+CYs=
4,-6,fAb3bI5l8eoL+sZ7E6Jglbs+JRU=,GEsLi08DIEwAofQTPwnYvODbvOc=
1,-1,fAb3bI5l8eoL+sZ7E6Jglbs+JRU=,GEsLi08DIEwAofQTPwnYvODbvOc=
2,-16,fAb3bI5l8eoL+sZ7E6Jglbs+JRU=,F6NO2hH7f76T7eKYybfl6w1+CYs=
1,-8,fAb3bI5l8eoL+sZ7E6Jglbs+JRU=,GEsLi08DIEwAofQTPwnYvODbvOc=
2,-13,fAb3bI5l8eoL+sZ7E6Jglbs+JRU=,F6NO2hH7f76T7eKYybfl6w1+CYs=
3,-8,fAb3bI5l8eoL+sZ7E6Jglbs+JRU=,GEsLi08DIEwAofQTPwnYvODbvOc=
12,-4,fAb3bI5l8eoL+sZ7E6Jglbs+JRU=,hZi6Kkj8b1xnn/9KQaeXlMrCY+w=
2,-8,fAb3bI5l8eoL+sZ7E6Jglbs+JRU=,GEsLi08DIEwAofQTPwnYvODbvOc=
8,-9,fAb3bI5l8eoL+sZ7E6Jglbs+JRU=,1XxnOAxwVLYIQ6OLQn4Zi7UXr2A=
4,-8,fAb3bI5l8eoL+sZ7E6Jglbs+JRU=,GEsLi08DIEwAofQTPwnYvODbvOc=
5,-2,fAb3bI5l8eoL+sZ7E6Jglbs+JRU=,GEsLi08DIEwAofQTPwnYvODbvOc=
15,-8,fAb3bI5l8eoL+sZ7E6Jglbs+JRU=,hZi6Kkj8b1xnn/9KQaeXlMrCY+w=
1,-13,fAb3bI5l8eoL+sZ7E6Jglbs+JRU=,F6NO2hH7f76T7eKYybfl6w1+CYs=
2,-2,fAb3bI5l8eoL+sZ7E6Jglbs+JRU=,GEsLi08DIEwAofQTPwnYvODbvOc=
1,-2,fAb3bI5l8eoL+sZ7E6Jglbs+JRU=,GEsLi08DIEwAofQTPwnYvODbvOc=
6,-2,fAb3bI5l8eoL+sZ7E6Jglbs+JRU=,GEsLi08DIEwAofQTPwnYvODbvOc=
7,-1,fAb3bI5l8eoL+sZ7E6Jglbs+JRU=,GEsLi08DIEwAofQTPwnYvODbvOc=
12,-6,fAb3bI5l8eoL+sZ7E6Jglbs+JRU=,hZi6Kkj8b1xnn/9KQaeXlMrCY+w=
6,-6,fAb3bI5l8eoL+sZ7E6Jglbs+JRU=,GEsLi08DIEwAofQTPwnYvODbvOc=
1,-5,fAb3bI5l8eoL+sZ7E6Jglbs+JRU=,GEsLi08DIEwAofQTPwnYvODbvOc=
0,-5,fAb3bI5l8eoL+sZ7E6Jglbs+JRU=,GEsLi08DIEwAofQTPwnYvODbvOc=
7,-6,fAb3bI5l8eoL+sZ7E6Jglbs+JRU=,GEsLi08DIEwAofQTPwnYvODbvOc=
15,-6,fAb3bI5l8eoL+sZ7E6Jglbs+JRU=,hZi6Kkj8b1xnn/9KQaeXlMrCY+w=
2,-5,fAb3bI5l8eoL+sZ7E6Jglbs+JRU=,GEsLi08DIEwAofQTPwnYvODbvOc=
3,-5,fAb3bI5l8eoL+sZ7E6Jglbs+JRU=,GEsLi08DIEwAofQTPwnYvODbvOc=
5,-6,fAb3bI5l8eoL+sZ7E6Jglbs+JRU=,GEsLi08DIEwAofQTPwnYvODbvOc=
4,-5,fAb3bI5l8eoL+sZ7E6Jglbs+JRU=,GEsLi08DIEwAofQTPwnYvODbvOc=
14,-1,fAb3bI5l8eoL+sZ7E6Jglbs+JRU=,hZi6Kkj8b1xnn/9KQaeXlMrCY+w=
5,-5,fAb3bI5l8eoL+sZ7E6Jglbs+JRU=,GEsLi08DIEwAofQTPwnYvODbvOc=
7,-5,fAb3bI5l8eoL+sZ7E6Jglbs+JRU=,GEsLi08DIEwAofQTPwnYvODbvOc=
14,-8,fAb3bI5l8eoL+sZ7E6Jglbs+JRU=,hZi6Kkj8b1xnn/9KQaeXlMrCY+w=
3,-6,fAb3bI5l8eoL+sZ7E6Jglbs+JRU=,GEsLi08DIEwAofQTPwnYvODbvOc=
6,-5,fAb3bI5l8eoL+sZ7E6Jglbs+JRU=,GEsLi08DIEwAofQTPwnYvODbvOc=
6,-4,fAb3bI5l8eoL+sZ7E6Jglbs+JRU=,GEsLi08DIEwAofQTPwnYvODbvOc=
5,-4,fAb3bI5l8eoL+sZ7E6Jglbs+JRU=,GEsLi08DIEwAofQTPwnYvODbvOc=
13,-1,fAb3bI5l8eoL+sZ7E6Jglbs+JRU=,hZi6Kkj8b1xnn/9KQaeXlMrCY+w=
8,-2,fAb3bI5l8eoL+sZ7E6Jglbs+JRU=,hZi6Kkj8b1xnn/9KQaeXlMrCY+w=
8,-4,fAb3bI5l8eoL+sZ7E6Jglbs+JRU=,hZi6Kkj8b1xnn/9KQaeXlMrCY+w=
7,-4,fAb3bI5l8eoL+sZ7E6Jglbs+JRU=,GEsLi08DIEwAofQTPwnYvODbvOc=
3,-2,fAb3bI5l8eoL+sZ7E6Jglbs+JRU=,GEsLi08DIEwAofQTPwnYvODbvOc=
4,-4,fAb3bI5l8eoL+sZ7E6Jglbs+JRU=,GEsLi08DIEwAofQTPwnYvODbvOc=
12,-8,fAb3bI5l8eoL+sZ7E6Jglbs+JRU=,hZi6Kkj8b1xnn/9KQaeXlMrCY+w=
3,-9,fAb3bI5l8eoL+sZ7E6Jglbs+JRU=,F6NO2hH7f76T7eKYybfl6w1+CYs=
8,-3,fAb3bI5l8eoL+sZ7E6Jglbs+JRU=,hZi6Kkj8b1xnn/9KQaeXlMrCY+w=
1,-9,fAb3bI5l8eoL+sZ7E6Jglbs+JRU=,F6NO2hH7f76T7eKYybfl6w1+CYs=
0,-4,fAb3bI5l8eoL+sZ7E6Jglbs+JRU=,GEsLi08DIEwAofQTPwnYvODbvOc=
4,-9,fAb3bI5l8eoL+sZ7E6Jglbs+JRU=,F6NO2hH7f76T7eKYybfl6w1+CYs=
4,-3,fAb3bI5l8eoL+sZ7E6Jglbs+JRU=,GEsLi08DIEwAofQTPwnYvODbvOc=
2,-6,fAb3bI5l8eoL+sZ7E6Jglbs+JRU=,GEsLi08DIEwAofQTPwnYvODbvOc=
12,-1,fAb3bI5l8eoL+sZ7E6Jglbs+JRU=,hZi6Kkj8b1xnn/9KQaeXlMrCY+w=
0,-13,fAb3bI5l8eoL+sZ7E6Jglbs+JRU=,F6NO2hH7f76T7eKYybfl6w1+CYs=
0,-14,fAb3bI5l8eoL+sZ7E6Jglbs+JRU=,F6NO2hH7f76T7eKYybfl6w1+CYs=
1,-16,fAb3bI5l8eoL+sZ7E6Jglbs+JRU=,F6NO2hH7f76T7eKYybfl6w1+CYs=
0,-15,fAb3bI5l8eoL+sZ7E6Jglbs+JRU=,F6NO2hH7f76T7eKYybfl6w1+CYs=
1,-4,fAb3bI5l8eoL+sZ7E6Jglbs+JRU=,GEsLi08DIEwAofQTPwnYvODbvOc=
5,-3,fAb3bI5l8eoL+sZ7E6Jglbs+JRU=,GEsLi08DIEwAofQTPwnYvODbvOc=
15,-2,fAb3bI5l8eoL+sZ7E6Jglbs+JRU=,hZi6Kkj8b1xnn/9KQaeXlMrCY+w=
5,-8,fAb3bI5l8eoL+sZ7E6Jglbs+JRU=,GEsLi08DIEwAofQTPwnYvODbvOc=
15,-5,fAb3bI5l8eoL+sZ7E6Jglbs+JRU=,hZi6Kkj8b1xnn/9KQaeXlMrCY+w=
0,-7,fAb3bI5l8eoL+sZ7E6Jglbs+JRU=,GEsLi08DIEwAofQTPwnYvODbvOc=
6,-8,fAb3bI5l8eoL+sZ7E6Jglbs+JRU=,GEsLi08DIEwAofQTPwnYvODbvOc=
6,-3,fAb3bI5l8eoL+sZ7E6Jglbs+JRU=,GEsLi08DIEwAofQTPwnYvODbvOc=
3,-4,fAb3bI5l8eoL+sZ7E6Jglbs+JRU=,GEsLi08DIEwAofQTPwnYvODbvOc=
15,-3,fAb3bI5l8eoL+sZ7E6Jglbs+JRU=,hZi6Kkj8b1xnn/9KQaeXlMrCY+w=
15,-4,fAb3bI5l8eoL+sZ7E6Jglbs+JRU=,hZi6Kkj8b1xnn/9KQaeXlMrCY+w=
2,-9,fAb3bI5l8eoL+sZ7E6Jglbs+JRU=,F6NO2hH7f76T7eKYybfl6w1+CYs=
7,-8,fAb3bI5l8eoL+sZ7E6Jglbs+JRU=,GEsLi08DIEwAofQTPwnYvODbvOc=
13,-7,fAb3bI5l8eoL+sZ7E6Jglbs+JRU=,hZi6Kkj8b1xnn/9KQaeXlMrCY+w=
1,-6,fAb3bI5l8eoL+sZ7E6Jglbs+JRU=,GEsLi08DIEwAofQTPwnYvODbvOc=
7,-2,fAb3bI5l8eoL+sZ7E6Jglbs+JRU=,GEsLi08DIEwAofQTPwnYvODbvOc=
0,-3,fAb3bI5l8eoL+sZ7E6Jglbs+JRU=,GEsLi08DIEwAofQTPwnYvODbvOc=
3,-7,fAb3bI5l8eoL+sZ7E6Jglbs+JRU=,GEsLi08DIEwAofQTPwnYvODbvOc=
1,-7,fAb3bI5l8eoL+sZ7E6Jglbs+JRU=,GEsLi08DIEwAofQTPwnYvODbvOc=
3,-3,fAb3bI5l8eoL+sZ7E6Jglbs+JRU=,GEsLi08DIEwAofQTPwnYvODbvOc=
4,-7,fAb3bI5l8eoL+sZ7E6Jglbs+JRU=,GEsLi08DIEwAofQTPwnYvODbvOc=
2,-3,fAb3bI5l8eoL+sZ7E6Jglbs+JRU=,GEsLi08DIEwAofQTPwnYvODbvOc=
6,-7,fAb3bI5l8eoL+sZ7E6Jglbs+JRU=,GEsLi08DIEwAofQTPwnYvODbvOc=
5,-7,fAb3bI5l8eoL+sZ7E6Jglbs+JRU=,GEsLi08DIEwAofQTPwnYvODbvOc=
4,-1,fAb3bI5l8eoL+sZ7E6Jglbs+JRU=,GEsLi08DIEwAofQTPwnYvODbvOc=
7,-7,fAb3bI5l8eoL+sZ7E6Jglbs+JRU=,GEsLi08DIEwAofQTPwnYvODbvOc=
2,-7,fAb3bI5l8eoL+sZ7E6Jglbs+JRU=,GEsLi08DIEwAofQTPwnYvODbvOc=
6,-1,fAb3bI5l8eoL+sZ7E6Jglbs+JRU=,GEsLi08DIEwAofQTPwnYvODbvOc=
0,-6,fAb3bI5l8eoL+sZ7E6Jglbs+JRU=,GEsLi08DIEwAofQTPwnYvODbvOc=
5,-1,fAb3bI5l8eoL+sZ7E6Jglbs+JRU=,GEsLi08DIEwAofQTPwnYvODbvOc=
2,-4,fAb3bI5l8eoL+sZ7E6Jglbs+JRU=,GEsLi08DIEwAofQTPwnYvODbvOc=
15,-7,fAb3bI5l8eoL+sZ7E6Jglbs+JRU=,hZi6Kkj8b1xnn/9KQaeXlMrCY+w=
1,-3,fAb3bI5l8eoL+sZ7E6Jglbs+JRU=,GEsLi08DIEwAofQTPwnYvODbvOc=
12,-7,fAb3bI5l8eoL+sZ7E6Jglbs+JRU=,hZi6Kkj8b1xnn/9KQaeXlMrCY+w=
2,-29,fAb3bI5l8eoL+sZ7E6Jglbs+JRU=,OZlaTQVOUJD/M4xCQ4Qxy/VDG8E=
6,-27,fAb3bI5l8eoL+sZ7E6Jglbs+JRU=,OZlaTQVOUJD/M4xCQ4Qxy/VDG8E=
7,-27,fAb3bI5l8eoL+sZ7E6Jglbs+JRU=,OZlaTQVOUJD/M4xCQ4Qxy/VDG8E=
1,-26,fAb3bI5l8eoL+sZ7E6Jglbs+JRU=,OZlaTQVOUJD/M4xCQ4Qxy/VDG8E=
2,-26,fAb3bI5l8eoL+sZ7E6Jglbs+JRU=,OZlaTQVOUJD/M4xCQ4Qxy/VDG8E=
3,-26,fAb3bI5l8eoL+sZ7E6Jglbs+JRU=,OZlaTQVOUJD/M4xCQ4Qxy/VDG8E=
4,-26,fAb3bI5l8eoL+sZ7E6Jglbs+JRU=,OZlaTQVOUJD/M4xCQ4Qxy/VDG8E=
1,-31,fAb3bI5l8eoL+sZ7E6Jglbs+JRU=,OZlaTQVOUJD/M4xCQ4Qxy/VDG8E=
2,-31,fAb3bI5l8eoL+sZ7E6Jglbs+JRU=,OZlaTQVOUJD/M4xCQ4Qxy/VDG8E=
3,-31,fAb3bI5l8eoL+sZ7E6Jglbs+JRU=,OZlaTQVOUJD/M4xCQ4Qxy/VDG8E=
5,-27,fAb3bI5l8eoL+sZ7E6Jglbs+JRU=,OZlaTQVOUJD/M4xCQ4Qxy/VDG8E=
3,-29,fAb3bI5l8eoL+sZ7E6Jglbs+JRU=,OZlaTQVOUJD/M4xCQ4Qxy/VDG8E=
4,-31,fAb3bI5l8eoL+sZ7E6Jglbs+JRU=,OZlaTQVOUJD/M4xCQ4Qxy/VDG8E=
5,-26,fAb3bI5l8eoL+sZ7E6Jglbs+JRU=,OZlaTQVOUJD/M4xCQ4Qxy/VDG8E=
4,-28,fAb3bI5l8eoL+sZ7E6Jglbs+JRU=,OZlaTQVOUJD/M4xCQ4Qxy/VDG8E=
4,-29,fAb3bI5l8eoL+sZ7E6Jglbs+JRU=,OZlaTQVOUJD/M4xCQ4Qxy/VDG8E=
3,-28,fAb3bI5l8eoL+sZ7E6Jglbs+JRU=,OZlaTQVOUJD/M4xCQ4Qxy/VDG8E=
1,-29,fAb3bI5l8eoL+sZ7E6Jglbs+JRU=,OZlaTQVOUJD/M4xCQ4Qxy/VDG8E=
7,-30,fAb3bI5l8eoL+sZ7E6Jglbs+JRU=,OZlaTQVOUJD/M4xCQ4Qxy/VDG8E=
4,-27,fAb3bI5l8eoL+sZ7E6Jglbs+JRU=,OZlaTQVOUJD/M4xCQ4Qxy/VDG8E=
2,-28,fAb3bI5l8eoL+sZ7E6Jglbs+JRU=,OZlaTQVOUJD/M4xCQ4Qxy/VDG8E=
1,-28,fAb3bI5l8eoL+sZ7E6Jglbs+JRU=,OZlaTQVOUJD/M4xCQ4Qxy/VDG8E=
3,-27,fAb3bI5l8eoL+sZ7E6Jglbs+JRU=,OZlaTQVOUJD/M4xCQ4Qxy/VDG8E=
7,-31,fAb3bI5l8eoL+sZ7E6Jglbs+JRU=,OZlaTQVOUJD/M4xCQ4Qxy/VDG8E=
7,-29,fAb3bI5l8eoL+sZ7E6Jglbs+JRU=,OZlaTQVOUJD/M4xCQ4Qxy/VDG8E=
6,-31,fAb3bI5l8eoL+sZ7E6Jglbs+JRU=,OZlaTQVOUJD/M4xCQ4Qxy/VDG8E=
6,-30,fAb3bI5l8eoL+sZ7E6Jglbs+JRU=,OZlaTQVOUJD/M4xCQ4Qxy/VDG8E=
2,-27,fAb3bI5l8eoL+sZ7E6Jglbs+JRU=,OZlaTQVOUJD/M4xCQ4Qxy/VDG8E=
5,-31,fAb3bI5l8eoL+sZ7E6Jglbs+JRU=,OZlaTQVOUJD/M4xCQ4Qxy/VDG8E=
5,-30,fAb3bI5l8eoL+sZ7E6Jglbs+JRU=,OZlaTQVOUJD/M4xCQ4Qxy/VDG8E=
6,-29,fAb3bI5l8eoL+sZ7E6Jglbs+JRU=,OZlaTQVOUJD/M4xCQ4Qxy/VDG8E=
7,-26,fAb3bI5l8eoL+sZ7E6Jglbs+JRU=,OZlaTQVOUJD/M4xCQ4Qxy/VDG8E=
4,-30,fAb3bI5l8eoL+sZ7E6Jglbs+JRU=,OZlaTQVOUJD/M4xCQ4Qxy/VDG8E=
1,-27,fAb3bI5l8eoL+sZ7E6Jglbs+JRU=,OZlaTQVOUJD/M4xCQ4Qxy/VDG8E=
6,-26,fAb3bI5l8eoL+sZ7E6Jglbs+JRU=,OZlaTQVOUJD/M4xCQ4Qxy/VDG8E=
3,-30,fAb3bI5l8eoL+sZ7E6Jglbs+JRU=,OZlaTQVOUJD/M4xCQ4Qxy/VDG8E=
2,-30,fAb3bI5l8eoL+sZ7E6Jglbs+JRU=,OZlaTQVOUJD/M4xCQ4Qxy/VDG8E=
1,-30,fAb3bI5l8eoL+sZ7E6Jglbs+JRU=,OZlaTQVOUJD/M4xCQ4Qxy/VDG8E=
7,-28,fAb3bI5l8eoL+sZ7E6Jglbs+JRU=,OZlaTQVOUJD/M4xCQ4Qxy/VDG8E=
5,-29,fAb3bI5l8eoL+sZ7E6Jglbs+JRU=,OZlaTQVOUJD/M4xCQ4Qxy/VDG8E=
6,-28,fAb3bI5l8eoL+sZ7E6Jglbs+JRU=,OZlaTQVOUJD/M4xCQ4Qxy/VDG8E=
5,-28,fAb3bI5l8eoL+sZ7E6Jglbs+JRU=,OZlaTQVOUJD/M4xCQ4Qxy/VDG8E=
6,-32,fAb3bI5l8eoL+sZ7E6Jglbs+JRU=,OZlaTQVOUJD/M4xCQ4Qxy/VDG8E=
2,-32,fAb3bI5l8eoL+sZ7E6Jglbs+JRU=,OZlaTQVOUJD/M4xCQ4Qxy/VDG8E=
4,-32,fAb3bI5l8eoL+sZ7E6Jglbs+JRU=,OZlaTQVOUJD/M4xCQ4Qxy/VDG8E=
1,-32,fAb3bI5l8eoL+sZ7E6Jglbs+JRU=,OZlaTQVOUJD/M4xCQ4Qxy/VDG8E=
3,-32,fAb3bI5l8eoL+sZ7E6Jglbs+JRU=,OZlaTQVOUJD/M4xCQ4Qxy/VDG8E=
5,-32,fAb3bI5l8eoL+sZ7E6Jglbs+JRU=,OZlaTQVOUJD/M4xCQ4Qxy/VDG8E=
0,-29,vT3TXClaGakgXBuHmvaTB3tsjgY=,OZlaTQVOUJD/M4xCQ4Qxy/VDG8E=
0,-31,vT3TXClaGakgXBuHmvaTB3tsjgY=,OZlaTQVOUJD/M4xCQ4Qxy/VDG8E=
0,-28,vT3TXClaGakgXBuHmvaTB3tsjgY=,OZlaTQVOUJD/M4xCQ4Qxy/VDG8E=
0,-30,vT3TXClaGakgXBuHmvaTB3tsjgY=,OZlaTQVOUJD/M4xCQ4Qxy/VDG8E=
0,-27,vT3TXClaGakgXBuHmvaTB3tsjgY=,OZlaTQVOUJD/M4xCQ4Qxy/VDG8E=
7,-32,vT3TXClaGakgXBuHmvaTB3tsjgY=,OZlaTQVOUJD/M4xCQ4Qxy/VDG8E=
3,-23,vT3TXClaGakgXBuHmvaTB3tsjgY=,XQ6ZgxKJk5nZ8J9NC6gcAeaUglY=
4,-23,vT3TXClaGakgXBuHmvaTB3tsjgY=,XQ6ZgxKJk5nZ8J9NC6gcAeaUglY=
5,-23,vT3TXClaGakgXBuHmvaTB3tsjgY=,XQ6ZgxKJk5nZ8J9NC6gcAeaUglY=
6,-23,vT3TXClaGakgXBuHmvaTB3tsjgY=,XQ6ZgxKJk5nZ8J9NC6gcAeaUglY=
7,-23,vT3TXClaGakgXBuHmvaTB3tsjgY=,XQ6ZgxKJk5nZ8J9NC6gcAeaUglY=
7,-24,vT3TXClaGakgXBuHmvaTB3tsjgY=,XQ6ZgxKJk5nZ8J9NC6gcAeaUglY=
7,-25,vT3TXClaGakgXBuHmvaTB3tsjgY=,OZlaTQVOUJD/M4xCQ4Qxy/VDG8E=
6,-24,vT3TXClaGakgXBuHmvaTB3tsjgY=,XQ6ZgxKJk5nZ8J9NC6gcAeaUglY=
5,-24,vT3TXClaGakgXBuHmvaTB3tsjgY=,XQ6ZgxKJk5nZ8J9NC6gcAeaUglY=
6,-25,vT3TXClaGakgXBuHmvaTB3tsjgY=,OZlaTQVOUJD/M4xCQ4Qxy/VDG8E=
4,-24,vT3TXClaGakgXBuHmvaTB3tsjgY=,XQ6ZgxKJk5nZ8J9NC6gcAeaUglY=
7,-17,vT3TXClaGakgXBuHmvaTB3tsjgY=,XQ6ZgxKJk5nZ8J9NC6gcAeaUglY=
5,-25,vT3TXClaGakgXBuHmvaTB3tsjgY=,OZlaTQVOUJD/M4xCQ4Qxy/VDG8E=
6,-17,vT3TXClaGakgXBuHmvaTB3tsjgY=,XQ6ZgxKJk5nZ8J9NC6gcAeaUglY=
4,-25,vT3TXClaGakgXBuHmvaTB3tsjgY=,OZlaTQVOUJD/M4xCQ4Qxy/VDG8E=
3,-25,vT3TXClaGakgXBuHmvaTB3tsjgY=,OZlaTQVOUJD/M4xCQ4Qxy/VDG8E=
2,-25,vT3TXClaGakgXBuHmvaTB3tsjgY=,OZlaTQVOUJD/M4xCQ4Qxy/VDG8E=
7,-18,vT3TXClaGakgXBuHmvaTB3tsjgY=,XQ6ZgxKJk5nZ8J9NC6gcAeaUglY=
6,-18,vT3TXClaGakgXBuHmvaTB3tsjgY=,XQ6ZgxKJk5nZ8J9NC6gcAeaUglY=
3,-24,vT3TXClaGakgXBuHmvaTB3tsjgY=,XQ6ZgxKJk5nZ8J9NC6gcAeaUglY=
7,-19,vT3TXClaGakgXBuHmvaTB3tsjgY=,XQ6ZgxKJk5nZ8J9NC6gcAeaUglY=
6,-19,vT3TXClaGakgXBuHmvaTB3tsjgY=,XQ6ZgxKJk5nZ8J9NC6gcAeaUglY=
7,-20,vT3TXClaGakgXBuHmvaTB3tsjgY=,XQ6ZgxKJk5nZ8J9NC6gcAeaUglY=
6,-20,vT3TXClaGakgXBuHmvaTB3tsjgY=,XQ6ZgxKJk5nZ8J9NC6gcAeaUglY=
5,-20,vT3TXClaGakgXBuHmvaTB3tsjgY=,XQ6ZgxKJk5nZ8J9NC6gcAeaUglY=
7,-21,vT3TXClaGakgXBuHmvaTB3tsjgY=,XQ6ZgxKJk5nZ8J9NC6gcAeaUglY=
6,-21,vT3TXClaGakgXBuHmvaTB3tsjgY=,XQ6ZgxKJk5nZ8J9NC6gcAeaUglY=
1,-25,vT3TXClaGakgXBuHmvaTB3tsjgY=,OZlaTQVOUJD/M4xCQ4Qxy/VDG8E=
5,-21,vT3TXClaGakgXBuHmvaTB3tsjgY=,XQ6ZgxKJk5nZ8J9NC6gcAeaUglY=
4,-20,vT3TXClaGakgXBuHmvaTB3tsjgY=,XQ6ZgxKJk5nZ8J9NC6gcAeaUglY=
4,-21,vT3TXClaGakgXBuHmvaTB3tsjgY=,XQ6ZgxKJk5nZ8J9NC6gcAeaUglY=
0,-32,vT3TXClaGakgXBuHmvaTB3tsjgY=,OZlaTQVOUJD/M4xCQ4Qxy/VDG8E=
2,-23,vT3TXClaGakgXBuHmvaTB3tsjgY=,XQ6ZgxKJk5nZ8J9NC6gcAeaUglY=
3,-21,vT3TXClaGakgXBuHmvaTB3tsjgY=,XQ6ZgxKJk5nZ8J9NC6gcAeaUglY=
0,-25,vT3TXClaGakgXBuHmvaTB3tsjgY=,OZlaTQVOUJD/M4xCQ4Qxy/VDG8E=
5,-17,vT3TXClaGakgXBuHmvaTB3tsjgY=,XQ6ZgxKJk5nZ8J9NC6gcAeaUglY=
5,-18,vT3TXClaGakgXBuHmvaTB3tsjgY=,XQ6ZgxKJk5nZ8J9NC6gcAeaUglY=
0,-26,vT3TXClaGakgXBuHmvaTB3tsjgY=,OZlaTQVOUJD/M4xCQ4Qxy/VDG8E=
3,-22,vT3TXClaGakgXBuHmvaTB3tsjgY=,XQ6ZgxKJk5nZ8J9NC6gcAeaUglY=
4,-22,vT3TXClaGakgXBuHmvaTB3tsjgY=,XQ6ZgxKJk5nZ8J9NC6gcAeaUglY=
5,-22,vT3TXClaGakgXBuHmvaTB3tsjgY=,XQ6ZgxKJk5nZ8J9NC6gcAeaUglY=
6,-22,vT3TXClaGakgXBuHmvaTB3tsjgY=,XQ6ZgxKJk5nZ8J9NC6gcAeaUglY=
7,-22,vT3TXClaGakgXBuHmvaTB3tsjgY=,XQ6ZgxKJk5nZ8J9NC6gcAeaUglY=
0,-22,vT3TXClaGakgXBuHmvaTB3tsjgY=,XQ6ZgxKJk5nZ8J9NC6gcAeaUglY=
0,-23,vT3TXClaGakgXBuHmvaTB3tsjgY=,XQ6ZgxKJk5nZ8J9NC6gcAeaUglY=
1,-22,vT3TXClaGakgXBuHmvaTB3tsjgY=,XQ6ZgxKJk5nZ8J9NC6gcAeaUglY=
2,-21,vT3TXClaGakgXBuHmvaTB3tsjgY=,XQ6ZgxKJk5nZ8J9NC6gcAeaUglY=
2,-22,vT3TXClaGakgXBuHmvaTB3tsjgY=,XQ6ZgxKJk5nZ8J9NC6gcAeaUglY=
1,-23,vT3TXClaGakgXBuHmvaTB3tsjgY=,XQ6ZgxKJk5nZ8J9NC6gcAeaUglY=
4,-18,vT3TXClaGakgXBuHmvaTB3tsjgY=,XQ6ZgxKJk5nZ8J9NC6gcAeaUglY=
1,-21,vT3TXClaGakgXBuHmvaTB3tsjgY=,XQ6ZgxKJk5nZ8J9NC6gcAeaUglY=
1,-24,vT3TXClaGakgXBuHmvaTB3tsjgY=,XQ6ZgxKJk5nZ8J9NC6gcAeaUglY=
4,-17,vT3TXClaGakgXBuHmvaTB3tsjgY=,XQ6ZgxKJk5nZ8J9NC6gcAeaUglY=
5,-19,vT3TXClaGakgXBuHmvaTB3tsjgY=,XQ6ZgxKJk5nZ8J9NC6gcAeaUglY=
2,-24,vT3TXClaGakgXBuHmvaTB3tsjgY=,XQ6ZgxKJk5nZ8J9NC6gcAeaUglY=
0,-24,vT3TXClaGakgXBuHmvaTB3tsjgY=,XQ6ZgxKJk5nZ8J9NC6gcAeaUglY=
4,-19,vT3TXClaGakgXBuHmvaTB3tsjgY=,XQ6ZgxKJk5nZ8J9NC6gcAeaUglY=
0,-21,vT3TXClaGakgXBuHmvaTB3tsjgY=,XQ6ZgxKJk5nZ8J9NC6gcAeaUglY=
3,-17,vT3TXClaGakgXBuHmvaTB3tsjgY=,XQ6ZgxKJk5nZ8J9NC6gcAeaUglY=
0,-17,vT3TXClaGakgXBuHmvaTB3tsjgY=,XQ6ZgxKJk5nZ8J9NC6gcAeaUglY=
0,-20,vT3TXClaGakgXBuHmvaTB3tsjgY=,XQ6ZgxKJk5nZ8J9NC6gcAeaUglY=
1,-18,vT3TXClaGakgXBuHmvaTB3tsjgY=,XQ6ZgxKJk5nZ8J9NC6gcAeaUglY=
2,-19,vT3TXClaGakgXBuHmvaTB3tsjgY=,XQ6ZgxKJk5nZ8J9NC6gcAeaUglY=
0,-18,vT3TXClaGakgXBuHmvaTB3tsjgY=,XQ6ZgxKJk5nZ8J9NC6gcAeaUglY=
2,-18,vT3TXClaGakgXBuHmvaTB3tsjgY=,XQ6ZgxKJk5nZ8J9NC6gcAeaUglY=
1,-17,vT3TXClaGakgXBuHmvaTB3tsjgY=,XQ6ZgxKJk5nZ8J9NC6gcAeaUglY=
3,-18,vT3TXClaGakgXBuHmvaTB3tsjgY=,XQ6ZgxKJk5nZ8J9NC6gcAeaUglY=
2,-17,vT3TXClaGakgXBuHmvaTB3tsjgY=,XQ6ZgxKJk5nZ8J9NC6gcAeaUglY=
3,-19,vT3TXClaGakgXBuHmvaTB3tsjgY=,XQ6ZgxKJk5nZ8J9NC6gcAeaUglY=
3,-20,vT3TXClaGakgXBuHmvaTB3tsjgY=,XQ6ZgxKJk5nZ8J9NC6gcAeaUglY=
1,-20,vT3TXClaGakgXBuHmvaTB3tsjgY=,XQ6ZgxKJk5nZ8J9NC6gcAeaUglY=
2,-20,vT3TXClaGakgXBuHmvaTB3tsjgY=,XQ6ZgxKJk5nZ8J9NC6gcAeaUglY=
1,-19,vT3TXClaGakgXBuHmvaTB3tsjgY=,XQ6ZgxKJk5nZ8J9NC6gcAeaUglY=
0,-19,vT3TXClaGakgXBuHmvaTB3tsjgY=,XQ6ZgxKJk5nZ8J9NC6gcAeaUglY=
