33,58,qqyRkxbUQ7cvUz1jb7x+uOqjGB0=,RKUtjNE1eFkOjRA0HDh852IQ/Mo=
34,58,qqyRkxbUQ7cvUz1jb7x+uOqjGB0=,RKUtjNE1eFkOjRA0HDh852IQ/Mo=
35,58,qqyRkxbUQ7cvUz1jb7x+uOqjGB0=,RKUtjNE1eFkOjRA0HDh852IQ/Mo=
36,58,qqyRkxbUQ7cvUz1jb7x+uOqjGB0=,RKUtjNE1eFkOjRA0HDh852IQ/Mo=
33,59,qqyRkxbUQ7cvUz1jb7x+uOqjGB0=,RKUtjNE1eFkOjRA0HDh852IQ/Mo=
34,59,qqyRkxbUQ7cvUz1jb7x+uOqjGB0=,RKUtjNE1eFkOjRA0HDh852IQ/Mo=
35,59,qqyRkxbUQ7cvUz1jb7x+uOqjGB0=,RKUtjNE1eFkOjRA0HDh852IQ/Mo=
36,59,qqyRkxbUQ7cvUz1jb7x+uOqjGB0=,RKUtjNE1eFkOjRA0HDh852IQ/Mo=
37,59,qqyRkxbUQ7cvUz1jb7x+uOqjGB0=,RKUtjNE1eFkOjRA0HDh852IQ/Mo=
33,60,qqyRkxbUQ7cvUz1jb7x+uOqjGB0=,RKUtjNE1eFkOjRA0HDh852IQ/Mo=
34,60,qqyRkxbUQ7cvUz1jb7x+uOqjGB0=,RKUtjNE1eFkOjRA0HDh852IQ/Mo=
35,60,qqyRkxbUQ7cvUz1jb7x+uOqjGB0=,RKUtjNE1eFkOjRA0HDh852IQ/Mo=
36,60,qqyRkxbUQ7cvUz1jb7x+uOqjGB0=,RKUtjNE1eFkOjRA0HDh852IQ/Mo=
37,60,qqyRkxbUQ7cvUz1jb7x+uOqjGB0=,RKUtjNE1eFkOjRA0HDh852IQ/Mo=
38,60,qqyRkxbUQ7cvUz1jb7x+uOqjGB0=,RKUtjNE1eFkOjRA0HDh852IQ/Mo=
33,61,qqyRkxbUQ7cvUz1jb7x+uOqjGB0=,RKUtjNE1eFkOjRA0HDh852IQ/Mo=
34,61,qqyRkxbUQ7cvUz1jb7x+uOqjGB0=,RKUtjNE1eFkOjRA0HDh852IQ/Mo=
35,61,qqyRkxbUQ7cvUz1jb7x+uOqjGB0=,RKUtjNE1eFkOjRA0HDh852IQ/Mo=
36,61,qqyRkxbUQ7cvUz1jb7x+uOqjGB0=,RKUtjNE1eFkOjRA0HDh852IQ/Mo=
37,61,qqyRkxbUQ7cvUz1jb7x+uOqjGB0=,RKUtjNE1eFkOjRA0HDh852IQ/Mo=
38,61,qqyRkxbUQ7cvUz1jb7x+uOqjGB0=,RKUtjNE1eFkOjRA0HDh852IQ/Mo=
33,62,qqyRkxbUQ7cvUz1jb7x+uOqjGB0=,RKUtjNE1eFkOjRA0HDh852IQ/Mo=
34,62,qqyRkxbUQ7cvUz1jb7x+uOqjGB0=,RKUtjNE1eFkOjRA0HDh852IQ/Mo=
35,62,qqyRkxbUQ7cvUz1jb7x+uOqjGB0=,RKUtjNE1eFkOjRA0HDh852IQ/Mo=
36,62,qqyRkxbUQ7cvUz1jb7x+uOqjGB0=,RKUtjNE1eFkOjRA0HDh852IQ/Mo=
37,62,qqyRkxbUQ7cvUz1jb7x+uOqjGB0=,RKUtjNE1eFkOjRA0HDh852IQ/Mo=
38,62,qqyRkxbUQ7cvUz1jb7x+uOqjGB0=,RKUtjNE1eFkOjRA0HDh852IQ/Mo=
33,57,qqyRkxbUQ7cvUz1jb7x+uOqjGB0=,RKUtjNE1eFkOjRA0HDh852IQ/Mo=
34,57,qqyRkxbUQ7cvUz1jb7x+uOqjGB0=,RKUtjNE1eFkOjRA0HDh852IQ/Mo=
35,57,qqyRkxbUQ7cvUz1jb7x+uOqjGB0=,RKUtjNE1eFkOjRA0HDh852IQ/Mo=
36,57,qqyRkxbUQ7cvUz1jb7x+uOqjGB0=,RKUtjNE1eFkOjRA0HDh852IQ/Mo=
38,54,qqyRkxbUQ7cvUz1jb7x+uOqjGB0=,e/fKF93RpW8ysihnVF4qfFE9bZI=
36,55,qqyRkxbUQ7cvUz1jb7x+uOqjGB0=,e/fKF93RpW8ysihnVF4qfFE9bZI=
37,54,qqyRkxbUQ7cvUz1jb7x+uOqjGB0=,e/fKF93RpW8ysihnVF4qfFE9bZI=
36,54,qqyRkxbUQ7cvUz1jb7x+uOqjGB0=,e/fKF93RpW8ysihnVF4qfFE9bZI=
35,54,qqyRkxbUQ7cvUz1jb7x+uOqjGB0=,e/fKF93RpW8ysihnVF4qfFE9bZI=
34,54,qqyRkxbUQ7cvUz1jb7x+uOqjGB0=,e/fKF93RpW8ysihnVF4qfFE9bZI=
35,55,qqyRkxbUQ7cvUz1jb7x+uOqjGB0=,e/fKF93RpW8ysihnVF4qfFE9bZI=
33,54,qqyRkxbUQ7cvUz1jb7x+uOqjGB0=,e/fKF93RpW8ysihnVF4qfFE9bZI=
33,49,qqyRkxbUQ7cvUz1jb7x+uOqjGB0=,e/fKF93RpW8ysihnVF4qfFE9bZI=
35,52,qqyRkxbUQ7cvUz1jb7x+uOqjGB0=,e/fKF93RpW8ysihnVF4qfFE9bZI=
38,49,qqyRkxbUQ7cvUz1jb7x+uOqjGB0=,e/fKF93RpW8ysihnVF4qfFE9bZI=
33,50,qqyRkxbUQ7cvUz1jb7x+uOqjGB0=,e/fKF93RpW8ysihnVF4qfFE9bZI=
37,49,qqyRkxbUQ7cvUz1jb7x+uOqjGB0=,e/fKF93RpW8ysihnVF4qfFE9bZI=
36,49,qqyRkxbUQ7cvUz1jb7x+uOqjGB0=,e/fKF93RpW8ysihnVF4qfFE9bZI=
33,51,qqyRkxbUQ7cvUz1jb7x+uOqjGB0=,e/fKF93RpW8ysihnVF4qfFE9bZI=
34,55,qqyRkxbUQ7cvUz1jb7x+uOqjGB0=,e/fKF93RpW8ysihnVF4qfFE9bZI=
35,53,qqyRkxbUQ7cvUz1jb7x+uOqjGB0=,e/fKF93RpW8ysihnVF4qfFE9bZI=
33,55,qqyRkxbUQ7cvUz1jb7x+uOqjGB0=,e/fKF93RpW8ysihnVF4qfFE9bZI=
34,53,qqyRkxbUQ7cvUz1jb7x+uOqjGB0=,e/fKF93RpW8ysihnVF4qfFE9bZI=
34,52,qqyRkxbUQ7cvUz1jb7x+uOqjGB0=,e/fKF93RpW8ysihnVF4qfFE9bZI=
36,56,qqyRkxbUQ7cvUz1jb7x+uOqjGB0=,RKUtjNE1eFkOjRA0HDh852IQ/Mo=
33,52,qqyRkxbUQ7cvUz1jb7x+uOqjGB0=,e/fKF93RpW8ysihnVF4qfFE9bZI=
35,56,qqyRkxbUQ7cvUz1jb7x+uOqjGB0=,RKUtjNE1eFkOjRA0HDh852IQ/Mo=
38,50,qqyRkxbUQ7cvUz1jb7x+uOqjGB0=,e/fKF93RpW8ysihnVF4qfFE9bZI=
34,56,qqyRkxbUQ7cvUz1jb7x+uOqjGB0=,RKUtjNE1eFkOjRA0HDh852IQ/Mo=
37,50,qqyRkxbUQ7cvUz1jb7x+uOqjGB0=,e/fKF93RpW8ysihnVF4qfFE9bZI=
38,51,qqyRkxbUQ7cvUz1jb7x+uOqjGB0=,e/fKF93RpW8ysihnVF4qfFE9bZI=
33,56,qqyRkxbUQ7cvUz1jb7x+uOqjGB0=,RKUtjNE1eFkOjRA0HDh852IQ/Mo=
36,50,qqyRkxbUQ7cvUz1jb7x+uOqjGB0=,e/fKF93RpW8ysihnVF4qfFE9bZI=
37,51,qqyRkxbUQ7cvUz1jb7x+uOqjGB0=,e/fKF93RpW8ysihnVF4qfFE9bZI=
38,53,qqyRkxbUQ7cvUz1jb7x+uOqjGB0=,e/fKF93RpW8ysihnVF4qfFE9bZI=
36,51,qqyRkxbUQ7cvUz1jb7x+uOqjGB0=,e/fKF93RpW8ysihnVF4qfFE9bZI=
35,49,qqyRkxbUQ7cvUz1jb7x+uOqjGB0=,e/fKF93RpW8ysihnVF4qfFE9bZI=
34,49,qqyRkxbUQ7cvUz1jb7x+uOqjGB0=,e/fKF93RpW8ysihnVF4qfFE9bZI=
35,50,qqyRkxbUQ7cvUz1jb7x+uOqjGB0=,e/fKF93RpW8ysihnVF4qfFE9bZI=
35,51,qqyRkxbUQ7cvUz1jb7x+uOqjGB0=,e/fKF93RpW8ysihnVF4qfFE9bZI=
33,53,qqyRkxbUQ7cvUz1jb7x+uOqjGB0=,e/fKF93RpW8ysihnVF4qfFE9bZI=
34,51,qqyRkxbUQ7cvUz1jb7x+uOqjGB0=,e/fKF93RpW8ysihnVF4qfFE9bZI=
37,53,qqyRkxbUQ7cvUz1jb7x+uOqjGB0=,e/fKF93RpW8ysihnVF4qfFE9bZI=
38,52,qqyRkxbUQ7cvUz1jb7x+uOqjGB0=,e/fKF93RpW8ysihnVF4qfFE9bZI=
37,52,qqyRkxbUQ7cvUz1jb7x+uOqjGB0=,e/fKF93RpW8ysihnVF4qfFE9bZI=
34,50,qqyRkxbUQ7cvUz1jb7x+uOqjGB0=,e/fKF93RpW8ysihnVF4qfFE9bZI=
36,52,qqyRkxbUQ7cvUz1jb7x+uOqjGB0=,e/fKF93RpW8ysihnVF4qfFE9bZI=
36,53,qqyRkxbUQ7cvUz1jb7x+uOqjGB0=,e/fKF93RpW8ysihnVF4qfFE9bZI=
36,48,qqyRkxbUQ7cvUz1jb7x+uOqjGB0=,e/fKF93RpW8ysihnVF4qfFE9bZI=
35,48,qqyRkxbUQ7cvUz1jb7x+uOqjGB0=,e/fKF93RpW8ysihnVF4qfFE9bZI=
33,48,qqyRkxbUQ7cvUz1jb7x+uOqjGB0=,e/fKF93RpW8ysihnVF4qfFE9bZI=
37,48,qqyRkxbUQ7cvUz1jb7x+uOqjGB0=,e/fKF93RpW8ysihnVF4qfFE9bZI=
38,48,qqyRkxbUQ7cvUz1jb7x+uOqjGB0=,e/fKF93RpW8ysihnVF4qfFE9bZI=
34,48,qqyRkxbUQ7cvUz1jb7x+uOqjGB0=,e/fKF93RpW8ysihnVF4qfFE9bZI=
33,63,qqyRkxbUQ7cvUz1jb7x+uOqjGB0=,RKUtjNE1eFkOjRA0HDh852IQ/Mo=
34,63,qqyRkxbUQ7cvUz1jb7x+uOqjGB0=,RKUtjNE1eFkOjRA0HDh852IQ/Mo=
35,63,qqyRkxbUQ7cvUz1jb7x+uOqjGB0=,RKUtjNE1eFkOjRA0HDh852IQ/Mo=
36,63,qqyRkxbUQ7cvUz1jb7x+uOqjGB0=,RKUtjNE1eFkOjRA0HDh852IQ/Mo=
37,63,qqyRkxbUQ7cvUz1jb7x+uOqjGB0=,RKUtjNE1eFkOjRA0HDh852IQ/Mo=
38,63,qqyRkxbUQ7cvUz1jb7x+uOqjGB0=,RKUtjNE1eFkOjRA0HDh852IQ/Mo=
39,52,qqyRkxbUQ7cvUz1jb7x+uOqjGB0=,e/fKF93RpW8ysihnVF4qfFE9bZI=
39,54,qqyRkxbUQ7cvUz1jb7x+uOqjGB0=,e/fKF93RpW8ysihnVF4qfFE9bZI=
40,48,qqyRkxbUQ7cvUz1jb7x+uOqjGB0=,SFlIzB7CGD1wRw91HdTa28BLsWA=
41,48,qqyRkxbUQ7cvUz1jb7x+uOqjGB0=,SFlIzB7CGD1wRw91HdTa28BLsWA=
42,48,qqyRkxbUQ7cvUz1jb7x+uOqjGB0=,SFlIzB7CGD1wRw91HdTa28BLsWA=
40,49,qqyRkxbUQ7cvUz1jb7x+uOqjGB0=,SFlIzB7CGD1wRw91HdTa28BLsWA=
41,49,qqyRkxbUQ7cvUz1jb7x+uOqjGB0=,SFlIzB7CGD1wRw91HdTa28BLsWA=
42,49,qqyRkxbUQ7cvUz1jb7x+uOqjGB0=,SFlIzB7CGD1wRw91HdTa28BLsWA=
39,51,qqyRkxbUQ7cvUz1jb7x+uOqjGB0=,e/fKF93RpW8ysihnVF4qfFE9bZI=
39,50,qqyRkxbUQ7cvUz1jb7x+uOqjGB0=,e/fKF93RpW8ysihnVF4qfFE9bZI=
40,50,qqyRkxbUQ7cvUz1jb7x+uOqjGB0=,SFlIzB7CGD1wRw91HdTa28BLsWA=
41,50,qqyRkxbUQ7cvUz1jb7x+uOqjGB0=,SFlIzB7CGD1wRw91HdTa28BLsWA=
42,50,qqyRkxbUQ7cvUz1jb7x+uOqjGB0=,SFlIzB7CGD1wRw91HdTa28BLsWA=
40,52,qqyRkxbUQ7cvUz1jb7x+uOqjGB0=,SFlIzB7CGD1wRw91HdTa28BLsWA=
40,53,qqyRkxbUQ7cvUz1jb7x+uOqjGB0=,SFlIzB7CGD1wRw91HdTa28BLsWA=
40,51,qqyRkxbUQ7cvUz1jb7x+uOqjGB0=,SFlIzB7CGD1wRw91HdTa28BLsWA=
41,51,qqyRkxbUQ7cvUz1jb7x+uOqjGB0=,SFlIzB7CGD1wRw91HdTa28BLsWA=
39,48,qqyRkxbUQ7cvUz1jb7x+uOqjGB0=,e/fKF93RpW8ysihnVF4qfFE9bZI=
39,49,qqyRkxbUQ7cvUz1jb7x+uOqjGB0=,e/fKF93RpW8ysihnVF4qfFE9bZI=
42,51,qqyRkxbUQ7cvUz1jb7x+uOqjGB0=,SFlIzB7CGD1wRw91HdTa28BLsWA=
39,53,qqyRkxbUQ7cvUz1jb7x+uOqjGB0=,e/fKF93RpW8ysihnVF4qfFE9bZI=
40,54,qqyRkxbUQ7cvUz1jb7x+uOqjGB0=,SFlIzB7CGD1wRw91HdTa28BLsWA=
32,58,qqyRkxbUQ7cvUz1jb7x+uOqjGB0=,RKUtjNE1eFkOjRA0HDh852IQ/Mo=
32,59,qqyRkxbUQ7cvUz1jb7x+uOqjGB0=,RKUtjNE1eFkOjRA0HDh852IQ/Mo=
32,60,qqyRkxbUQ7cvUz1jb7x+uOqjGB0=,RKUtjNE1eFkOjRA0HDh852IQ/Mo=
32,61,qqyRkxbUQ7cvUz1jb7x+uOqjGB0=,RKUtjNE1eFkOjRA0HDh852IQ/Mo=
32,62,qqyRkxbUQ7cvUz1jb7x+uOqjGB0=,RKUtjNE1eFkOjRA0HDh852IQ/Mo=
32,63,qqyRkxbUQ7cvUz1jb7x+uOqjGB0=,RKUtjNE1eFkOjRA0HDh852IQ/Mo=
40,63,qqyRkxbUQ7cvUz1jb7x+uOqjGB0=,tyybwqVsvV8C2N8qE4tv7bnXNuw=
41,63,qqyRkxbUQ7cvUz1jb7x+uOqjGB0=,tyybwqVsvV8C2N8qE4tv7bnXNuw=
42,63,qqyRkxbUQ7cvUz1jb7x+uOqjGB0=,tyybwqVsvV8C2N8qE4tv7bnXNuw=
39,60,qqyRkxbUQ7cvUz1jb7x+uOqjGB0=,RKUtjNE1eFkOjRA0HDh852IQ/Mo=
39,61,qqyRkxbUQ7cvUz1jb7x+uOqjGB0=,RKUtjNE1eFkOjRA0HDh852IQ/Mo=
39,62,qqyRkxbUQ7cvUz1jb7x+uOqjGB0=,RKUtjNE1eFkOjRA0HDh852IQ/Mo=
39,63,qqyRkxbUQ7cvUz1jb7x+uOqjGB0=,RKUtjNE1eFkOjRA0HDh852IQ/Mo=
43,51,qqyRkxbUQ7cvUz1jb7x+uOqjGB0=,SFlIzB7CGD1wRw91HdTa28BLsWA=
32,57,qqyRkxbUQ7cvUz1jb7x+uOqjGB0=,RKUtjNE1eFkOjRA0HDh852IQ/Mo=
43,50,qqyRkxbUQ7cvUz1jb7x+uOqjGB0=,SFlIzB7CGD1wRw91HdTa28BLsWA=
32,55,qqyRkxbUQ7cvUz1jb7x+uOqjGB0=,e/fKF93RpW8ysihnVF4qfFE9bZI=
32,53,qqyRkxbUQ7cvUz1jb7x+uOqjGB0=,e/fKF93RpW8ysihnVF4qfFE9bZI=
32,49,qqyRkxbUQ7cvUz1jb7x+uOqjGB0=,e/fKF93RpW8ysihnVF4qfFE9bZI=
32,56,qqyRkxbUQ7cvUz1jb7x+uOqjGB0=,RKUtjNE1eFkOjRA0HDh852IQ/Mo=
32,52,qqyRkxbUQ7cvUz1jb7x+uOqjGB0=,e/fKF93RpW8ysihnVF4qfFE9bZI=
32,51,qqyRkxbUQ7cvUz1jb7x+uOqjGB0=,e/fKF93RpW8ysihnVF4qfFE9bZI=
32,50,qqyRkxbUQ7cvUz1jb7x+uOqjGB0=,e/fKF93RpW8ysihnVF4qfFE9bZI=
32,54,qqyRkxbUQ7cvUz1jb7x+uOqjGB0=,e/fKF93RpW8ysihnVF4qfFE9bZI=
32,48,qqyRkxbUQ7cvUz1jb7x+uOqjGB0=,e/fKF93RpW8ysihnVF4qfFE9bZI=
39,55,qqyRkxbUQ7cvUz1jb7x+uOqjGB0=,e/fKF93RpW8ysihnVF4qfFE9bZI=
43,48,qqyRkxbUQ7cvUz1jb7x+uOqjGB0=,SFlIzB7CGD1wRw91HdTa28BLsWA=
43,49,qqyRkxbUQ7cvUz1jb7x+uOqjGB0=,SFlIzB7CGD1wRw91HdTa28BLsWA=
44,48,qqyRkxbUQ7cvUz1jb7x+uOqjGB0=,SFlIzB7CGD1wRw91HdTa28BLsWA=
47,48,qqyRkxbUQ7cvUz1jb7x+uOqjGB0=,SFlIzB7CGD1wRw91HdTa28BLsWA=
45,48,qqyRkxbUQ7cvUz1jb7x+uOqjGB0=,SFlIzB7CGD1wRw91HdTa28BLsWA=
38,55,qqyRkxbUQ7cvUz1jb7x+uOqjGB0=,e/fKF93RpW8ysihnVF4qfFE9bZI=
44,50,qqyRkxbUQ7cvUz1jb7x+uOqjGB0=,SFlIzB7CGD1wRw91HdTa28BLsWA=
46,48,qqyRkxbUQ7cvUz1jb7x+uOqjGB0=,SFlIzB7CGD1wRw91HdTa28BLsWA=
37,55,qqyRkxbUQ7cvUz1jb7x+uOqjGB0=,e/fKF93RpW8ysihnVF4qfFE9bZI=
46,49,qqyRkxbUQ7cvUz1jb7x+uOqjGB0=,SFlIzB7CGD1wRw91HdTa28BLsWA=
40,62,qqyRkxbUQ7cvUz1jb7x+uOqjGB0=,tyybwqVsvV8C2N8qE4tv7bnXNuw=
45,49,qqyRkxbUQ7cvUz1jb7x+uOqjGB0=,SFlIzB7CGD1wRw91HdTa28BLsWA=
46,50,qqyRkxbUQ7cvUz1jb7x+uOqjGB0=,SFlIzB7CGD1wRw91HdTa28BLsWA=
44,51,qqyRkxbUQ7cvUz1jb7x+uOqjGB0=,SFlIzB7CGD1wRw91HdTa28BLsWA=
44,49,qqyRkxbUQ7cvUz1jb7x+uOqjGB0=,SFlIzB7CGD1wRw91HdTa28BLsWA=
43,55,qqyRkxbUQ7cvUz1jb7x+uOqjGB0=,SFlIzB7CGD1wRw91HdTa28BLsWA=
47,49,qqyRkxbUQ7cvUz1jb7x+uOqjGB0=,SFlIzB7CGD1wRw91HdTa28BLsWA=
45,50,qqyRkxbUQ7cvUz1jb7x+uOqjGB0=,SFlIzB7CGD1wRw91HdTa28BLsWA=
47,50,qqyRkxbUQ7cvUz1jb7x+uOqjGB0=,SFlIzB7CGD1wRw91HdTa28BLsWA=
45,51,qqyRkxbUQ7cvUz1jb7x+uOqjGB0=,SFlIzB7CGD1wRw91HdTa28BLsWA=
47,51,qqyRkxbUQ7cvUz1jb7x+uOqjGB0=,SFlIzB7CGD1wRw91HdTa28BLsWA=
46,51,qqyRkxbUQ7cvUz1jb7x+uOqjGB0=,SFlIzB7CGD1wRw91HdTa28BLsWA=
41,52,qqyRkxbUQ7cvUz1jb7x+uOqjGB0=,SFlIzB7CGD1wRw91HdTa28BLsWA=
42,55,qqyRkxbUQ7cvUz1jb7x+uOqjGB0=,SFlIzB7CGD1wRw91HdTa28BLsWA=
44,54,qqyRkxbUQ7cvUz1jb7x+uOqjGB0=,SFlIzB7CGD1wRw91HdTa28BLsWA=
44,62,ihoHF7NdzUshcI9sOyhP5MWVvbo=,tyybwqVsvV8C2N8qE4tv7bnXNuw=
46,54,ihoHF7NdzUshcI9sOyhP5MWVvbo=,SFlIzB7CGD1wRw91HdTa28BLsWA=
47,55,ihoHF7NdzUshcI9sOyhP5MWVvbo=,SFlIzB7CGD1wRw91HdTa28BLsWA=
42,62,ihoHF7NdzUshcI9sOyhP5MWVvbo=,tyybwqVsvV8C2N8qE4tv7bnXNuw=
45,62,ihoHF7NdzUshcI9sOyhP5MWVvbo=,tyybwqVsvV8C2N8qE4tv7bnXNuw=
47,54,ihoHF7NdzUshcI9sOyhP5MWVvbo=,SFlIzB7CGD1wRw91HdTa28BLsWA=
47,53,ihoHF7NdzUshcI9sOyhP5MWVvbo=,SFlIzB7CGD1wRw91HdTa28BLsWA=
46,52,ihoHF7NdzUshcI9sOyhP5MWVvbo=,SFlIzB7CGD1wRw91HdTa28BLsWA=
44,53,ihoHF7NdzUshcI9sOyhP5MWVvbo=,SFlIzB7CGD1wRw91HdTa28BLsWA=
47,52,ihoHF7NdzUshcI9sOyhP5MWVvbo=,SFlIzB7CGD1wRw91HdTa28BLsWA=
45,55,ihoHF7NdzUshcI9sOyhP5MWVvbo=,SFlIzB7CGD1wRw91HdTa28BLsWA=
43,62,ihoHF7NdzUshcI9sOyhP5MWVvbo=,tyybwqVsvV8C2N8qE4tv7bnXNuw=
46,53,ihoHF7NdzUshcI9sOyhP5MWVvbo=,SFlIzB7CGD1wRw91HdTa28BLsWA=
41,62,ihoHF7NdzUshcI9sOyhP5MWVvbo=,tyybwqVsvV8C2N8qE4tv7bnXNuw=
45,52,ihoHF7NdzUshcI9sOyhP5MWVvbo=,SFlIzB7CGD1wRw91HdTa28BLsWA=
44,55,ihoHF7NdzUshcI9sOyhP5MWVvbo=,SFlIzB7CGD1wRw91HdTa28BLsWA=
41,55,ihoHF7NdzUshcI9sOyhP5MWVvbo=,SFlIzB7CGD1wRw91HdTa28BLsWA=
41,56,ihoHF7NdzUshcI9sOyhP5MWVvbo=,tyybwqVsvV8C2N8qE4tv7bnXNuw=
45,54,ihoHF7NdzUshcI9sOyhP5MWVvbo=,SFlIzB7CGD1wRw91HdTa28BLsWA=
46,55,ihoHF7NdzUshcI9sOyhP5MWVvbo=,SFlIzB7CGD1wRw91HdTa28BLsWA=
42,52,ihoHF7NdzUshcI9sOyhP5MWVvbo=,SFlIzB7CGD1wRw91HdTa28BLsWA=
37,58,ihoHF7NdzUshcI9sOyhP5MWVvbo=,RKUtjNE1eFkOjRA0HDh852IQ/Mo=
46,62,ihoHF7NdzUshcI9sOyhP5MWVvbo=,tyybwqVsvV8C2N8qE4tv7bnXNuw=
38,59,ihoHF7NdzUshcI9sOyhP5MWVvbo=,RKUtjNE1eFkOjRA0HDh852IQ/Mo=
42,56,ihoHF7NdzUshcI9sOyhP5MWVvbo=,tyybwqVsvV8C2N8qE4tv7bnXNuw=
44,52,ihoHF7NdzUshcI9sOyhP5MWVvbo=,SFlIzB7CGD1wRw91HdTa28BLsWA=
40,56,ihoHF7NdzUshcI9sOyhP5MWVvbo=,tyybwqVsvV8C2N8qE4tv7bnXNuw=
37,56,ihoHF7NdzUshcI9sOyhP5MWVvbo=,RKUtjNE1eFkOjRA0HDh852IQ/Mo=
38,56,ihoHF7NdzUshcI9sOyhP5MWVvbo=,RKUtjNE1eFkOjRA0HDh852IQ/Mo=
45,53,ihoHF7NdzUshcI9sOyhP5MWVvbo=,SFlIzB7CGD1wRw91HdTa28BLsWA=
40,55,ihoHF7NdzUshcI9sOyhP5MWVvbo=,SFlIzB7CGD1wRw91HdTa28BLsWA=
43,52,ihoHF7NdzUshcI9sOyhP5MWVvbo=,SFlIzB7CGD1wRw91HdTa28BLsWA=
37,57,ihoHF7NdzUshcI9sOyhP5MWVvbo=,RKUtjNE1eFkOjRA0HDh852IQ/Mo=
40,57,ihoHF7NdzUshcI9sOyhP5MWVvbo=,tyybwqVsvV8C2N8qE4tv7bnXNuw=
44,56,ihoHF7NdzUshcI9sOyhP5MWVvbo=,tyybwqVsvV8C2N8qE4tv7bnXNuw=
38,57,ihoHF7NdzUshcI9sOyhP5MWVvbo=,RKUtjNE1eFkOjRA0HDh852IQ/Mo=
39,58,ihoHF7NdzUshcI9sOyhP5MWVvbo=,RKUtjNE1eFkOjRA0HDh852IQ/Mo=
46,56,ihoHF7NdzUshcI9sOyhP5MWVvbo=,tyybwqVsvV8C2N8qE4tv7bnXNuw=
38,58,ihoHF7NdzUshcI9sOyhP5MWVvbo=,RKUtjNE1eFkOjRA0HDh852IQ/Mo=
41,57,ihoHF7NdzUshcI9sOyhP5MWVvbo=,tyybwqVsvV8C2N8qE4tv7bnXNuw=
43,54,ihoHF7NdzUshcI9sOyhP5MWVvbo=,SFlIzB7CGD1wRw91HdTa28BLsWA=
43,57,ihoHF7NdzUshcI9sOyhP5MWVvbo=,tyybwqVsvV8C2N8qE4tv7bnXNuw=
42,57,ihoHF7NdzUshcI9sOyhP5MWVvbo=,tyybwqVsvV8C2N8qE4tv7bnXNuw=
47,62,ihoHF7NdzUshcI9sOyhP5MWVvbo=,tyybwqVsvV8C2N8qE4tv7bnXNuw=
43,63,ihoHF7NdzUshcI9sOyhP5MWVvbo=,tyybwqVsvV8C2N8qE4tv7bnXNuw=
41,53,ihoHF7NdzUshcI9sOyhP5MWVvbo=,SFlIzB7CGD1wRw91HdTa28BLsWA=
45,56,ihoHF7NdzUshcI9sOyhP5MWVvbo=,tyybwqVsvV8C2N8qE4tv7bnXNuw=
41,58,ihoHF7NdzUshcI9sOyhP5MWVvbo=,tyybwqVsvV8C2N8qE4tv7bnXNuw=
40,58,ihoHF7NdzUshcI9sOyhP5MWVvbo=,tyybwqVsvV8C2N8qE4tv7bnXNuw=
46,57,ihoHF7NdzUshcI9sOyhP5MWVvbo=,tyybwqVsvV8C2N8qE4tv7bnXNuw=
45,57,ihoHF7NdzUshcI9sOyhP5MWVvbo=,tyybwqVsvV8C2N8qE4tv7bnXNuw=
39,59,ihoHF7NdzUshcI9sOyhP5MWVvbo=,RKUtjNE1eFkOjRA0HDh852IQ/Mo=
44,57,ihoHF7NdzUshcI9sOyhP5MWVvbo=,tyybwqVsvV8C2N8qE4tv7bnXNuw=
43,58,ihoHF7NdzUshcI9sOyhP5MWVvbo=,tyybwqVsvV8C2N8qE4tv7bnXNuw=
44,58,ihoHF7NdzUshcI9sOyhP5MWVvbo=,tyybwqVsvV8C2N8qE4tv7bnXNuw=
42,54,ihoHF7NdzUshcI9sOyhP5MWVvbo=,SFlIzB7CGD1wRw91HdTa28BLsWA=
42,58,ihoHF7NdzUshcI9sOyhP5MWVvbo=,tyybwqVsvV8C2N8qE4tv7bnXNuw=
40,59,ihoHF7NdzUshcI9sOyhP5MWVvbo=,tyybwqVsvV8C2N8qE4tv7bnXNuw=
40,60,ihoHF7NdzUshcI9sOyhP5MWVvbo=,tyybwqVsvV8C2N8qE4tv7bnXNuw=
42,53,ihoHF7NdzUshcI9sOyhP5MWVvbo=,SFlIzB7CGD1wRw91HdTa28BLsWA=
44,63,ihoHF7NdzUshcI9sOyhP5MWVvbo=,tyybwqVsvV8C2N8qE4tv7bnXNuw=
43,59,ihoHF7NdzUshcI9sOyhP5MWVvbo=,tyybwqVsvV8C2N8qE4tv7bnXNuw=
47,61,ihoHF7NdzUshcI9sOyhP5MWVvbo=,tyybwqVsvV8C2N8qE4tv7bnXNuw=
42,59,ihoHF7NdzUshcI9sOyhP5MWVvbo=,tyybwqVsvV8C2N8qE4tv7bnXNuw=
45,63,ihoHF7NdzUshcI9sOyhP5MWVvbo=,tyybwqVsvV8C2N8qE4tv7bnXNuw=
40,61,ihoHF7NdzUshcI9sOyhP5MWVvbo=,tyybwqVsvV8C2N8qE4tv7bnXNuw=
41,61,ihoHF7NdzUshcI9sOyhP5MWVvbo=,tyybwqVsvV8C2N8qE4tv7bnXNuw=
41,59,ihoHF7NdzUshcI9sOyhP5MWVvbo=,tyybwqVsvV8C2N8qE4tv7bnXNuw=
46,58,ihoHF7NdzUshcI9sOyhP5MWVvbo=,tyybwqVsvV8C2N8qE4tv7bnXNuw=
42,61,ihoHF7NdzUshcI9sOyhP5MWVvbo=,tyybwqVsvV8C2N8qE4tv7bnXNuw=
44,59,ihoHF7NdzUshcI9sOyhP5MWVvbo=,tyybwqVsvV8C2N8qE4tv7bnXNuw=
41,60,ihoHF7NdzUshcI9sOyhP5MWVvbo=,tyybwqVsvV8C2N8qE4tv7bnXNuw=
45,58,ihoHF7NdzUshcI9sOyhP5MWVvbo=,tyybwqVsvV8C2N8qE4tv7bnXNuw=
42,60,ihoHF7NdzUshcI9sOyhP5MWVvbo=,tyybwqVsvV8C2N8qE4tv7bnXNuw=
46,63,ihoHF7NdzUshcI9sOyhP5MWVvbo=,tyybwqVsvV8C2N8qE4tv7bnXNuw=
45,59,ihoHF7NdzUshcI9sOyhP5MWVvbo=,tyybwqVsvV8C2N8qE4tv7bnXNuw=
43,60,ihoHF7NdzUshcI9sOyhP5MWVvbo=,tyybwqVsvV8C2N8qE4tv7bnXNuw=
43,61,ihoHF7NdzUshcI9sOyhP5MWVvbo=,tyybwqVsvV8C2N8qE4tv7bnXNuw=
39,56,ihoHF7NdzUshcI9sOyhP5MWVvbo=,RKUtjNE1eFkOjRA0HDh852IQ/Mo=
45,60,ihoHF7NdzUshcI9sOyhP5MWVvbo=,tyybwqVsvV8C2N8qE4tv7bnXNuw=
41,54,ihoHF7NdzUshcI9sOyhP5MWVvbo=,SFlIzB7CGD1wRw91HdTa28BLsWA=
46,59,ihoHF7NdzUshcI9sOyhP5MWVvbo=,tyybwqVsvV8C2N8qE4tv7bnXNuw=
44,60,ihoHF7NdzUshcI9sOyhP5MWVvbo=,tyybwqVsvV8C2N8qE4tv7bnXNuw=
46,60,ihoHF7NdzUshcI9sOyhP5MWVvbo=,tyybwqVsvV8C2N8qE4tv7bnXNuw=
43,53,ihoHF7NdzUshcI9sOyhP5MWVvbo=,SFlIzB7CGD1wRw91HdTa28BLsWA=
43,56,ihoHF7NdzUshcI9sOyhP5MWVvbo=,tyybwqVsvV8C2N8qE4tv7bnXNuw=
47,60,ihoHF7NdzUshcI9sOyhP5MWVvbo=,tyybwqVsvV8C2N8qE4tv7bnXNuw=
45,61,ihoHF7NdzUshcI9sOyhP5MWVvbo=,tyybwqVsvV8C2N8qE4tv7bnXNuw=
39,57,ihoHF7NdzUshcI9sOyhP5MWVvbo=,RKUtjNE1eFkOjRA0HDh852IQ/Mo=
44,61,ihoHF7NdzUshcI9sOyhP5MWVvbo=,tyybwqVsvV8C2N8qE4tv7bnXNuw=
47,57,ihoHF7NdzUshcI9sOyhP5MWVvbo=,tyybwqVsvV8C2N8qE4tv7bnXNuw=
46,61,ihoHF7NdzUshcI9sOyhP5MWVvbo=,tyybwqVsvV8C2N8qE4tv7bnXNuw=
47,56,ihoHF7NdzUshcI9sOyhP5MWVvbo=,tyybwqVsvV8C2N8qE4tv7bnXNuw=
47,58,ihoHF7NdzUshcI9sOyhP5MWVvbo=,tyybwqVsvV8C2N8qE4tv7bnXNuw=
47,63,ihoHF7NdzUshcI9sOyhP5MWVvbo=,tyybwqVsvV8C2N8qE4tv7bnXNuw=
47,59,ihoHF7NdzUshcI9sOyhP5MWVvbo=,tyybwqVsvV8C2N8qE4tv7bnXNuw=
40,34,OHBZgoF9ymCirY1GS2Ccd3Gmo44=,8DVwErqYnk9ni3eme3NKelTknwE=
41,34,OHBZgoF9ymCirY1GS2Ccd3Gmo44=,8DVwErqYnk9ni3eme3NKelTknwE=
42,34,OHBZgoF9ymCirY1GS2Ccd3Gmo44=,8DVwErqYnk9ni3eme3NKelTknwE=
45,34,OHBZgoF9ymCirY1GS2Ccd3Gmo44=,8DVwErqYnk9ni3eme3NKelTknwE=
46,34,OHBZgoF9ymCirY1GS2Ccd3Gmo44=,8DVwErqYnk9ni3eme3NKelTknwE=
47,34,OHBZgoF9ymCirY1GS2Ccd3Gmo44=,8DVwErqYnk9ni3eme3NKelTknwE=
40,35,OHBZgoF9ymCirY1GS2Ccd3Gmo44=,8DVwErqYnk9ni3eme3NKelTknwE=
41,35,OHBZgoF9ymCirY1GS2Ccd3Gmo44=,8DVwErqYnk9ni3eme3NKelTknwE=
42,35,OHBZgoF9ymCirY1GS2Ccd3Gmo44=,8DVwErqYnk9ni3eme3NKelTknwE=
45,35,OHBZgoF9ymCirY1GS2Ccd3Gmo44=,8DVwErqYnk9ni3eme3NKelTknwE=
46,35,OHBZgoF9ymCirY1GS2Ccd3Gmo44=,8DVwErqYnk9ni3eme3NKelTknwE=
47,35,OHBZgoF9ymCirY1GS2Ccd3Gmo44=,8DVwErqYnk9ni3eme3NKelTknwE=
40,36,OHBZgoF9ymCirY1GS2Ccd3Gmo44=,8DVwErqYnk9ni3eme3NKelTknwE=
41,36,OHBZgoF9ymCirY1GS2Ccd3Gmo44=,8DVwErqYnk9ni3eme3NKelTknwE=
47,33,OHBZgoF9ymCirY1GS2Ccd3Gmo44=,8DVwErqYnk9ni3eme3NKelTknwE=
46,33,OHBZgoF9ymCirY1GS2Ccd3Gmo44=,8DVwErqYnk9ni3eme3NKelTknwE=
45,33,OHBZgoF9ymCirY1GS2Ccd3Gmo44=,8DVwErqYnk9ni3eme3NKelTknwE=
42,33,OHBZgoF9ymCirY1GS2Ccd3Gmo44=,8DVwErqYnk9ni3eme3NKelTknwE=
41,33,OHBZgoF9ymCirY1GS2Ccd3Gmo44=,8DVwErqYnk9ni3eme3NKelTknwE=
40,33,OHBZgoF9ymCirY1GS2Ccd3Gmo44=,8DVwErqYnk9ni3eme3NKelTknwE=
47,32,OHBZgoF9ymCirY1GS2Ccd3Gmo44=,8DVwErqYnk9ni3eme3NKelTknwE=
42,36,OHBZgoF9ymCirY1GS2Ccd3Gmo44=,8DVwErqYnk9ni3eme3NKelTknwE=
45,36,OHBZgoF9ymCirY1GS2Ccd3Gmo44=,8DVwErqYnk9ni3eme3NKelTknwE=
46,36,OHBZgoF9ymCirY1GS2Ccd3Gmo44=,8DVwErqYnk9ni3eme3NKelTknwE=
47,36,OHBZgoF9ymCirY1GS2Ccd3Gmo44=,8DVwErqYnk9ni3eme3NKelTknwE=
40,37,OHBZgoF9ymCirY1GS2Ccd3Gmo44=,8DVwErqYnk9ni3eme3NKelTknwE=
41,37,OHBZgoF9ymCirY1GS2Ccd3Gmo44=,8DVwErqYnk9ni3eme3NKelTknwE=
42,37,OHBZgoF9ymCirY1GS2Ccd3Gmo44=,8DVwErqYnk9ni3eme3NKelTknwE=
46,37,OHBZgoF9ymCirY1GS2Ccd3Gmo44=,8DVwErqYnk9ni3eme3NKelTknwE=
47,37,OHBZgoF9ymCirY1GS2Ccd3Gmo44=,8DVwErqYnk9ni3eme3NKelTknwE=
40,38,OHBZgoF9ymCirY1GS2Ccd3Gmo44=,8DVwErqYnk9ni3eme3NKelTknwE=
43,33,OHBZgoF9ymCirY1GS2Ccd3Gmo44=,8DVwErqYnk9ni3eme3NKelTknwE=
41,38,OHBZgoF9ymCirY1GS2Ccd3Gmo44=,8DVwErqYnk9ni3eme3NKelTknwE=
42,38,OHBZgoF9ymCirY1GS2Ccd3Gmo44=,8DVwErqYnk9ni3eme3NKelTknwE=
46,38,OHBZgoF9ymCirY1GS2Ccd3Gmo44=,8DVwErqYnk9ni3eme3NKelTknwE=
47,38,OHBZgoF9ymCirY1GS2Ccd3Gmo44=,8DVwErqYnk9ni3eme3NKelTknwE=
40,32,OHBZgoF9ymCirY1GS2Ccd3Gmo44=,8DVwErqYnk9ni3eme3NKelTknwE=
41,32,OHBZgoF9ymCirY1GS2Ccd3Gmo44=,8DVwErqYnk9ni3eme3NKelTknwE=
44,33,OHBZgoF9ymCirY1GS2Ccd3Gmo44=,8DVwErqYnk9ni3eme3NKelTknwE=
46,32,OHBZgoF9ymCirY1GS2Ccd3Gmo44=,8DVwErqYnk9ni3eme3NKelTknwE=
45,32,OHBZgoF9ymCirY1GS2Ccd3Gmo44=,8DVwErqYnk9ni3eme3NKelTknwE=
42,32,OHBZgoF9ymCirY1GS2Ccd3Gmo44=,8DVwErqYnk9ni3eme3NKelTknwE=
40,45,OHBZgoF9ymCirY1GS2Ccd3Gmo44=,pUEd6fe5gymmK5ku8uhat1xA4k8=
40,42,OHBZgoF9ymCirY1GS2Ccd3Gmo44=,pUEd6fe5gymmK5ku8uhat1xA4k8=
40,44,OHBZgoF9ymCirY1GS2Ccd3Gmo44=,pUEd6fe5gymmK5ku8uhat1xA4k8=
40,40,OHBZgoF9ymCirY1GS2Ccd3Gmo44=,pUEd6fe5gymmK5ku8uhat1xA4k8=
40,41,OHBZgoF9ymCirY1GS2Ccd3Gmo44=,pUEd6fe5gymmK5ku8uhat1xA4k8=
41,45,OHBZgoF9ymCirY1GS2Ccd3Gmo44=,pUEd6fe5gymmK5ku8uhat1xA4k8=
42,40,Bsw1N0uL8nrTpWGJ2MX7koq4tg0=,pUEd6fe5gymmK5ku8uhat1xA4k8=
41,44,Bsw1N0uL8nrTpWGJ2MX7koq4tg0=,pUEd6fe5gymmK5ku8uhat1xA4k8=
42,45,Bsw1N0uL8nrTpWGJ2MX7koq4tg0=,pUEd6fe5gymmK5ku8uhat1xA4k8=
42,44,Bsw1N0uL8nrTpWGJ2MX7koq4tg0=,pUEd6fe5gymmK5ku8uhat1xA4k8=
41,42,Bsw1N0uL8nrTpWGJ2MX7koq4tg0=,pUEd6fe5gymmK5ku8uhat1xA4k8=
40,43,Bsw1N0uL8nrTpWGJ2MX7koq4tg0=,pUEd6fe5gymmK5ku8uhat1xA4k8=
47,44,Bsw1N0uL8nrTpWGJ2MX7koq4tg0=,pUEd6fe5gymmK5ku8uhat1xA4k8=
47,40,Bsw1N0uL8nrTpWGJ2MX7koq4tg0=,pUEd6fe5gymmK5ku8uhat1xA4k8=
47,43,Bsw1N0uL8nrTpWGJ2MX7koq4tg0=,pUEd6fe5gymmK5ku8uhat1xA4k8=
46,45,Bsw1N0uL8nrTpWGJ2MX7koq4tg0=,pUEd6fe5gymmK5ku8uhat1xA4k8=
46,43,Bsw1N0uL8nrTpWGJ2MX7koq4tg0=,pUEd6fe5gymmK5ku8uhat1xA4k8=
41,41,Bsw1N0uL8nrTpWGJ2MX7koq4tg0=,pUEd6fe5gymmK5ku8uhat1xA4k8=
41,43,Bsw1N0uL8nrTpWGJ2MX7koq4tg0=,pUEd6fe5gymmK5ku8uhat1xA4k8=
46,40,Bsw1N0uL8nrTpWGJ2MX7koq4tg0=,pUEd6fe5gymmK5ku8uhat1xA4k8=
47,45,Bsw1N0uL8nrTpWGJ2MX7koq4tg0=,pUEd6fe5gymmK5ku8uhat1xA4k8=
40,46,Bsw1N0uL8nrTpWGJ2MX7koq4tg0=,pUEd6fe5gymmK5ku8uhat1xA4k8=
41,40,Bsw1N0uL8nrTpWGJ2MX7koq4tg0=,pUEd6fe5gymmK5ku8uhat1xA4k8=
46,44,Bsw1N0uL8nrTpWGJ2MX7koq4tg0=,pUEd6fe5gymmK5ku8uhat1xA4k8=
42,41,Bsw1N0uL8nrTpWGJ2MX7koq4tg0=,pUEd6fe5gymmK5ku8uhat1xA4k8=
42,42,Bsw1N0uL8nrTpWGJ2MX7koq4tg0=,pUEd6fe5gymmK5ku8uhat1xA4k8=
43,42,Bsw1N0uL8nrTpWGJ2MX7koq4tg0=,pUEd6fe5gymmK5ku8uhat1xA4k8=
43,41,Bsw1N0uL8nrTpWGJ2MX7koq4tg0=,pUEd6fe5gymmK5ku8uhat1xA4k8=
41,46,Bsw1N0uL8nrTpWGJ2MX7koq4tg0=,pUEd6fe5gymmK5ku8uhat1xA4k8=
42,43,Bsw1N0uL8nrTpWGJ2MX7koq4tg0=,pUEd6fe5gymmK5ku8uhat1xA4k8=
43,35,Bsw1N0uL8nrTpWGJ2MX7koq4tg0=,8DVwErqYnk9ni3eme3NKelTknwE=
44,35,Bsw1N0uL8nrTpWGJ2MX7koq4tg0=,8DVwErqYnk9ni3eme3NKelTknwE=
44,34,Bsw1N0uL8nrTpWGJ2MX7koq4tg0=,8DVwErqYnk9ni3eme3NKelTknwE=
43,36,Bsw1N0uL8nrTpWGJ2MX7koq4tg0=,8DVwErqYnk9ni3eme3NKelTknwE=
45,40,Bsw1N0uL8nrTpWGJ2MX7koq4tg0=,pUEd6fe5gymmK5ku8uhat1xA4k8=
44,36,Bsw1N0uL8nrTpWGJ2MX7koq4tg0=,8DVwErqYnk9ni3eme3NKelTknwE=
47,42,Bsw1N0uL8nrTpWGJ2MX7koq4tg0=,pUEd6fe5gymmK5ku8uhat1xA4k8=
47,39,Bsw1N0uL8nrTpWGJ2MX7koq4tg0=,8DVwErqYnk9ni3eme3NKelTknwE=
46,39,Bsw1N0uL8nrTpWGJ2MX7koq4tg0=,8DVwErqYnk9ni3eme3NKelTknwE=
45,37,Bsw1N0uL8nrTpWGJ2MX7koq4tg0=,8DVwErqYnk9ni3eme3NKelTknwE=
44,32,Bsw1N0uL8nrTpWGJ2MX7koq4tg0=,8DVwErqYnk9ni3eme3NKelTknwE=
45,39,Bsw1N0uL8nrTpWGJ2MX7koq4tg0=,8DVwErqYnk9ni3eme3NKelTknwE=
45,38,Bsw1N0uL8nrTpWGJ2MX7koq4tg0=,8DVwErqYnk9ni3eme3NKelTknwE=
43,34,Bsw1N0uL8nrTpWGJ2MX7koq4tg0=,8DVwErqYnk9ni3eme3NKelTknwE=
43,32,Bsw1N0uL8nrTpWGJ2MX7koq4tg0=,8DVwErqYnk9ni3eme3NKelTknwE=
44,39,Bsw1N0uL8nrTpWGJ2MX7koq4tg0=,8DVwErqYnk9ni3eme3NKelTknwE=
42,39,Bsw1N0uL8nrTpWGJ2MX7koq4tg0=,8DVwErqYnk9ni3eme3NKelTknwE=
41,39,Bsw1N0uL8nrTpWGJ2MX7koq4tg0=,8DVwErqYnk9ni3eme3NKelTknwE=
40,39,Bsw1N0uL8nrTpWGJ2MX7koq4tg0=,8DVwErqYnk9ni3eme3NKelTknwE=
43,37,Bsw1N0uL8nrTpWGJ2MX7koq4tg0=,8DVwErqYnk9ni3eme3NKelTknwE=
47,41,Bsw1N0uL8nrTpWGJ2MX7koq4tg0=,pUEd6fe5gymmK5ku8uhat1xA4k8=
44,40,Bsw1N0uL8nrTpWGJ2MX7koq4tg0=,pUEd6fe5gymmK5ku8uhat1xA4k8=
42,47,Bsw1N0uL8nrTpWGJ2MX7koq4tg0=,pUEd6fe5gymmK5ku8uhat1xA4k8=
44,41,Bsw1N0uL8nrTpWGJ2MX7koq4tg0=,pUEd6fe5gymmK5ku8uhat1xA4k8=
45,41,Bsw1N0uL8nrTpWGJ2MX7koq4tg0=,pUEd6fe5gymmK5ku8uhat1xA4k8=
46,41,Bsw1N0uL8nrTpWGJ2MX7koq4tg0=,pUEd6fe5gymmK5ku8uhat1xA4k8=
42,46,Bsw1N0uL8nrTpWGJ2MX7koq4tg0=,pUEd6fe5gymmK5ku8uhat1xA4k8=
43,38,Bsw1N0uL8nrTpWGJ2MX7koq4tg0=,8DVwErqYnk9ni3eme3NKelTknwE=
45,42,Bsw1N0uL8nrTpWGJ2MX7koq4tg0=,pUEd6fe5gymmK5ku8uhat1xA4k8=
41,47,Bsw1N0uL8nrTpWGJ2MX7koq4tg0=,pUEd6fe5gymmK5ku8uhat1xA4k8=
40,47,Bsw1N0uL8nrTpWGJ2MX7koq4tg0=,pUEd6fe5gymmK5ku8uhat1xA4k8=
45,43,Bsw1N0uL8nrTpWGJ2MX7koq4tg0=,pUEd6fe5gymmK5ku8uhat1xA4k8=
43,39,Bsw1N0uL8nrTpWGJ2MX7koq4tg0=,8DVwErqYnk9ni3eme3NKelTknwE=
43,43,Bsw1N0uL8nrTpWGJ2MX7koq4tg0=,pUEd6fe5gymmK5ku8uhat1xA4k8=
44,38,Bsw1N0uL8nrTpWGJ2MX7koq4tg0=,8DVwErqYnk9ni3eme3NKelTknwE=
46,46,Bsw1N0uL8nrTpWGJ2MX7koq4tg0=,pUEd6fe5gymmK5ku8uhat1xA4k8=
46,47,Bsw1N0uL8nrTpWGJ2MX7koq4tg0=,pUEd6fe5gymmK5ku8uhat1xA4k8=
45,44,Bsw1N0uL8nrTpWGJ2MX7koq4tg0=,pUEd6fe5gymmK5ku8uhat1xA4k8=
44,43,Bsw1N0uL8nrTpWGJ2MX7koq4tg0=,pUEd6fe5gymmK5ku8uhat1xA4k8=
44,37,Bsw1N0uL8nrTpWGJ2MX7koq4tg0=,8DVwErqYnk9ni3eme3NKelTknwE=
45,45,Bsw1N0uL8nrTpWGJ2MX7koq4tg0=,pUEd6fe5gymmK5ku8uhat1xA4k8=
43,45,Bsw1N0uL8nrTpWGJ2MX7koq4tg0=,pUEd6fe5gymmK5ku8uhat1xA4k8=
47,46,Bsw1N0uL8nrTpWGJ2MX7koq4tg0=,pUEd6fe5gymmK5ku8uhat1xA4k8=
44,42,Bsw1N0uL8nrTpWGJ2MX7koq4tg0=,pUEd6fe5gymmK5ku8uhat1xA4k8=
46,42,Bsw1N0uL8nrTpWGJ2MX7koq4tg0=,pUEd6fe5gymmK5ku8uhat1xA4k8=
44,45,Bsw1N0uL8nrTpWGJ2MX7koq4tg0=,pUEd6fe5gymmK5ku8uhat1xA4k8=
43,40,Bsw1N0uL8nrTpWGJ2MX7koq4tg0=,pUEd6fe5gymmK5ku8uhat1xA4k8=
47,47,Bsw1N0uL8nrTpWGJ2MX7koq4tg0=,pUEd6fe5gymmK5ku8uhat1xA4k8=
44,44,Bsw1N0uL8nrTpWGJ2MX7koq4tg0=,pUEd6fe5gymmK5ku8uhat1xA4k8=
44,47,Bsw1N0uL8nrTpWGJ2MX7koq4tg0=,pUEd6fe5gymmK5ku8uhat1xA4k8=
43,44,Bsw1N0uL8nrTpWGJ2MX7koq4tg0=,pUEd6fe5gymmK5ku8uhat1xA4k8=
43,46,Bsw1N0uL8nrTpWGJ2MX7koq4tg0=,pUEd6fe5gymmK5ku8uhat1xA4k8=
45,46,Bsw1N0uL8nrTpWGJ2MX7koq4tg0=,pUEd6fe5gymmK5ku8uhat1xA4k8=
43,47,Bsw1N0uL8nrTpWGJ2MX7koq4tg0=,pUEd6fe5gymmK5ku8uhat1xA4k8=
45,47,Bsw1N0uL8nrTpWGJ2MX7koq4tg0=,pUEd6fe5gymmK5ku8uhat1xA4k8=
44,46,Bsw1N0uL8nrTpWGJ2MX7koq4tg0=,pUEd6fe5gymmK5ku8uhat1xA4k8=
57,56,qkS29627HuWS6aj+PpvKg/sWO7U=,QBSp3DRnpKXslrbU+ecbAjA3dl8=
58,56,qkS29627HuWS6aj+PpvKg/sWO7U=,QBSp3DRnpKXslrbU+ecbAjA3dl8=
59,56,qkS29627HuWS6aj+PpvKg/sWO7U=,QBSp3DRnpKXslrbU+ecbAjA3dl8=
60,56,qkS29627HuWS6aj+PpvKg/sWO7U=,QBSp3DRnpKXslrbU+ecbAjA3dl8=
61,56,qkS29627HuWS6aj+PpvKg/sWO7U=,QBSp3DRnpKXslrbU+ecbAjA3dl8=
62,56,qkS29627HuWS6aj+PpvKg/sWO7U=,QBSp3DRnpKXslrbU+ecbAjA3dl8=
57,57,qkS29627HuWS6aj+PpvKg/sWO7U=,QBSp3DRnpKXslrbU+ecbAjA3dl8=
58,57,qkS29627HuWS6aj+PpvKg/sWO7U=,QBSp3DRnpKXslrbU+ecbAjA3dl8=
59,57,qkS29627HuWS6aj+PpvKg/sWO7U=,QBSp3DRnpKXslrbU+ecbAjA3dl8=
60,57,qkS29627HuWS6aj+PpvKg/sWO7U=,QBSp3DRnpKXslrbU+ecbAjA3dl8=
61,57,qkS29627HuWS6aj+PpvKg/sWO7U=,QBSp3DRnpKXslrbU+ecbAjA3dl8=
62,57,qkS29627HuWS6aj+PpvKg/sWO7U=,QBSp3DRnpKXslrbU+ecbAjA3dl8=
57,58,qkS29627HuWS6aj+PpvKg/sWO7U=,QBSp3DRnpKXslrbU+ecbAjA3dl8=
58,58,qkS29627HuWS6aj+PpvKg/sWO7U=,QBSp3DRnpKXslrbU+ecbAjA3dl8=
59,58,qkS29627HuWS6aj+PpvKg/sWO7U=,QBSp3DRnpKXslrbU+ecbAjA3dl8=
60,58,qkS29627HuWS6aj+PpvKg/sWO7U=,QBSp3DRnpKXslrbU+ecbAjA3dl8=
61,58,qkS29627HuWS6aj+PpvKg/sWO7U=,QBSp3DRnpKXslrbU+ecbAjA3dl8=
62,58,qkS29627HuWS6aj+PpvKg/sWO7U=,QBSp3DRnpKXslrbU+ecbAjA3dl8=
57,59,qkS29627HuWS6aj+PpvKg/sWO7U=,QBSp3DRnpKXslrbU+ecbAjA3dl8=
58,59,qkS29627HuWS6aj+PpvKg/sWO7U=,QBSp3DRnpKXslrbU+ecbAjA3dl8=
59,59,qkS29627HuWS6aj+PpvKg/sWO7U=,QBSp3DRnpKXslrbU+ecbAjA3dl8=
60,59,qkS29627HuWS6aj+PpvKg/sWO7U=,QBSp3DRnpKXslrbU+ecbAjA3dl8=
61,59,qkS29627HuWS6aj+PpvKg/sWO7U=,QBSp3DRnpKXslrbU+ecbAjA3dl8=
62,59,qkS29627HuWS6aj+PpvKg/sWO7U=,QBSp3DRnpKXslrbU+ecbAjA3dl8=
57,60,qkS29627HuWS6aj+PpvKg/sWO7U=,QBSp3DRnpKXslrbU+ecbAjA3dl8=
58,60,qkS29627HuWS6aj+PpvKg/sWO7U=,QBSp3DRnpKXslrbU+ecbAjA3dl8=
59,60,qkS29627HuWS6aj+PpvKg/sWO7U=,QBSp3DRnpKXslrbU+ecbAjA3dl8=
60,60,evEJMCOgkCFxd99YLg7OX8zJto8=,QBSp3DRnpKXslrbU+ecbAjA3dl8=
61,60,evEJMCOgkCFxd99YLg7OX8zJto8=,QBSp3DRnpKXslrbU+ecbAjA3dl8=
62,60,evEJMCOgkCFxd99YLg7OX8zJto8=,QBSp3DRnpKXslrbU+ecbAjA3dl8=
62,61,evEJMCOgkCFxd99YLg7OX8zJto8=,QBSp3DRnpKXslrbU+ecbAjA3dl8=
54,54,evEJMCOgkCFxd99YLg7OX8zJto8=,c9xmv352jVWoUSrDqm02PPYG2ec=
55,54,evEJMCOgkCFxd99YLg7OX8zJto8=,c9xmv352jVWoUSrDqm02PPYG2ec=
55,50,evEJMCOgkCFxd99YLg7OX8zJto8=,c9xmv352jVWoUSrDqm02PPYG2ec=
54,50,evEJMCOgkCFxd99YLg7OX8zJto8=,c9xmv352jVWoUSrDqm02PPYG2ec=
53,50,evEJMCOgkCFxd99YLg7OX8zJto8=,c9xmv352jVWoUSrDqm02PPYG2ec=
53,48,evEJMCOgkCFxd99YLg7OX8zJto8=,c9xmv352jVWoUSrDqm02PPYG2ec=
55,49,evEJMCOgkCFxd99YLg7OX8zJto8=,c9xmv352jVWoUSrDqm02PPYG2ec=
54,49,evEJMCOgkCFxd99YLg7OX8zJto8=,c9xmv352jVWoUSrDqm02PPYG2ec=
53,49,evEJMCOgkCFxd99YLg7OX8zJto8=,c9xmv352jVWoUSrDqm02PPYG2ec=
55,52,evEJMCOgkCFxd99YLg7OX8zJto8=,c9xmv352jVWoUSrDqm02PPYG2ec=
54,48,evEJMCOgkCFxd99YLg7OX8zJto8=,c9xmv352jVWoUSrDqm02PPYG2ec=
55,51,evEJMCOgkCFxd99YLg7OX8zJto8=,c9xmv352jVWoUSrDqm02PPYG2ec=
54,51,evEJMCOgkCFxd99YLg7OX8zJto8=,c9xmv352jVWoUSrDqm02PPYG2ec=
53,51,evEJMCOgkCFxd99YLg7OX8zJto8=,c9xmv352jVWoUSrDqm02PPYG2ec=
55,53,evEJMCOgkCFxd99YLg7OX8zJto8=,c9xmv352jVWoUSrDqm02PPYG2ec=
54,52,evEJMCOgkCFxd99YLg7OX8zJto8=,c9xmv352jVWoUSrDqm02PPYG2ec=
54,53,evEJMCOgkCFxd99YLg7OX8zJto8=,c9xmv352jVWoUSrDqm02PPYG2ec=
54,57,evEJMCOgkCFxd99YLg7OX8zJto8=,T/c2jnY8dagF411buho+A6/ggHc=
56,56,evEJMCOgkCFxd99YLg7OX8zJto8=,QBSp3DRnpKXslrbU+ecbAjA3dl8=
55,57,evEJMCOgkCFxd99YLg7OX8zJto8=,T/c2jnY8dagF411buho+A6/ggHc=
56,57,evEJMCOgkCFxd99YLg7OX8zJto8=,QBSp3DRnpKXslrbU+ecbAjA3dl8=
63,57,evEJMCOgkCFxd99YLg7OX8zJto8=,QBSp3DRnpKXslrbU+ecbAjA3dl8=
63,58,evEJMCOgkCFxd99YLg7OX8zJto8=,QBSp3DRnpKXslrbU+ecbAjA3dl8=
63,59,evEJMCOgkCFxd99YLg7OX8zJto8=,QBSp3DRnpKXslrbU+ecbAjA3dl8=
63,60,evEJMCOgkCFxd99YLg7OX8zJto8=,QBSp3DRnpKXslrbU+ecbAjA3dl8=
63,61,evEJMCOgkCFxd99YLg7OX8zJto8=,QBSp3DRnpKXslrbU+ecbAjA3dl8=
52,51,evEJMCOgkCFxd99YLg7OX8zJto8=,c9xmv352jVWoUSrDqm02PPYG2ec=
52,48,evEJMCOgkCFxd99YLg7OX8zJto8=,c9xmv352jVWoUSrDqm02PPYG2ec=
52,50,evEJMCOgkCFxd99YLg7OX8zJto8=,c9xmv352jVWoUSrDqm02PPYG2ec=
52,49,evEJMCOgkCFxd99YLg7OX8zJto8=,c9xmv352jVWoUSrDqm02PPYG2ec=
55,48,evEJMCOgkCFxd99YLg7OX8zJto8=,c9xmv352jVWoUSrDqm02PPYG2ec=
63,56,evEJMCOgkCFxd99YLg7OX8zJto8=,QBSp3DRnpKXslrbU+ecbAjA3dl8=
52,55,evEJMCOgkCFxd99YLg7OX8zJto8=,c9xmv352jVWoUSrDqm02PPYG2ec=
53,52,evEJMCOgkCFxd99YLg7OX8zJto8=,c9xmv352jVWoUSrDqm02PPYG2ec=
55,56,evEJMCOgkCFxd99YLg7OX8zJto8=,T/c2jnY8dagF411buho+A6/ggHc=
54,56,evEJMCOgkCFxd99YLg7OX8zJto8=,T/c2jnY8dagF411buho+A6/ggHc=
48,55,evEJMCOgkCFxd99YLg7OX8zJto8=,c9xmv352jVWoUSrDqm02PPYG2ec=
52,54,evEJMCOgkCFxd99YLg7OX8zJto8=,c9xmv352jVWoUSrDqm02PPYG2ec=
63,63,evEJMCOgkCFxd99YLg7OX8zJto8=,QBSp3DRnpKXslrbU+ecbAjA3dl8=
51,51,evEJMCOgkCFxd99YLg7OX8zJto8=,c9xmv352jVWoUSrDqm02PPYG2ec=
63,62,evEJMCOgkCFxd99YLg7OX8zJto8=,QBSp3DRnpKXslrbU+ecbAjA3dl8=
48,48,evEJMCOgkCFxd99YLg7OX8zJto8=,c9xmv352jVWoUSrDqm02PPYG2ec=
49,52,evEJMCOgkCFxd99YLg7OX8zJto8=,c9xmv352jVWoUSrDqm02PPYG2ec=
50,52,evEJMCOgkCFxd99YLg7OX8zJto8=,c9xmv352jVWoUSrDqm02PPYG2ec=
49,53,evEJMCOgkCFxd99YLg7OX8zJto8=,c9xmv352jVWoUSrDqm02PPYG2ec=
51,52,evEJMCOgkCFxd99YLg7OX8zJto8=,c9xmv352jVWoUSrDqm02PPYG2ec=
50,53,evEJMCOgkCFxd99YLg7OX8zJto8=,c9xmv352jVWoUSrDqm02PPYG2ec=
51,53,evEJMCOgkCFxd99YLg7OX8zJto8=,c9xmv352jVWoUSrDqm02PPYG2ec=
60,62,evEJMCOgkCFxd99YLg7OX8zJto8=,QBSp3DRnpKXslrbU+ecbAjA3dl8=
48,51,evEJMCOgkCFxd99YLg7OX8zJto8=,c9xmv352jVWoUSrDqm02PPYG2ec=
50,51,evEJMCOgkCFxd99YLg7OX8zJto8=,c9xmv352jVWoUSrDqm02PPYG2ec=
62,63,evEJMCOgkCFxd99YLg7OX8zJto8=,QBSp3DRnpKXslrbU+ecbAjA3dl8=
50,54,evEJMCOgkCFxd99YLg7OX8zJto8=,c9xmv352jVWoUSrDqm02PPYG2ec=
49,51,evEJMCOgkCFxd99YLg7OX8zJto8=,c9xmv352jVWoUSrDqm02PPYG2ec=
56,60,evEJMCOgkCFxd99YLg7OX8zJto8=,QBSp3DRnpKXslrbU+ecbAjA3dl8=
60,61,evEJMCOgkCFxd99YLg7OX8zJto8=,QBSp3DRnpKXslrbU+ecbAjA3dl8=
53,54,evEJMCOgkCFxd99YLg7OX8zJto8=,c9xmv352jVWoUSrDqm02PPYG2ec=
51,54,evEJMCOgkCFxd99YLg7OX8zJto8=,c9xmv352jVWoUSrDqm02PPYG2ec=
51,55,evEJMCOgkCFxd99YLg7OX8zJto8=,c9xmv352jVWoUSrDqm02PPYG2ec=
61,61,evEJMCOgkCFxd99YLg7OX8zJto8=,QBSp3DRnpKXslrbU+ecbAjA3dl8=
49,54,evEJMCOgkCFxd99YLg7OX8zJto8=,c9xmv352jVWoUSrDqm02PPYG2ec=
61,62,evEJMCOgkCFxd99YLg7OX8zJto8=,QBSp3DRnpKXslrbU+ecbAjA3dl8=
49,50,evEJMCOgkCFxd99YLg7OX8zJto8=,c9xmv352jVWoUSrDqm02PPYG2ec=
62,62,evEJMCOgkCFxd99YLg7OX8zJto8=,QBSp3DRnpKXslrbU+ecbAjA3dl8=
48,54,evEJMCOgkCFxd99YLg7OX8zJto8=,c9xmv352jVWoUSrDqm02PPYG2ec=
51,48,evEJMCOgkCFxd99YLg7OX8zJto8=,c9xmv352jVWoUSrDqm02PPYG2ec=
48,50,evEJMCOgkCFxd99YLg7OX8zJto8=,c9xmv352jVWoUSrDqm02PPYG2ec=
51,49,evEJMCOgkCFxd99YLg7OX8zJto8=,c9xmv352jVWoUSrDqm02PPYG2ec=
60,63,evEJMCOgkCFxd99YLg7OX8zJto8=,QBSp3DRnpKXslrbU+ecbAjA3dl8=
55,60,evEJMCOgkCFxd99YLg7OX8zJto8=,T/c2jnY8dagF411buho+A6/ggHc=
56,59,evEJMCOgkCFxd99YLg7OX8zJto8=,QBSp3DRnpKXslrbU+ecbAjA3dl8=
50,49,evEJMCOgkCFxd99YLg7OX8zJto8=,c9xmv352jVWoUSrDqm02PPYG2ec=
61,63,evEJMCOgkCFxd99YLg7OX8zJto8=,QBSp3DRnpKXslrbU+ecbAjA3dl8=
55,59,evEJMCOgkCFxd99YLg7OX8zJto8=,T/c2jnY8dagF411buho+A6/ggHc=
55,55,evEJMCOgkCFxd99YLg7OX8zJto8=,c9xmv352jVWoUSrDqm02PPYG2ec=
54,55,evEJMCOgkCFxd99YLg7OX8zJto8=,c9xmv352jVWoUSrDqm02PPYG2ec=
56,58,evEJMCOgkCFxd99YLg7OX8zJto8=,QBSp3DRnpKXslrbU+ecbAjA3dl8=
48,53,evEJMCOgkCFxd99YLg7OX8zJto8=,c9xmv352jVWoUSrDqm02PPYG2ec=
55,58,evEJMCOgkCFxd99YLg7OX8zJto8=,T/c2jnY8dagF411buho+A6/ggHc=
54,58,evEJMCOgkCFxd99YLg7OX8zJto8=,T/c2jnY8dagF411buho+A6/ggHc=
49,49,evEJMCOgkCFxd99YLg7OX8zJto8=,c9xmv352jVWoUSrDqm02PPYG2ec=
50,55,evEJMCOgkCFxd99YLg7OX8zJto8=,c9xmv352jVWoUSrDqm02PPYG2ec=
50,48,evEJMCOgkCFxd99YLg7OX8zJto8=,c9xmv352jVWoUSrDqm02PPYG2ec=
48,49,evEJMCOgkCFxd99YLg7OX8zJto8=,c9xmv352jVWoUSrDqm02PPYG2ec=
51,50,evEJMCOgkCFxd99YLg7OX8zJto8=,c9xmv352jVWoUSrDqm02PPYG2ec=
48,52,evEJMCOgkCFxd99YLg7OX8zJto8=,c9xmv352jVWoUSrDqm02PPYG2ec=
49,55,evEJMCOgkCFxd99YLg7OX8zJto8=,c9xmv352jVWoUSrDqm02PPYG2ec=
56,61,evEJMCOgkCFxd99YLg7OX8zJto8=,QBSp3DRnpKXslrbU+ecbAjA3dl8=
58,61,evEJMCOgkCFxd99YLg7OX8zJto8=,QBSp3DRnpKXslrbU+ecbAjA3dl8=
57,61,evEJMCOgkCFxd99YLg7OX8zJto8=,QBSp3DRnpKXslrbU+ecbAjA3dl8=
58,62,evEJMCOgkCFxd99YLg7OX8zJto8=,QBSp3DRnpKXslrbU+ecbAjA3dl8=
52,53,evEJMCOgkCFxd99YLg7OX8zJto8=,c9xmv352jVWoUSrDqm02PPYG2ec=
59,61,evEJMCOgkCFxd99YLg7OX8zJto8=,QBSp3DRnpKXslrbU+ecbAjA3dl8=
52,58,evEJMCOgkCFxd99YLg7OX8zJto8=,T/c2jnY8dagF411buho+A6/ggHc=
49,48,evEJMCOgkCFxd99YLg7OX8zJto8=,c9xmv352jVWoUSrDqm02PPYG2ec=
53,53,evEJMCOgkCFxd99YLg7OX8zJto8=,c9xmv352jVWoUSrDqm02PPYG2ec=
59,63,evEJMCOgkCFxd99YLg7OX8zJto8=,QBSp3DRnpKXslrbU+ecbAjA3dl8=
51,58,evEJMCOgkCFxd99YLg7OX8zJto8=,T/c2jnY8dagF411buho+A6/ggHc=
59,62,evEJMCOgkCFxd99YLg7OX8zJto8=,QBSp3DRnpKXslrbU+ecbAjA3dl8=
56,62,evEJMCOgkCFxd99YLg7OX8zJto8=,QBSp3DRnpKXslrbU+ecbAjA3dl8=
53,58,evEJMCOgkCFxd99YLg7OX8zJto8=,T/c2jnY8dagF411buho+A6/ggHc=
53,55,evEJMCOgkCFxd99YLg7OX8zJto8=,c9xmv352jVWoUSrDqm02PPYG2ec=
50,50,evEJMCOgkCFxd99YLg7OX8zJto8=,c9xmv352jVWoUSrDqm02PPYG2ec=
57,62,evEJMCOgkCFxd99YLg7OX8zJto8=,QBSp3DRnpKXslrbU+ecbAjA3dl8=
58,63,evEJMCOgkCFxd99YLg7OX8zJto8=,QBSp3DRnpKXslrbU+ecbAjA3dl8=
52,52,evEJMCOgkCFxd99YLg7OX8zJto8=,c9xmv352jVWoUSrDqm02PPYG2ec=
56,63,qgqKjejY1rsbYcZ8dxy1GxYvVDA=,QBSp3DRnpKXslrbU+ecbAjA3dl8=
51,57,qgqKjejY1rsbYcZ8dxy1GxYvVDA=,T/c2jnY8dagF411buho+A6/ggHc=
49,59,qgqKjejY1rsbYcZ8dxy1GxYvVDA=,T/c2jnY8dagF411buho+A6/ggHc=
57,63,qgqKjejY1rsbYcZ8dxy1GxYvVDA=,QBSp3DRnpKXslrbU+ecbAjA3dl8=
49,57,qgqKjejY1rsbYcZ8dxy1GxYvVDA=,T/c2jnY8dagF411buho+A6/ggHc=
49,58,qgqKjejY1rsbYcZ8dxy1GxYvVDA=,T/c2jnY8dagF411buho+A6/ggHc=
48,58,qgqKjejY1rsbYcZ8dxy1GxYvVDA=,T/c2jnY8dagF411buho+A6/ggHc=
50,58,qgqKjejY1rsbYcZ8dxy1GxYvVDA=,T/c2jnY8dagF411buho+A6/ggHc=
48,57,qgqKjejY1rsbYcZ8dxy1GxYvVDA=,T/c2jnY8dagF411buho+A6/ggHc=
52,57,qgqKjejY1rsbYcZ8dxy1GxYvVDA=,T/c2jnY8dagF411buho+A6/ggHc=
50,59,qgqKjejY1rsbYcZ8dxy1GxYvVDA=,T/c2jnY8dagF411buho+A6/ggHc=
51,63,qgqKjejY1rsbYcZ8dxy1GxYvVDA=,T/c2jnY8dagF411buho+A6/ggHc=
50,57,qgqKjejY1rsbYcZ8dxy1GxYvVDA=,T/c2jnY8dagF411buho+A6/ggHc=
54,63,qgqKjejY1rsbYcZ8dxy1GxYvVDA=,T/c2jnY8dagF411buho+A6/ggHc=
53,57,qgqKjejY1rsbYcZ8dxy1GxYvVDA=,T/c2jnY8dagF411buho+A6/ggHc=
49,63,qgqKjejY1rsbYcZ8dxy1GxYvVDA=,T/c2jnY8dagF411buho+A6/ggHc=
53,63,qgqKjejY1rsbYcZ8dxy1GxYvVDA=,T/c2jnY8dagF411buho+A6/ggHc=
52,63,qgqKjejY1rsbYcZ8dxy1GxYvVDA=,T/c2jnY8dagF411buho+A6/ggHc=
51,59,qgqKjejY1rsbYcZ8dxy1GxYvVDA=,T/c2jnY8dagF411buho+A6/ggHc=
55,62,qgqKjejY1rsbYcZ8dxy1GxYvVDA=,T/c2jnY8dagF411buho+A6/ggHc=
55,63,qgqKjejY1rsbYcZ8dxy1GxYvVDA=,T/c2jnY8dagF411buho+A6/ggHc=
52,62,qgqKjejY1rsbYcZ8dxy1GxYvVDA=,T/c2jnY8dagF411buho+A6/ggHc=
48,56,qgqKjejY1rsbYcZ8dxy1GxYvVDA=,T/c2jnY8dagF411buho+A6/ggHc=
50,63,qgqKjejY1rsbYcZ8dxy1GxYvVDA=,T/c2jnY8dagF411buho+A6/ggHc=
48,59,qgqKjejY1rsbYcZ8dxy1GxYvVDA=,T/c2jnY8dagF411buho+A6/ggHc=
52,59,qgqKjejY1rsbYcZ8dxy1GxYvVDA=,T/c2jnY8dagF411buho+A6/ggHc=
51,56,qgqKjejY1rsbYcZ8dxy1GxYvVDA=,T/c2jnY8dagF411buho+A6/ggHc=
52,56,qgqKjejY1rsbYcZ8dxy1GxYvVDA=,T/c2jnY8dagF411buho+A6/ggHc=
48,61,qgqKjejY1rsbYcZ8dxy1GxYvVDA=,T/c2jnY8dagF411buho+A6/ggHc=
48,63,qgqKjejY1rsbYcZ8dxy1GxYvVDA=,T/c2jnY8dagF411buho+A6/ggHc=
48,62,qgqKjejY1rsbYcZ8dxy1GxYvVDA=,T/c2jnY8dagF411buho+A6/ggHc=
53,56,qgqKjejY1rsbYcZ8dxy1GxYvVDA=,T/c2jnY8dagF411buho+A6/ggHc=
48,60,qgqKjejY1rsbYcZ8dxy1GxYvVDA=,T/c2jnY8dagF411buho+A6/ggHc=
54,62,qgqKjejY1rsbYcZ8dxy1GxYvVDA=,T/c2jnY8dagF411buho+A6/ggHc=
50,56,qgqKjejY1rsbYcZ8dxy1GxYvVDA=,T/c2jnY8dagF411buho+A6/ggHc=
51,62,qgqKjejY1rsbYcZ8dxy1GxYvVDA=,T/c2jnY8dagF411buho+A6/ggHc=
53,59,qgqKjejY1rsbYcZ8dxy1GxYvVDA=,T/c2jnY8dagF411buho+A6/ggHc=
55,61,qgqKjejY1rsbYcZ8dxy1GxYvVDA=,T/c2jnY8dagF411buho+A6/ggHc=
53,62,qgqKjejY1rsbYcZ8dxy1GxYvVDA=,T/c2jnY8dagF411buho+A6/ggHc=
54,59,qgqKjejY1rsbYcZ8dxy1GxYvVDA=,T/c2jnY8dagF411buho+A6/ggHc=
49,56,qgqKjejY1rsbYcZ8dxy1GxYvVDA=,T/c2jnY8dagF411buho+A6/ggHc=
50,62,qgqKjejY1rsbYcZ8dxy1GxYvVDA=,T/c2jnY8dagF411buho+A6/ggHc=
54,61,qgqKjejY1rsbYcZ8dxy1GxYvVDA=,T/c2jnY8dagF411buho+A6/ggHc=
53,61,qgqKjejY1rsbYcZ8dxy1GxYvVDA=,T/c2jnY8dagF411buho+A6/ggHc=
52,61,qgqKjejY1rsbYcZ8dxy1GxYvVDA=,T/c2jnY8dagF411buho+A6/ggHc=
51,61,qgqKjejY1rsbYcZ8dxy1GxYvVDA=,T/c2jnY8dagF411buho+A6/ggHc=
50,61,qgqKjejY1rsbYcZ8dxy1GxYvVDA=,T/c2jnY8dagF411buho+A6/ggHc=
53,60,qgqKjejY1rsbYcZ8dxy1GxYvVDA=,T/c2jnY8dagF411buho+A6/ggHc=
49,61,qgqKjejY1rsbYcZ8dxy1GxYvVDA=,T/c2jnY8dagF411buho+A6/ggHc=
49,60,qgqKjejY1rsbYcZ8dxy1GxYvVDA=,T/c2jnY8dagF411buho+A6/ggHc=
54,60,qgqKjejY1rsbYcZ8dxy1GxYvVDA=,T/c2jnY8dagF411buho+A6/ggHc=
49,62,qgqKjejY1rsbYcZ8dxy1GxYvVDA=,T/c2jnY8dagF411buho+A6/ggHc=
52,60,qgqKjejY1rsbYcZ8dxy1GxYvVDA=,T/c2jnY8dagF411buho+A6/ggHc=
51,60,qgqKjejY1rsbYcZ8dxy1GxYvVDA=,T/c2jnY8dagF411buho+A6/ggHc=
50,60,qgqKjejY1rsbYcZ8dxy1GxYvVDA=,T/c2jnY8dagF411buho+A6/ggHc=
52,43,qgqKjejY1rsbYcZ8dxy1GxYvVDA=,70ilpXBOydMRc4WfESZefp/wFlo=
54,45,qgqKjejY1rsbYcZ8dxy1GxYvVDA=,70ilpXBOydMRc4WfESZefp/wFlo=
48,40,qgqKjejY1rsbYcZ8dxy1GxYvVDA=,70ilpXBOydMRc4WfESZefp/wFlo=
48,43,qgqKjejY1rsbYcZ8dxy1GxYvVDA=,70ilpXBOydMRc4WfESZefp/wFlo=
48,45,qgqKjejY1rsbYcZ8dxy1GxYvVDA=,70ilpXBOydMRc4WfESZefp/wFlo=
48,44,qgqKjejY1rsbYcZ8dxy1GxYvVDA=,70ilpXBOydMRc4WfESZefp/wFlo=
48,41,qgqKjejY1rsbYcZ8dxy1GxYvVDA=,70ilpXBOydMRc4WfESZefp/wFlo=
48,42,qgqKjejY1rsbYcZ8dxy1GxYvVDA=,70ilpXBOydMRc4WfESZefp/wFlo=
55,45,qgqKjejY1rsbYcZ8dxy1GxYvVDA=,70ilpXBOydMRc4WfESZefp/wFlo=
54,46,qgqKjejY1rsbYcZ8dxy1GxYvVDA=,70ilpXBOydMRc4WfESZefp/wFlo=
50,42,qgqKjejY1rsbYcZ8dxy1GxYvVDA=,70ilpXBOydMRc4WfESZefp/wFlo=
55,46,qgqKjejY1rsbYcZ8dxy1GxYvVDA=,70ilpXBOydMRc4WfESZefp/wFlo=
53,43,qgqKjejY1rsbYcZ8dxy1GxYvVDA=,70ilpXBOydMRc4WfESZefp/wFlo=
52,40,qgqKjejY1rsbYcZ8dxy1GxYvVDA=,70ilpXBOydMRc4WfESZefp/wFlo=
54,44,qgqKjejY1rsbYcZ8dxy1GxYvVDA=,70ilpXBOydMRc4WfESZefp/wFlo=
50,41,qgqKjejY1rsbYcZ8dxy1GxYvVDA=,70ilpXBOydMRc4WfESZefp/wFlo=
54,43,qgqKjejY1rsbYcZ8dxy1GxYvVDA=,70ilpXBOydMRc4WfESZefp/wFlo=
51,42,qgqKjejY1rsbYcZ8dxy1GxYvVDA=,70ilpXBOydMRc4WfESZefp/wFlo=
52,42,qgqKjejY1rsbYcZ8dxy1GxYvVDA=,70ilpXBOydMRc4WfESZefp/wFlo=
53,42,qgqKjejY1rsbYcZ8dxy1GxYvVDA=,70ilpXBOydMRc4WfESZefp/wFlo=
54,42,qgqKjejY1rsbYcZ8dxy1GxYvVDA=,70ilpXBOydMRc4WfESZefp/wFlo=
55,42,qgqKjejY1rsbYcZ8dxy1GxYvVDA=,70ilpXBOydMRc4WfESZefp/wFlo=
55,44,qgqKjejY1rsbYcZ8dxy1GxYvVDA=,70ilpXBOydMRc4WfESZefp/wFlo=
49,43,qgqKjejY1rsbYcZ8dxy1GxYvVDA=,70ilpXBOydMRc4WfESZefp/wFlo=
50,40,qgqKjejY1rsbYcZ8dxy1GxYvVDA=,70ilpXBOydMRc4WfESZefp/wFlo=
49,40,qgqKjejY1rsbYcZ8dxy1GxYvVDA=,70ilpXBOydMRc4WfESZefp/wFlo=
49,45,qgqKjejY1rsbYcZ8dxy1GxYvVDA=,70ilpXBOydMRc4WfESZefp/wFlo=
50,45,qgqKjejY1rsbYcZ8dxy1GxYvVDA=,70ilpXBOydMRc4WfESZefp/wFlo=
54,40,qgqKjejY1rsbYcZ8dxy1GxYvVDA=,70ilpXBOydMRc4WfESZefp/wFlo=
50,43,qgqKjejY1rsbYcZ8dxy1GxYvVDA=,70ilpXBOydMRc4WfESZefp/wFlo=
51,40,qgqKjejY1rsbYcZ8dxy1GxYvVDA=,70ilpXBOydMRc4WfESZefp/wFlo=
55,43,qgqKjejY1rsbYcZ8dxy1GxYvVDA=,70ilpXBOydMRc4WfESZefp/wFlo=
51,41,qgqKjejY1rsbYcZ8dxy1GxYvVDA=,70ilpXBOydMRc4WfESZefp/wFlo=
49,44,qgqKjejY1rsbYcZ8dxy1GxYvVDA=,70ilpXBOydMRc4WfESZefp/wFlo=
50,44,qgqKjejY1rsbYcZ8dxy1GxYvVDA=,70ilpXBOydMRc4WfESZefp/wFlo=
51,45,qgqKjejY1rsbYcZ8dxy1GxYvVDA=,70ilpXBOydMRc4WfESZefp/wFlo=
51,43,qgqKjejY1rsbYcZ8dxy1GxYvVDA=,70ilpXBOydMRc4WfESZefp/wFlo=
52,41,qgqKjejY1rsbYcZ8dxy1GxYvVDA=,70ilpXBOydMRc4WfESZefp/wFlo=
51,44,qgqKjejY1rsbYcZ8dxy1GxYvVDA=,70ilpXBOydMRc4WfESZefp/wFlo=
52,45,qgqKjejY1rsbYcZ8dxy1GxYvVDA=,70ilpXBOydMRc4WfESZefp/wFlo=
53,40,qgqKjejY1rsbYcZ8dxy1GxYvVDA=,70ilpXBOydMRc4WfESZefp/wFlo=
52,44,qgqKjejY1rsbYcZ8dxy1GxYvVDA=,70ilpXBOydMRc4WfESZefp/wFlo=
53,41,qgqKjejY1rsbYcZ8dxy1GxYvVDA=,70ilpXBOydMRc4WfESZefp/wFlo=
53,44,qgqKjejY1rsbYcZ8dxy1GxYvVDA=,70ilpXBOydMRc4WfESZefp/wFlo=
54,41,qgqKjejY1rsbYcZ8dxy1GxYvVDA=,70ilpXBOydMRc4WfESZefp/wFlo=
49,41,qgqKjejY1rsbYcZ8dxy1GxYvVDA=,70ilpXBOydMRc4WfESZefp/wFlo=
55,41,qgqKjejY1rsbYcZ8dxy1GxYvVDA=,70ilpXBOydMRc4WfESZefp/wFlo=
53,45,qgqKjejY1rsbYcZ8dxy1GxYvVDA=,70ilpXBOydMRc4WfESZefp/wFlo=
49,42,qgqKjejY1rsbYcZ8dxy1GxYvVDA=,70ilpXBOydMRc4WfESZefp/wFlo=
53,46,qgqKjejY1rsbYcZ8dxy1GxYvVDA=,70ilpXBOydMRc4WfESZefp/wFlo=
55,40,qgqKjejY1rsbYcZ8dxy1GxYvVDA=,70ilpXBOydMRc4WfESZefp/wFlo=
55,47,qgqKjejY1rsbYcZ8dxy1GxYvVDA=,70ilpXBOydMRc4WfESZefp/wFlo=
54,47,qgqKjejY1rsbYcZ8dxy1GxYvVDA=,70ilpXBOydMRc4WfESZefp/wFlo=
53,47,qgqKjejY1rsbYcZ8dxy1GxYvVDA=,70ilpXBOydMRc4WfESZefp/wFlo=
52,46,qgqKjejY1rsbYcZ8dxy1GxYvVDA=,70ilpXBOydMRc4WfESZefp/wFlo=
52,47,qgqKjejY1rsbYcZ8dxy1GxYvVDA=,70ilpXBOydMRc4WfESZefp/wFlo=
48,46,qgqKjejY1rsbYcZ8dxy1GxYvVDA=,70ilpXBOydMRc4WfESZefp/wFlo=
49,46,qgqKjejY1rsbYcZ8dxy1GxYvVDA=,70ilpXBOydMRc4WfESZefp/wFlo=
51,46,qgqKjejY1rsbYcZ8dxy1GxYvVDA=,70ilpXBOydMRc4WfESZefp/wFlo=
50,46,qgqKjejY1rsbYcZ8dxy1GxYvVDA=,70ilpXBOydMRc4WfESZefp/wFlo=
49,47,qgqKjejY1rsbYcZ8dxy1GxYvVDA=,70ilpXBOydMRc4WfESZefp/wFlo=
48,47,qgqKjejY1rsbYcZ8dxy1GxYvVDA=,70ilpXBOydMRc4WfESZefp/wFlo=
50,47,qgqKjejY1rsbYcZ8dxy1GxYvVDA=,70ilpXBOydMRc4WfESZefp/wFlo=
51,47,qgqKjejY1rsbYcZ8dxy1GxYvVDA=,70ilpXBOydMRc4WfESZefp/wFlo=
