5,-7,zxXkcYHp68dmI/wIxhbTYuKRjyk=,x9FdR/elg20ixQZG69oGhebqvnA=
6,-7,zxXkcYHp68dmI/wIxhbTYuKRjyk=,x9FdR/elg20ixQZG69oGhebqvnA=
9,-3,zxXkcYHp68dmI/wIxhbTYuKRjyk=,jM+QjVjPvENkIaPqAGWHHE5UrrA=
10,-3,zxXkcYHp68dmI/wIxhbTYuKRjyk=,jM+QjVjPvENkIaPqAGWHHE5UrrA=
9,-2,zxXkcYHp68dmI/wIxhbTYuKRjyk=,jM+QjVjPvENkIaPqAGWHHE5UrrA=
10,-2,zxXkcYHp68dmI/wIxhbTYuKRjyk=,jM+QjVjPvENkIaPqAGWHHE5UrrA=
1,-8,zxXkcYHp68dmI/wIxhbTYuKRjyk=,x9FdR/elg20ixQZG69oGhebqvnA=
2,-8,zxXkcYHp68dmI/wIxhbTYuKRjyk=,x9FdR/elg20ixQZG69oGhebqvnA=
4,-8,zxXkcYHp68dmI/wIxhbTYuKRjyk=,x9FdR/elg20ixQZG69oGhebqvnA=
10,-6,zxXkcYHp68dmI/wIxhbTYuKRjyk=,oWz93aY/kpkXYhqk5QfLRtrjxGg=
10,-4,zxXkcYHp68dmI/wIxhbTYuKRjyk=,jM+QjVjPvENkIaPqAGWHHE5UrrA=
9,-5,zxXkcYHp68dmI/wIxhbTYuKRjyk=,oWz93aY/kpkXYhqk5QfLRtrjxGg=
10,-8,zxXkcYHp68dmI/wIxhbTYuKRjyk=,oWz93aY/kpkXYhqk5QfLRtrjxGg=
8,-7,zxXkcYHp68dmI/wIxhbTYuKRjyk=,oWz93aY/kpkXYhqk5QfLRtrjxGg=
9,-7,zxXkcYHp68dmI/wIxhbTYuKRjyk=,oWz93aY/kpkXYhqk5QfLRtrjxGg=
8,-8,zxXkcYHp68dmI/wIxhbTYuKRjyk=,oWz93aY/kpkXYhqk5QfLRtrjxGg=
9,-8,zxXkcYHp68dmI/wIxhbTYuKRjyk=,oWz93aY/kpkXYhqk5QfLRtrjxGg=
10,-5,zxXkcYHp68dmI/wIxhbTYuKRjyk=,oWz93aY/kpkXYhqk5QfLRtrjxGg=
7,-8,zxXkcYHp68dmI/wIxhbTYuKRjyk=,x9FdR/elg20ixQZG69oGhebqvnA=
10,-7,zxXkcYHp68dmI/wIxhbTYuKRjyk=,oWz93aY/kpkXYhqk5QfLRtrjxGg=
11,-7,zxXkcYHp68dmI/wIxhbTYuKRjyk=,oWz93aY/kpkXYhqk5QfLRtrjxGg=
3,-4,zxXkcYHp68dmI/wIxhbTYuKRjyk=,Hh8XfNsqqNicD3okc9J6r9ONV7o=
7,-6,zxXkcYHp68dmI/wIxhbTYuKRjyk=,x9FdR/elg20ixQZG69oGhebqvnA=
11,-6,zxXkcYHp68dmI/wIxhbTYuKRjyk=,oWz93aY/kpkXYhqk5QfLRtrjxGg=
5,-8,zxXkcYHp68dmI/wIxhbTYuKRjyk=,x9FdR/elg20ixQZG69oGhebqvnA=
9,-4,zxXkcYHp68dmI/wIxhbTYuKRjyk=,jM+QjVjPvENkIaPqAGWHHE5UrrA=
6,-8,zxXkcYHp68dmI/wIxhbTYuKRjyk=,x9FdR/elg20ixQZG69oGhebqvnA=
2,-4,zxXkcYHp68dmI/wIxhbTYuKRjyk=,Hh8XfNsqqNicD3okc9J6r9ONV7o=
5,-4,zxXkcYHp68dmI/wIxhbTYuKRjyk=,I4blEZSq6mAmBv96GQG/O/Kwok8=
3,-6,zxXkcYHp68dmI/wIxhbTYuKRjyk=,x9FdR/elg20ixQZG69oGhebqvnA=
2,-6,zxXkcYHp68dmI/wIxhbTYuKRjyk=,x9FdR/elg20ixQZG69oGhebqvnA=
4,-4,zxXkcYHp68dmI/wIxhbTYuKRjyk=,I4blEZSq6mAmBv96GQG/O/Kwok8=
2,-3,ENbSOK9U0hR1POBPltD3bWL0rhc=,Hh8XfNsqqNicD3okc9J6r9ONV7o=
4,-6,ENbSOK9U0hR1POBPltD3bWL0rhc=,x9FdR/elg20ixQZG69oGhebqvnA=
5,-6,ENbSOK9U0hR1POBPltD3bWL0rhc=,x9FdR/elg20ixQZG69oGhebqvnA=
5,-5,ENbSOK9U0hR1POBPltD3bWL0rhc=,x9FdR/elg20ixQZG69oGhebqvnA=
3,-7,ENbSOK9U0hR1POBPltD3bWL0rhc=,x9FdR/elg20ixQZG69oGhebqvnA=
4,-7,ENbSOK9U0hR1POBPltD3bWL0rhc=,x9FdR/elg20ixQZG69oGhebqvnA=
3,-5,ENbSOK9U0hR1POBPltD3bWL0rhc=,x9FdR/elg20ixQZG69oGhebqvnA=
4,-3,ENbSOK9U0hR1POBPltD3bWL0rhc=,I4blEZSq6mAmBv96GQG/O/Kwok8=
7,-4,ENbSOK9U0hR1POBPltD3bWL0rhc=,I4blEZSq6mAmBv96GQG/O/Kwok8=
5,-2,ENbSOK9U0hR1POBPltD3bWL0rhc=,I4blEZSq6mAmBv96GQG/O/Kwok8=
3,-3,ENbSOK9U0hR1POBPltD3bWL0rhc=,Hh8XfNsqqNicD3okc9J6r9ONV7o=
2,-5,ENbSOK9U0hR1POBPltD3bWL0rhc=,x9FdR/elg20ixQZG69oGhebqvnA=
8,-5,ENbSOK9U0hR1POBPltD3bWL0rhc=,oWz93aY/kpkXYhqk5QfLRtrjxGg=
11,-4,ENbSOK9U0hR1POBPltD3bWL0rhc=,jM+QjVjPvENkIaPqAGWHHE5UrrA=
11,-5,ENbSOK9U0hR1POBPltD3bWL0rhc=,oWz93aY/kpkXYhqk5QfLRtrjxGg=
11,-3,ENbSOK9U0hR1POBPltD3bWL0rhc=,jM+QjVjPvENkIaPqAGWHHE5UrrA=
11,-2,ENbSOK9U0hR1POBPltD3bWL0rhc=,jM+QjVjPvENkIaPqAGWHHE5UrrA=
11,-8,ENbSOK9U0hR1POBPltD3bWL0rhc=,oWz93aY/kpkXYhqk5QfLRtrjxGg=
5,-3,ENbSOK9U0hR1POBPltD3bWL0rhc=,I4blEZSq6mAmBv96GQG/O/Kwok8=
2,-7,ENbSOK9U0hR1POBPltD3bWL0rhc=,x9FdR/elg20ixQZG69oGhebqvnA=
3,-8,ENbSOK9U0hR1POBPltD3bWL0rhc=,x9FdR/elg20ixQZG69oGhebqvnA=
4,-5,ENbSOK9U0hR1POBPltD3bWL0rhc=,x9FdR/elg20ixQZG69oGhebqvnA=
4,-2,ENbSOK9U0hR1POBPltD3bWL0rhc=,I4blEZSq6mAmBv96GQG/O/Kwok8=
3,-1,ENbSOK9U0hR1POBPltD3bWL0rhc=,Hh8XfNsqqNicD3okc9J6r9ONV7o=
10,-1,ENbSOK9U0hR1POBPltD3bWL0rhc=,jM+QjVjPvENkIaPqAGWHHE5UrrA=
11,-1,ENbSOK9U0hR1POBPltD3bWL0rhc=,jM+QjVjPvENkIaPqAGWHHE5UrrA=
5,-1,ENbSOK9U0hR1POBPltD3bWL0rhc=,I4blEZSq6mAmBv96GQG/O/Kwok8=
7,-3,ENbSOK9U0hR1POBPltD3bWL0rhc=,I4blEZSq6mAmBv96GQG/O/Kwok8=
7,-1,ENbSOK9U0hR1POBPltD3bWL0rhc=,I4blEZSq6mAmBv96GQG/O/Kwok8=
3,-2,ENbSOK9U0hR1POBPltD3bWL0rhc=,Hh8XfNsqqNicD3okc9J6r9ONV7o=
6,-1,ENbSOK9U0hR1POBPltD3bWL0rhc=,I4blEZSq6mAmBv96GQG/O/Kwok8=
2,-2,ENbSOK9U0hR1POBPltD3bWL0rhc=,Hh8XfNsqqNicD3okc9J6r9ONV7o=
7,-2,ENbSOK9U0hR1POBPltD3bWL0rhc=,I4blEZSq6mAmBv96GQG/O/Kwok8=
7,-7,ENbSOK9U0hR1POBPltD3bWL0rhc=,x9FdR/elg20ixQZG69oGhebqvnA=
9,-1,ENbSOK9U0hR1POBPltD3bWL0rhc=,jM+QjVjPvENkIaPqAGWHHE5UrrA=
0,-8,ENbSOK9U0hR1POBPltD3bWL0rhc=,x9FdR/elg20ixQZG69oGhebqvnA=
6,-2,ENbSOK9U0hR1POBPltD3bWL0rhc=,I4blEZSq6mAmBv96GQG/O/Kwok8=
8,-1,ENbSOK9U0hR1POBPltD3bWL0rhc=,jM+QjVjPvENkIaPqAGWHHE5UrrA=
9,-6,ENbSOK9U0hR1POBPltD3bWL0rhc=,oWz93aY/kpkXYhqk5QfLRtrjxGg=
8,-2,ENbSOK9U0hR1POBPltD3bWL0rhc=,jM+QjVjPvENkIaPqAGWHHE5UrrA=
0,-7,ENbSOK9U0hR1POBPltD3bWL0rhc=,x9FdR/elg20ixQZG69oGhebqvnA=
1,-7,ENbSOK9U0hR1POBPltD3bWL0rhc=,x9FdR/elg20ixQZG69oGhebqvnA=
8,-6,ENbSOK9U0hR1POBPltD3bWL0rhc=,oWz93aY/kpkXYhqk5QfLRtrjxGg=
6,-3,ENbSOK9U0hR1POBPltD3bWL0rhc=,I4blEZSq6mAmBv96GQG/O/Kwok8=
8,-3,ENbSOK9U0hR1POBPltD3bWL0rhc=,jM+QjVjPvENkIaPqAGWHHE5UrrA=
8,-4,ENbSOK9U0hR1POBPltD3bWL0rhc=,jM+QjVjPvENkIaPqAGWHHE5UrrA=
2,-1,ENbSOK9U0hR1POBPltD3bWL0rhc=,Hh8XfNsqqNicD3okc9J6r9ONV7o=
0,-2,ENbSOK9U0hR1POBPltD3bWL0rhc=,Hh8XfNsqqNicD3okc9J6r9ONV7o=
6,-5,ENbSOK9U0hR1POBPltD3bWL0rhc=,x9FdR/elg20ixQZG69oGhebqvnA=
4,-1,ENbSOK9U0hR1POBPltD3bWL0rhc=,I4blEZSq6mAmBv96GQG/O/Kwok8=
0,-5,ENbSOK9U0hR1POBPltD3bWL0rhc=,x9FdR/elg20ixQZG69oGhebqvnA=
6,-4,ENbSOK9U0hR1POBPltD3bWL0rhc=,I4blEZSq6mAmBv96GQG/O/Kwok8=
1,-4,ENbSOK9U0hR1POBPltD3bWL0rhc=,Hh8XfNsqqNicD3okc9J6r9ONV7o=
1,-3,ENbSOK9U0hR1POBPltD3bWL0rhc=,Hh8XfNsqqNicD3okc9J6r9ONV7o=
0,-6,ENbSOK9U0hR1POBPltD3bWL0rhc=,x9FdR/elg20ixQZG69oGhebqvnA=
0,-4,ENbSOK9U0hR1POBPltD3bWL0rhc=,Hh8XfNsqqNicD3okc9J6r9ONV7o=
1,-6,ENbSOK9U0hR1POBPltD3bWL0rhc=,x9FdR/elg20ixQZG69oGhebqvnA=
0,-3,ENbSOK9U0hR1POBPltD3bWL0rhc=,Hh8XfNsqqNicD3okc9J6r9ONV7o=
1,-5,ENbSOK9U0hR1POBPltD3bWL0rhc=,x9FdR/elg20ixQZG69oGhebqvnA=
6,-6,ENbSOK9U0hR1POBPltD3bWL0rhc=,x9FdR/elg20ixQZG69oGhebqvnA=
7,-5,ENbSOK9U0hR1POBPltD3bWL0rhc=,x9FdR/elg20ixQZG69oGhebqvnA=
1,-2,ENbSOK9U0hR1POBPltD3bWL0rhc=,Hh8XfNsqqNicD3okc9J6r9ONV7o=
1,-1,ENbSOK9U0hR1POBPltD3bWL0rhc=,Hh8XfNsqqNicD3okc9J6r9ONV7o=
0,-1,ENbSOK9U0hR1POBPltD3bWL0rhc=,Hh8XfNsqqNicD3okc9J6r9ONV7o=
