9,1,75v9ayFc/dnzNuQN/8NuO1aS6Uo=,kIfHAXQCu1TcLIrUDpemMYdcHQE=
12,5,75v9ayFc/dnzNuQN/8NuO1aS6Uo=,kIfHAXQCu1TcLIrUDpemMYdcHQE=
13,5,75v9ayFc/dnzNuQN/8NuO1aS6Uo=,kIfHAXQCu1TcLIrUDpemMYdcHQE=
10,1,75v9ayFc/dnzNuQN/8NuO1aS6Uo=,kIfHAXQCu1TcLIrUDpemMYdcHQE=
9,4,75v9ayFc/dnzNuQN/8NuO1aS6Uo=,kIfHAXQCu1TcLIrUDpemMYdcHQE=
12,2,75v9ayFc/dnzNuQN/8NuO1aS6Uo=,kIfHAXQCu1TcLIrUDpemMYdcHQE=
13,2,75v9ayFc/dnzNuQN/8NuO1aS6Uo=,kIfHAXQCu1TcLIrUDpemMYdcHQE=
10,4,75v9ayFc/dnzNuQN/8NuO1aS6Uo=,kIfHAXQCu1TcLIrUDpemMYdcHQE=
14,2,75v9ayFc/dnzNuQN/8NuO1aS6Uo=,kIfHAXQCu1TcLIrUDpemMYdcHQE=
11,1,75v9ayFc/dnzNuQN/8NuO1aS6Uo=,kIfHAXQCu1TcLIrUDpemMYdcHQE=
5,13,75v9ayFc/dnzNuQN/8NuO1aS6Uo=,zR87fdOCasXU9/9y8ymd5zAEaYU=
1,10,75v9ayFc/dnzNuQN/8NuO1aS6Uo=,zR87fdOCasXU9/9y8ymd5zAEaYU=
2,10,75v9ayFc/dnzNuQN/8NuO1aS6Uo=,zR87fdOCasXU9/9y8ymd5zAEaYU=
6,13,75v9ayFc/dnzNuQN/8NuO1aS6Uo=,zR87fdOCasXU9/9y8ymd5zAEaYU=
2,9,75v9ayFc/dnzNuQN/8NuO1aS6Uo=,zR87fdOCasXU9/9y8ymd5zAEaYU=
3,9,75v9ayFc/dnzNuQN/8NuO1aS6Uo=,zR87fdOCasXU9/9y8ymd5zAEaYU=
3,12,75v9ayFc/dnzNuQN/8NuO1aS6Uo=,zR87fdOCasXU9/9y8ymd5zAEaYU=
5,9,75v9ayFc/dnzNuQN/8NuO1aS6Uo=,zR87fdOCasXU9/9y8ymd5zAEaYU=
6,9,75v9ayFc/dnzNuQN/8NuO1aS6Uo=,zR87fdOCasXU9/9y8ymd5zAEaYU=
5,11,75v9ayFc/dnzNuQN/8NuO1aS6Uo=,zR87fdOCasXU9/9y8ymd5zAEaYU=
6,11,75v9ayFc/dnzNuQN/8NuO1aS6Uo=,zR87fdOCasXU9/9y8ymd5zAEaYU=
4,12,75v9ayFc/dnzNuQN/8NuO1aS6Uo=,zR87fdOCasXU9/9y8ymd5zAEaYU=
3,10,75v9ayFc/dnzNuQN/8NuO1aS6Uo=,zR87fdOCasXU9/9y8ymd5zAEaYU=
1,11,75v9ayFc/dnzNuQN/8NuO1aS6Uo=,zR87fdOCasXU9/9y8ymd5zAEaYU=
4,10,75v9ayFc/dnzNuQN/8NuO1aS6Uo=,zR87fdOCasXU9/9y8ymd5zAEaYU=
2,11,75v9ayFc/dnzNuQN/8NuO1aS6Uo=,zR87fdOCasXU9/9y8ymd5zAEaYU=
5,12,75v9ayFc/dnzNuQN/8NuO1aS6Uo=,zR87fdOCasXU9/9y8ymd5zAEaYU=
3,11,75v9ayFc/dnzNuQN/8NuO1aS6Uo=,zR87fdOCasXU9/9y8ymd5zAEaYU=
6,12,75v9ayFc/dnzNuQN/8NuO1aS6Uo=,zR87fdOCasXU9/9y8ymd5zAEaYU=
1,13,75v9ayFc/dnzNuQN/8NuO1aS6Uo=,zR87fdOCasXU9/9y8ymd5zAEaYU=
2,13,75v9ayFc/dnzNuQN/8NuO1aS6Uo=,zR87fdOCasXU9/9y8ymd5zAEaYU=
1,12,75v9ayFc/dnzNuQN/8NuO1aS6Uo=,zR87fdOCasXU9/9y8ymd5zAEaYU=
1,14,75v9ayFc/dnzNuQN/8NuO1aS6Uo=,zR87fdOCasXU9/9y8ymd5zAEaYU=
3,13,75v9ayFc/dnzNuQN/8NuO1aS6Uo=,zR87fdOCasXU9/9y8ymd5zAEaYU=
5,10,75v9ayFc/dnzNuQN/8NuO1aS6Uo=,zR87fdOCasXU9/9y8ymd5zAEaYU=
2,14,75v9ayFc/dnzNuQN/8NuO1aS6Uo=,zR87fdOCasXU9/9y8ymd5zAEaYU=
4,9,75v9ayFc/dnzNuQN/8NuO1aS6Uo=,zR87fdOCasXU9/9y8ymd5zAEaYU=
5,14,75v9ayFc/dnzNuQN/8NuO1aS6Uo=,zR87fdOCasXU9/9y8ymd5zAEaYU=
4,13,75v9ayFc/dnzNuQN/8NuO1aS6Uo=,zR87fdOCasXU9/9y8ymd5zAEaYU=
2,12,75v9ayFc/dnzNuQN/8NuO1aS6Uo=,zR87fdOCasXU9/9y8ymd5zAEaYU=
6,10,75v9ayFc/dnzNuQN/8NuO1aS6Uo=,zR87fdOCasXU9/9y8ymd5zAEaYU=
4,11,75v9ayFc/dnzNuQN/8NuO1aS6Uo=,zR87fdOCasXU9/9y8ymd5zAEaYU=
1,9,75v9ayFc/dnzNuQN/8NuO1aS6Uo=,zR87fdOCasXU9/9y8ymd5zAEaYU=
11,2,75v9ayFc/dnzNuQN/8NuO1aS6Uo=,kIfHAXQCu1TcLIrUDpemMYdcHQE=
7,12,75v9ayFc/dnzNuQN/8NuO1aS6Uo=,zR87fdOCasXU9/9y8ymd5zAEaYU=
8,13,75v9ayFc/dnzNuQN/8NuO1aS6Uo=,aogSxroS7igXn9+28avBtmQG7Yc=
9,13,75v9ayFc/dnzNuQN/8NuO1aS6Uo=,aogSxroS7igXn9+28avBtmQG7Yc=
10,13,75v9ayFc/dnzNuQN/8NuO1aS6Uo=,aogSxroS7igXn9+28avBtmQG7Yc=
8,9,75v9ayFc/dnzNuQN/8NuO1aS6Uo=,aogSxroS7igXn9+28avBtmQG7Yc=
7,10,75v9ayFc/dnzNuQN/8NuO1aS6Uo=,zR87fdOCasXU9/9y8ymd5zAEaYU=
9,9,75v9ayFc/dnzNuQN/8NuO1aS6Uo=,aogSxroS7igXn9+28avBtmQG7Yc=
10,9,75v9ayFc/dnzNuQN/8NuO1aS6Uo=,aogSxroS7igXn9+28avBtmQG7Yc=
11,9,75v9ayFc/dnzNuQN/8NuO1aS6Uo=,aogSxroS7igXn9+28avBtmQG7Yc=
7,9,75v9ayFc/dnzNuQN/8NuO1aS6Uo=,zR87fdOCasXU9/9y8ymd5zAEaYU=
14,11,75v9ayFc/dnzNuQN/8NuO1aS6Uo=,aogSxroS7igXn9+28avBtmQG7Yc=
8,10,75v9ayFc/dnzNuQN/8NuO1aS6Uo=,aogSxroS7igXn9+28avBtmQG7Yc=
8,12,75v9ayFc/dnzNuQN/8NuO1aS6Uo=,aogSxroS7igXn9+28avBtmQG7Yc=
9,10,75v9ayFc/dnzNuQN/8NuO1aS6Uo=,aogSxroS7igXn9+28avBtmQG7Yc=
7,13,75v9ayFc/dnzNuQN/8NuO1aS6Uo=,zR87fdOCasXU9/9y8ymd5zAEaYU=
7,11,75v9ayFc/dnzNuQN/8NuO1aS6Uo=,zR87fdOCasXU9/9y8ymd5zAEaYU=
10,10,75v9ayFc/dnzNuQN/8NuO1aS6Uo=,aogSxroS7igXn9+28avBtmQG7Yc=
9,7,75v9ayFc/dnzNuQN/8NuO1aS6Uo=,kIfHAXQCu1TcLIrUDpemMYdcHQE=
10,7,75v9ayFc/dnzNuQN/8NuO1aS6Uo=,kIfHAXQCu1TcLIrUDpemMYdcHQE=
11,10,75v9ayFc/dnzNuQN/8NuO1aS6Uo=,aogSxroS7igXn9+28avBtmQG7Yc=
12,7,75v9ayFc/dnzNuQN/8NuO1aS6Uo=,kIfHAXQCu1TcLIrUDpemMYdcHQE=
11,7,75v9ayFc/dnzNuQN/8NuO1aS6Uo=,kIfHAXQCu1TcLIrUDpemMYdcHQE=
9,8,75v9ayFc/dnzNuQN/8NuO1aS6Uo=,aogSxroS7igXn9+28avBtmQG7Yc=
10,8,75v9ayFc/dnzNuQN/8NuO1aS6Uo=,aogSxroS7igXn9+28avBtmQG7Yc=
8,11,75v9ayFc/dnzNuQN/8NuO1aS6Uo=,aogSxroS7igXn9+28avBtmQG7Yc=
9,11,75v9ayFc/dnzNuQN/8NuO1aS6Uo=,aogSxroS7igXn9+28avBtmQG7Yc=
11,8,75v9ayFc/dnzNuQN/8NuO1aS6Uo=,aogSxroS7igXn9+28avBtmQG7Yc=
10,11,75v9ayFc/dnzNuQN/8NuO1aS6Uo=,aogSxroS7igXn9+28avBtmQG7Yc=
11,5,75v9ayFc/dnzNuQN/8NuO1aS6Uo=,kIfHAXQCu1TcLIrUDpemMYdcHQE=
10,5,75v9ayFc/dnzNuQN/8NuO1aS6Uo=,kIfHAXQCu1TcLIrUDpemMYdcHQE=
2,2,75v9ayFc/dnzNuQN/8NuO1aS6Uo=,gC4/18iOymS9cWdowVU4KFtZCbE=
3,2,75v9ayFc/dnzNuQN/8NuO1aS6Uo=,gC4/18iOymS9cWdowVU4KFtZCbE=
5,3,75v9ayFc/dnzNuQN/8NuO1aS6Uo=,gC4/18iOymS9cWdowVU4KFtZCbE=
5,1,75v9ayFc/dnzNuQN/8NuO1aS6Uo=,gC4/18iOymS9cWdowVU4KFtZCbE=
8,1,75v9ayFc/dnzNuQN/8NuO1aS6Uo=,kIfHAXQCu1TcLIrUDpemMYdcHQE=
4,1,75v9ayFc/dnzNuQN/8NuO1aS6Uo=,gC4/18iOymS9cWdowVU4KFtZCbE=
7,3,75v9ayFc/dnzNuQN/8NuO1aS6Uo=,gC4/18iOymS9cWdowVU4KFtZCbE=
3,7,75v9ayFc/dnzNuQN/8NuO1aS6Uo=,gC4/18iOymS9cWdowVU4KFtZCbE=
8,4,75v9ayFc/dnzNuQN/8NuO1aS6Uo=,kIfHAXQCu1TcLIrUDpemMYdcHQE=
5,4,75v9ayFc/dnzNuQN/8NuO1aS6Uo=,gC4/18iOymS9cWdowVU4KFtZCbE=
1,4,75v9ayFc/dnzNuQN/8NuO1aS6Uo=,gC4/18iOymS9cWdowVU4KFtZCbE=
4,7,75v9ayFc/dnzNuQN/8NuO1aS6Uo=,gC4/18iOymS9cWdowVU4KFtZCbE=
7,5,75v9ayFc/dnzNuQN/8NuO1aS6Uo=,gC4/18iOymS9cWdowVU4KFtZCbE=
6,3,75v9ayFc/dnzNuQN/8NuO1aS6Uo=,gC4/18iOymS9cWdowVU4KFtZCbE=
6,4,75v9ayFc/dnzNuQN/8NuO1aS6Uo=,gC4/18iOymS9cWdowVU4KFtZCbE=
1,5,75v9ayFc/dnzNuQN/8NuO1aS6Uo=,gC4/18iOymS9cWdowVU4KFtZCbE=
7,4,75v9ayFc/dnzNuQN/8NuO1aS6Uo=,gC4/18iOymS9cWdowVU4KFtZCbE=
2,4,75v9ayFc/dnzNuQN/8NuO1aS6Uo=,gC4/18iOymS9cWdowVU4KFtZCbE=
1,6,75v9ayFc/dnzNuQN/8NuO1aS6Uo=,gC4/18iOymS9cWdowVU4KFtZCbE=
2,6,75v9ayFc/dnzNuQN/8NuO1aS6Uo=,gC4/18iOymS9cWdowVU4KFtZCbE=
3,6,75v9ayFc/dnzNuQN/8NuO1aS6Uo=,gC4/18iOymS9cWdowVU4KFtZCbE=
6,1,75v9ayFc/dnzNuQN/8NuO1aS6Uo=,gC4/18iOymS9cWdowVU4KFtZCbE=
4,2,75v9ayFc/dnzNuQN/8NuO1aS6Uo=,gC4/18iOymS9cWdowVU4KFtZCbE=
2,5,75v9ayFc/dnzNuQN/8NuO1aS6Uo=,gC4/18iOymS9cWdowVU4KFtZCbE=
4,6,75v9ayFc/dnzNuQN/8NuO1aS6Uo=,gC4/18iOymS9cWdowVU4KFtZCbE=
5,2,75v9ayFc/dnzNuQN/8NuO1aS6Uo=,gC4/18iOymS9cWdowVU4KFtZCbE=
5,6,75v9ayFc/dnzNuQN/8NuO1aS6Uo=,gC4/18iOymS9cWdowVU4KFtZCbE=
5,7,75v9ayFc/dnzNuQN/8NuO1aS6Uo=,gC4/18iOymS9cWdowVU4KFtZCbE=
6,6,75v9ayFc/dnzNuQN/8NuO1aS6Uo=,gC4/18iOymS9cWdowVU4KFtZCbE=
3,4,75v9ayFc/dnzNuQN/8NuO1aS6Uo=,gC4/18iOymS9cWdowVU4KFtZCbE=
8,6,75v9ayFc/dnzNuQN/8NuO1aS6Uo=,kIfHAXQCu1TcLIrUDpemMYdcHQE=
6,2,75v9ayFc/dnzNuQN/8NuO1aS6Uo=,gC4/18iOymS9cWdowVU4KFtZCbE=
7,6,75v9ayFc/dnzNuQN/8NuO1aS6Uo=,gC4/18iOymS9cWdowVU4KFtZCbE=
3,5,75v9ayFc/dnzNuQN/8NuO1aS6Uo=,gC4/18iOymS9cWdowVU4KFtZCbE=
7,1,75v9ayFc/dnzNuQN/8NuO1aS6Uo=,gC4/18iOymS9cWdowVU4KFtZCbE=
7,2,75v9ayFc/dnzNuQN/8NuO1aS6Uo=,gC4/18iOymS9cWdowVU4KFtZCbE=
6,7,75v9ayFc/dnzNuQN/8NuO1aS6Uo=,gC4/18iOymS9cWdowVU4KFtZCbE=
2,1,75v9ayFc/dnzNuQN/8NuO1aS6Uo=,gC4/18iOymS9cWdowVU4KFtZCbE=
4,5,75v9ayFc/dnzNuQN/8NuO1aS6Uo=,gC4/18iOymS9cWdowVU4KFtZCbE=
8,7,75v9ayFc/dnzNuQN/8NuO1aS6Uo=,kIfHAXQCu1TcLIrUDpemMYdcHQE=
7,7,75v9ayFc/dnzNuQN/8NuO1aS6Uo=,gC4/18iOymS9cWdowVU4KFtZCbE=
1,3,75v9ayFc/dnzNuQN/8NuO1aS6Uo=,gC4/18iOymS9cWdowVU4KFtZCbE=
4,4,75v9ayFc/dnzNuQN/8NuO1aS6Uo=,gC4/18iOymS9cWdowVU4KFtZCbE=
1,7,75v9ayFc/dnzNuQN/8NuO1aS6Uo=,gC4/18iOymS9cWdowVU4KFtZCbE=
2,3,75v9ayFc/dnzNuQN/8NuO1aS6Uo=,gC4/18iOymS9cWdowVU4KFtZCbE=
3,1,75v9ayFc/dnzNuQN/8NuO1aS6Uo=,gC4/18iOymS9cWdowVU4KFtZCbE=
1,8,75v9ayFc/dnzNuQN/8NuO1aS6Uo=,zR87fdOCasXU9/9y8ymd5zAEaYU=
5,5,75v9ayFc/dnzNuQN/8NuO1aS6Uo=,gC4/18iOymS9cWdowVU4KFtZCbE=
3,3,75v9ayFc/dnzNuQN/8NuO1aS6Uo=,gC4/18iOymS9cWdowVU4KFtZCbE=
1,2,75v9ayFc/dnzNuQN/8NuO1aS6Uo=,gC4/18iOymS9cWdowVU4KFtZCbE=
2,8,75v9ayFc/dnzNuQN/8NuO1aS6Uo=,zR87fdOCasXU9/9y8ymd5zAEaYU=
3,8,75v9ayFc/dnzNuQN/8NuO1aS6Uo=,zR87fdOCasXU9/9y8ymd5zAEaYU=
8,8,75v9ayFc/dnzNuQN/8NuO1aS6Uo=,aogSxroS7igXn9+28avBtmQG7Yc=
8,3,75v9ayFc/dnzNuQN/8NuO1aS6Uo=,kIfHAXQCu1TcLIrUDpemMYdcHQE=
4,3,75v9ayFc/dnzNuQN/8NuO1aS6Uo=,gC4/18iOymS9cWdowVU4KFtZCbE=
2,7,75v9ayFc/dnzNuQN/8NuO1aS6Uo=,gC4/18iOymS9cWdowVU4KFtZCbE=
8,2,75v9ayFc/dnzNuQN/8NuO1aS6Uo=,kIfHAXQCu1TcLIrUDpemMYdcHQE=
6,8,75v9ayFc/dnzNuQN/8NuO1aS6Uo=,zR87fdOCasXU9/9y8ymd5zAEaYU=
4,8,75v9ayFc/dnzNuQN/8NuO1aS6Uo=,zR87fdOCasXU9/9y8ymd5zAEaYU=
5,8,75v9ayFc/dnzNuQN/8NuO1aS6Uo=,zR87fdOCasXU9/9y8ymd5zAEaYU=
8,5,75v9ayFc/dnzNuQN/8NuO1aS6Uo=,kIfHAXQCu1TcLIrUDpemMYdcHQE=
6,5,75v9ayFc/dnzNuQN/8NuO1aS6Uo=,gC4/18iOymS9cWdowVU4KFtZCbE=
7,8,75v9ayFc/dnzNuQN/8NuO1aS6Uo=,zR87fdOCasXU9/9y8ymd5zAEaYU=
15,2,75v9ayFc/dnzNuQN/8NuO1aS6Uo=,kIfHAXQCu1TcLIrUDpemMYdcHQE=
10,2,75v9ayFc/dnzNuQN/8NuO1aS6Uo=,kIfHAXQCu1TcLIrUDpemMYdcHQE=
15,1,75v9ayFc/dnzNuQN/8NuO1aS6Uo=,kIfHAXQCu1TcLIrUDpemMYdcHQE=
15,3,75v9ayFc/dnzNuQN/8NuO1aS6Uo=,kIfHAXQCu1TcLIrUDpemMYdcHQE=
5,0,75v9ayFc/dnzNuQN/8NuO1aS6Uo=,gC4/18iOymS9cWdowVU4KFtZCbE=
6,0,75v9ayFc/dnzNuQN/8NuO1aS6Uo=,gC4/18iOymS9cWdowVU4KFtZCbE=
7,0,75v9ayFc/dnzNuQN/8NuO1aS6Uo=,gC4/18iOymS9cWdowVU4KFtZCbE=
8,0,75v9ayFc/dnzNuQN/8NuO1aS6Uo=,kIfHAXQCu1TcLIrUDpemMYdcHQE=
9,5,75v9ayFc/dnzNuQN/8NuO1aS6Uo=,kIfHAXQCu1TcLIrUDpemMYdcHQE=
14,0,75v9ayFc/dnzNuQN/8NuO1aS6Uo=,kIfHAXQCu1TcLIrUDpemMYdcHQE=
11,11,75v9ayFc/dnzNuQN/8NuO1aS6Uo=,aogSxroS7igXn9+28avBtmQG7Yc=
13,0,75v9ayFc/dnzNuQN/8NuO1aS6Uo=,kIfHAXQCu1TcLIrUDpemMYdcHQE=
11,0,75v9ayFc/dnzNuQN/8NuO1aS6Uo=,kIfHAXQCu1TcLIrUDpemMYdcHQE=
14,3,75v9ayFc/dnzNuQN/8NuO1aS6Uo=,kIfHAXQCu1TcLIrUDpemMYdcHQE=
12,0,75v9ayFc/dnzNuQN/8NuO1aS6Uo=,kIfHAXQCu1TcLIrUDpemMYdcHQE=
11,3,75v9ayFc/dnzNuQN/8NuO1aS6Uo=,kIfHAXQCu1TcLIrUDpemMYdcHQE=
13,3,75v9ayFc/dnzNuQN/8NuO1aS6Uo=,kIfHAXQCu1TcLIrUDpemMYdcHQE=
10,3,75v9ayFc/dnzNuQN/8NuO1aS6Uo=,kIfHAXQCu1TcLIrUDpemMYdcHQE=
10,0,75v9ayFc/dnzNuQN/8NuO1aS6Uo=,kIfHAXQCu1TcLIrUDpemMYdcHQE=
9,2,75v9ayFc/dnzNuQN/8NuO1aS6Uo=,kIfHAXQCu1TcLIrUDpemMYdcHQE=
14,4,75v9ayFc/dnzNuQN/8NuO1aS6Uo=,kIfHAXQCu1TcLIrUDpemMYdcHQE=
9,0,75v9ayFc/dnzNuQN/8NuO1aS6Uo=,kIfHAXQCu1TcLIrUDpemMYdcHQE=
9,3,75v9ayFc/dnzNuQN/8NuO1aS6Uo=,kIfHAXQCu1TcLIrUDpemMYdcHQE=
13,4,75v9ayFc/dnzNuQN/8NuO1aS6Uo=,kIfHAXQCu1TcLIrUDpemMYdcHQE=
12,3,75v9ayFc/dnzNuQN/8NuO1aS6Uo=,kIfHAXQCu1TcLIrUDpemMYdcHQE=
14,1,75v9ayFc/dnzNuQN/8NuO1aS6Uo=,kIfHAXQCu1TcLIrUDpemMYdcHQE=
13,6,75v9ayFc/dnzNuQN/8NuO1aS6Uo=,kIfHAXQCu1TcLIrUDpemMYdcHQE=
12,4,75v9ayFc/dnzNuQN/8NuO1aS6Uo=,kIfHAXQCu1TcLIrUDpemMYdcHQE=
13,1,75v9ayFc/dnzNuQN/8NuO1aS6Uo=,kIfHAXQCu1TcLIrUDpemMYdcHQE=
12,6,75v9ayFc/dnzNuQN/8NuO1aS6Uo=,kIfHAXQCu1TcLIrUDpemMYdcHQE=
12,1,75v9ayFc/dnzNuQN/8NuO1aS6Uo=,kIfHAXQCu1TcLIrUDpemMYdcHQE=
10,6,75v9ayFc/dnzNuQN/8NuO1aS6Uo=,kIfHAXQCu1TcLIrUDpemMYdcHQE=
11,6,75v9ayFc/dnzNuQN/8NuO1aS6Uo=,kIfHAXQCu1TcLIrUDpemMYdcHQE=
9,6,75v9ayFc/dnzNuQN/8NuO1aS6Uo=,kIfHAXQCu1TcLIrUDpemMYdcHQE=
4,0,75v9ayFc/dnzNuQN/8NuO1aS6Uo=,gC4/18iOymS9cWdowVU4KFtZCbE=
11,4,75v9ayFc/dnzNuQN/8NuO1aS6Uo=,kIfHAXQCu1TcLIrUDpemMYdcHQE=
5,15,75v9ayFc/dnzNuQN/8NuO1aS6Uo=,zR87fdOCasXU9/9y8ymd5zAEaYU=
1,15,75v9ayFc/dnzNuQN/8NuO1aS6Uo=,zR87fdOCasXU9/9y8ymd5zAEaYU=
11,13,75v9ayFc/dnzNuQN/8NuO1aS6Uo=,aogSxroS7igXn9+28avBtmQG7Yc=
6,14,75v9ayFc/dnzNuQN/8NuO1aS6Uo=,zR87fdOCasXU9/9y8ymd5zAEaYU=
9,12,75v9ayFc/dnzNuQN/8NuO1aS6Uo=,aogSxroS7igXn9+28avBtmQG7Yc=
4,14,75v9ayFc/dnzNuQN/8NuO1aS6Uo=,zR87fdOCasXU9/9y8ymd5zAEaYU=
10,12,75v9ayFc/dnzNuQN/8NuO1aS6Uo=,aogSxroS7igXn9+28avBtmQG7Yc=
8,14,75v9ayFc/dnzNuQN/8NuO1aS6Uo=,aogSxroS7igXn9+28avBtmQG7Yc=
11,14,75v9ayFc/dnzNuQN/8NuO1aS6Uo=,aogSxroS7igXn9+28avBtmQG7Yc=
11,12,75v9ayFc/dnzNuQN/8NuO1aS6Uo=,aogSxroS7igXn9+28avBtmQG7Yc=
9,14,75v9ayFc/dnzNuQN/8NuO1aS6Uo=,aogSxroS7igXn9+28avBtmQG7Yc=
7,14,75v9ayFc/dnzNuQN/8NuO1aS6Uo=,zR87fdOCasXU9/9y8ymd5zAEaYU=
10,14,75v9ayFc/dnzNuQN/8NuO1aS6Uo=,aogSxroS7igXn9+28avBtmQG7Yc=
4,15,75v9ayFc/dnzNuQN/8NuO1aS6Uo=,zR87fdOCasXU9/9y8ymd5zAEaYU=
7,15,75v9ayFc/dnzNuQN/8NuO1aS6Uo=,zR87fdOCasXU9/9y8ymd5zAEaYU=
11,15,75v9ayFc/dnzNuQN/8NuO1aS6Uo=,aogSxroS7igXn9+28avBtmQG7Yc=
6,15,75v9ayFc/dnzNuQN/8NuO1aS6Uo=,zR87fdOCasXU9/9y8ymd5zAEaYU=
0,11,75v9ayFc/dnzNuQN/8NuO1aS6Uo=,zR87fdOCasXU9/9y8ymd5zAEaYU=
0,13,75v9ayFc/dnzNuQN/8NuO1aS6Uo=,zR87fdOCasXU9/9y8ymd5zAEaYU=
0,12,75v9ayFc/dnzNuQN/8NuO1aS6Uo=,zR87fdOCasXU9/9y8ymd5zAEaYU=
0,14,75v9ayFc/dnzNuQN/8NuO1aS6Uo=,zR87fdOCasXU9/9y8ymd5zAEaYU=
0,10,75v9ayFc/dnzNuQN/8NuO1aS6Uo=,zR87fdOCasXU9/9y8ymd5zAEaYU=
0,9,75v9ayFc/dnzNuQN/8NuO1aS6Uo=,zR87fdOCasXU9/9y8ymd5zAEaYU=
0,4,75v9ayFc/dnzNuQN/8NuO1aS6Uo=,gC4/18iOymS9cWdowVU4KFtZCbE=
0,6,75v9ayFc/dnzNuQN/8NuO1aS6Uo=,gC4/18iOymS9cWdowVU4KFtZCbE=
0,5,75v9ayFc/dnzNuQN/8NuO1aS6Uo=,gC4/18iOymS9cWdowVU4KFtZCbE=
0,3,75v9ayFc/dnzNuQN/8NuO1aS6Uo=,gC4/18iOymS9cWdowVU4KFtZCbE=
0,7,75v9ayFc/dnzNuQN/8NuO1aS6Uo=,gC4/18iOymS9cWdowVU4KFtZCbE=
0,2,75v9ayFc/dnzNuQN/8NuO1aS6Uo=,gC4/18iOymS9cWdowVU4KFtZCbE=
0,8,75v9ayFc/dnzNuQN/8NuO1aS6Uo=,zR87fdOCasXU9/9y8ymd5zAEaYU=
8,15,75v9ayFc/dnzNuQN/8NuO1aS6Uo=,aogSxroS7igXn9+28avBtmQG7Yc=
9,15,75v9ayFc/dnzNuQN/8NuO1aS6Uo=,aogSxroS7igXn9+28avBtmQG7Yc=
1,1,75v9ayFc/dnzNuQN/8NuO1aS6Uo=,gC4/18iOymS9cWdowVU4KFtZCbE=
14,6,75v9ayFc/dnzNuQN/8NuO1aS6Uo=,kIfHAXQCu1TcLIrUDpemMYdcHQE=
15,4,75v9ayFc/dnzNuQN/8NuO1aS6Uo=,kIfHAXQCu1TcLIrUDpemMYdcHQE=
2,0,75v9ayFc/dnzNuQN/8NuO1aS6Uo=,gC4/18iOymS9cWdowVU4KFtZCbE=
15,7,75v9ayFc/dnzNuQN/8NuO1aS6Uo=,kIfHAXQCu1TcLIrUDpemMYdcHQE=
3,0,75v9ayFc/dnzNuQN/8NuO1aS6Uo=,gC4/18iOymS9cWdowVU4KFtZCbE=
15,12,75v9ayFc/dnzNuQN/8NuO1aS6Uo=,aogSxroS7igXn9+28avBtmQG7Yc=
13,7,75v9ayFc/dnzNuQN/8NuO1aS6Uo=,kIfHAXQCu1TcLIrUDpemMYdcHQE=
14,5,75v9ayFc/dnzNuQN/8NuO1aS6Uo=,kIfHAXQCu1TcLIrUDpemMYdcHQE=
15,6,75v9ayFc/dnzNuQN/8NuO1aS6Uo=,kIfHAXQCu1TcLIrUDpemMYdcHQE=
15,8,75v9ayFc/dnzNuQN/8NuO1aS6Uo=,aogSxroS7igXn9+28avBtmQG7Yc=
14,7,75v9ayFc/dnzNuQN/8NuO1aS6Uo=,kIfHAXQCu1TcLIrUDpemMYdcHQE=
10,15,75v9ayFc/dnzNuQN/8NuO1aS6Uo=,aogSxroS7igXn9+28avBtmQG7Yc=
13,11,75v9ayFc/dnzNuQN/8NuO1aS6Uo=,aogSxroS7igXn9+28avBtmQG7Yc=
12,11,75v9ayFc/dnzNuQN/8NuO1aS6Uo=,aogSxroS7igXn9+28avBtmQG7Yc=
15,5,75v9ayFc/dnzNuQN/8NuO1aS6Uo=,kIfHAXQCu1TcLIrUDpemMYdcHQE=
1,0,75v9ayFc/dnzNuQN/8NuO1aS6Uo=,gC4/18iOymS9cWdowVU4KFtZCbE=
0,1,75v9ayFc/dnzNuQN/8NuO1aS6Uo=,gC4/18iOymS9cWdowVU4KFtZCbE=
14,13,75v9ayFc/dnzNuQN/8NuO1aS6Uo=,aogSxroS7igXn9+28avBtmQG7Yc=
12,13,75v9ayFc/dnzNuQN/8NuO1aS6Uo=,aogSxroS7igXn9+28avBtmQG7Yc=
12,10,75v9ayFc/dnzNuQN/8NuO1aS6Uo=,aogSxroS7igXn9+28avBtmQG7Yc=
15,14,75v9ayFc/dnzNuQN/8NuO1aS6Uo=,aogSxroS7igXn9+28avBtmQG7Yc=
12,9,75v9ayFc/dnzNuQN/8NuO1aS6Uo=,aogSxroS7igXn9+28avBtmQG7Yc=
0,15,75v9ayFc/dnzNuQN/8NuO1aS6Uo=,zR87fdOCasXU9/9y8ymd5zAEaYU=
2,15,75v9ayFc/dnzNuQN/8NuO1aS6Uo=,zR87fdOCasXU9/9y8ymd5zAEaYU=
0,0,75v9ayFc/dnzNuQN/8NuO1aS6Uo=,gC4/18iOymS9cWdowVU4KFtZCbE=
15,15,75v9ayFc/dnzNuQN/8NuO1aS6Uo=,aogSxroS7igXn9+28avBtmQG7Yc=
15,10,75v9ayFc/dnzNuQN/8NuO1aS6Uo=,aogSxroS7igXn9+28avBtmQG7Yc=
15,11,75v9ayFc/dnzNuQN/8NuO1aS6Uo=,aogSxroS7igXn9+28avBtmQG7Yc=
12,14,75v9ayFc/dnzNuQN/8NuO1aS6Uo=,aogSxroS7igXn9+28avBtmQG7Yc=
13,13,75v9ayFc/dnzNuQN/8NuO1aS6Uo=,aogSxroS7igXn9+28avBtmQG7Yc=
12,8,75v9ayFc/dnzNuQN/8NuO1aS6Uo=,aogSxroS7igXn9+28avBtmQG7Yc=
13,10,75v9ayFc/dnzNuQN/8NuO1aS6Uo=,aogSxroS7igXn9+28avBtmQG7Yc=
14,14,75v9ayFc/dnzNuQN/8NuO1aS6Uo=,aogSxroS7igXn9+28avBtmQG7Yc=
14,10,75v9ayFc/dnzNuQN/8NuO1aS6Uo=,aogSxroS7igXn9+28avBtmQG7Yc=
3,14,75v9ayFc/dnzNuQN/8NuO1aS6Uo=,zR87fdOCasXU9/9y8ymd5zAEaYU=
13,9,75v9ayFc/dnzNuQN/8NuO1aS6Uo=,aogSxroS7igXn9+28avBtmQG7Yc=
12,12,75v9ayFc/dnzNuQN/8NuO1aS6Uo=,aogSxroS7igXn9+28avBtmQG7Yc=
12,15,75v9ayFc/dnzNuQN/8NuO1aS6Uo=,aogSxroS7igXn9+28avBtmQG7Yc=
15,13,75v9ayFc/dnzNuQN/8NuO1aS6Uo=,aogSxroS7igXn9+28avBtmQG7Yc=
13,15,75v9ayFc/dnzNuQN/8NuO1aS6Uo=,aogSxroS7igXn9+28avBtmQG7Yc=
14,12,75v9ayFc/dnzNuQN/8NuO1aS6Uo=,aogSxroS7igXn9+28avBtmQG7Yc=
14,9,75v9ayFc/dnzNuQN/8NuO1aS6Uo=,aogSxroS7igXn9+28avBtmQG7Yc=
14,15,75v9ayFc/dnzNuQN/8NuO1aS6Uo=,aogSxroS7igXn9+28avBtmQG7Yc=
3,15,75v9ayFc/dnzNuQN/8NuO1aS6Uo=,zR87fdOCasXU9/9y8ymd5zAEaYU=
15,9,75v9ayFc/dnzNuQN/8NuO1aS6Uo=,aogSxroS7igXn9+28avBtmQG7Yc=
13,14,75v9ayFc/dnzNuQN/8NuO1aS6Uo=,aogSxroS7igXn9+28avBtmQG7Yc=
13,8,75v9ayFc/dnzNuQN/8NuO1aS6Uo=,aogSxroS7igXn9+28avBtmQG7Yc=
15,0,75v9ayFc/dnzNuQN/8NuO1aS6Uo=,kIfHAXQCu1TcLIrUDpemMYdcHQE=
13,12,75v9ayFc/dnzNuQN/8NuO1aS6Uo=,aogSxroS7igXn9+28avBtmQG7Yc=
14,8,75v9ayFc/dnzNuQN/8NuO1aS6Uo=,aogSxroS7igXn9+28avBtmQG7Yc=
12,22,75v9ayFc/dnzNuQN/8NuO1aS6Uo=,elA+pPkiCVpYHjmV3XQ42v+e/og=
13,22,75v9ayFc/dnzNuQN/8NuO1aS6Uo=,elA+pPkiCVpYHjmV3XQ42v+e/og=
14,22,75v9ayFc/dnzNuQN/8NuO1aS6Uo=,elA+pPkiCVpYHjmV3XQ42v+e/og=
13,18,75v9ayFc/dnzNuQN/8NuO1aS6Uo=,elA+pPkiCVpYHjmV3XQ42v+e/og=
12,19,75v9ayFc/dnzNuQN/8NuO1aS6Uo=,elA+pPkiCVpYHjmV3XQ42v+e/og=
13,19,75v9ayFc/dnzNuQN/8NuO1aS6Uo=,elA+pPkiCVpYHjmV3XQ42v+e/og=
9,20,75v9ayFc/dnzNuQN/8NuO1aS6Uo=,elA+pPkiCVpYHjmV3XQ42v+e/og=
11,20,75v9ayFc/dnzNuQN/8NuO1aS6Uo=,elA+pPkiCVpYHjmV3XQ42v+e/og=
12,20,75v9ayFc/dnzNuQN/8NuO1aS6Uo=,elA+pPkiCVpYHjmV3XQ42v+e/og=
13,20,75v9ayFc/dnzNuQN/8NuO1aS6Uo=,elA+pPkiCVpYHjmV3XQ42v+e/og=
14,20,75v9ayFc/dnzNuQN/8NuO1aS6Uo=,elA+pPkiCVpYHjmV3XQ42v+e/og=
9,21,75v9ayFc/dnzNuQN/8NuO1aS6Uo=,elA+pPkiCVpYHjmV3XQ42v+e/og=
10,21,75v9ayFc/dnzNuQN/8NuO1aS6Uo=,elA+pPkiCVpYHjmV3XQ42v+e/og=
11,21,75v9ayFc/dnzNuQN/8NuO1aS6Uo=,elA+pPkiCVpYHjmV3XQ42v+e/og=
12,21,75v9ayFc/dnzNuQN/8NuO1aS6Uo=,elA+pPkiCVpYHjmV3XQ42v+e/og=
5,25,75v9ayFc/dnzNuQN/8NuO1aS6Uo=,wiQd0vi0QriOEMx57/+qMqej948=
6,25,75v9ayFc/dnzNuQN/8NuO1aS6Uo=,wiQd0vi0QriOEMx57/+qMqej948=
1,27,75v9ayFc/dnzNuQN/8NuO1aS6Uo=,wiQd0vi0QriOEMx57/+qMqej948=
2,19,75v9ayFc/dnzNuQN/8NuO1aS6Uo=,elA+pPkiCVpYHjmV3XQ42v+e/og=
13,21,75v9ayFc/dnzNuQN/8NuO1aS6Uo=,elA+pPkiCVpYHjmV3XQ42v+e/og=
14,21,75v9ayFc/dnzNuQN/8NuO1aS6Uo=,elA+pPkiCVpYHjmV3XQ42v+e/og=
9,22,75v9ayFc/dnzNuQN/8NuO1aS6Uo=,elA+pPkiCVpYHjmV3XQ42v+e/og=
10,22,75v9ayFc/dnzNuQN/8NuO1aS6Uo=,elA+pPkiCVpYHjmV3XQ42v+e/og=
11,22,75v9ayFc/dnzNuQN/8NuO1aS6Uo=,elA+pPkiCVpYHjmV3XQ42v+e/og=
12,25,75v9ayFc/dnzNuQN/8NuO1aS6Uo=,66hSwZHb8mE8ZBI6guklB4bR3dg=
13,25,75v9ayFc/dnzNuQN/8NuO1aS6Uo=,66hSwZHb8mE8ZBI6guklB4bR3dg=
7,25,75v9ayFc/dnzNuQN/8NuO1aS6Uo=,wiQd0vi0QriOEMx57/+qMqej948=
8,23,75v9ayFc/dnzNuQN/8NuO1aS6Uo=,elA+pPkiCVpYHjmV3XQ42v+e/og=
9,23,75v9ayFc/dnzNuQN/8NuO1aS6Uo=,elA+pPkiCVpYHjmV3XQ42v+e/og=
11,26,75v9ayFc/dnzNuQN/8NuO1aS6Uo=,66hSwZHb8mE8ZBI6guklB4bR3dg=
12,26,75v9ayFc/dnzNuQN/8NuO1aS6Uo=,66hSwZHb8mE8ZBI6guklB4bR3dg=
7,26,75v9ayFc/dnzNuQN/8NuO1aS6Uo=,wiQd0vi0QriOEMx57/+qMqej948=
11,25,75v9ayFc/dnzNuQN/8NuO1aS6Uo=,66hSwZHb8mE8ZBI6guklB4bR3dg=
10,23,75v9ayFc/dnzNuQN/8NuO1aS6Uo=,elA+pPkiCVpYHjmV3XQ42v+e/og=
11,23,75v9ayFc/dnzNuQN/8NuO1aS6Uo=,elA+pPkiCVpYHjmV3XQ42v+e/og=
10,25,75v9ayFc/dnzNuQN/8NuO1aS6Uo=,66hSwZHb8mE8ZBI6guklB4bR3dg=
9,25,75v9ayFc/dnzNuQN/8NuO1aS6Uo=,66hSwZHb8mE8ZBI6guklB4bR3dg=
8,25,75v9ayFc/dnzNuQN/8NuO1aS6Uo=,66hSwZHb8mE8ZBI6guklB4bR3dg=
14,24,75v9ayFc/dnzNuQN/8NuO1aS6Uo=,66hSwZHb8mE8ZBI6guklB4bR3dg=
13,24,75v9ayFc/dnzNuQN/8NuO1aS6Uo=,66hSwZHb8mE8ZBI6guklB4bR3dg=
12,24,75v9ayFc/dnzNuQN/8NuO1aS6Uo=,66hSwZHb8mE8ZBI6guklB4bR3dg=
7,24,75v9ayFc/dnzNuQN/8NuO1aS6Uo=,wiQd0vi0QriOEMx57/+qMqej948=
11,16,75v9ayFc/dnzNuQN/8NuO1aS6Uo=,elA+pPkiCVpYHjmV3XQ42v+e/og=
7,27,75v9ayFc/dnzNuQN/8NuO1aS6Uo=,wiQd0vi0QriOEMx57/+qMqej948=
12,23,75v9ayFc/dnzNuQN/8NuO1aS6Uo=,elA+pPkiCVpYHjmV3XQ42v+e/og=
13,23,75v9ayFc/dnzNuQN/8NuO1aS6Uo=,elA+pPkiCVpYHjmV3XQ42v+e/og=
14,23,75v9ayFc/dnzNuQN/8NuO1aS6Uo=,elA+pPkiCVpYHjmV3XQ42v+e/og=
12,28,75v9ayFc/dnzNuQN/8NuO1aS6Uo=,66hSwZHb8mE8ZBI6guklB4bR3dg=
9,30,75v9ayFc/dnzNuQN/8NuO1aS6Uo=,66hSwZHb8mE8ZBI6guklB4bR3dg=
8,24,75v9ayFc/dnzNuQN/8NuO1aS6Uo=,66hSwZHb8mE8ZBI6guklB4bR3dg=
9,24,75v9ayFc/dnzNuQN/8NuO1aS6Uo=,66hSwZHb8mE8ZBI6guklB4bR3dg=
10,24,75v9ayFc/dnzNuQN/8NuO1aS6Uo=,66hSwZHb8mE8ZBI6guklB4bR3dg=
11,27,75v9ayFc/dnzNuQN/8NuO1aS6Uo=,66hSwZHb8mE8ZBI6guklB4bR3dg=
4,16,75v9ayFc/dnzNuQN/8NuO1aS6Uo=,elA+pPkiCVpYHjmV3XQ42v+e/og=
10,16,75v9ayFc/dnzNuQN/8NuO1aS6Uo=,elA+pPkiCVpYHjmV3XQ42v+e/og=
7,16,75v9ayFc/dnzNuQN/8NuO1aS6Uo=,elA+pPkiCVpYHjmV3XQ42v+e/og=
10,27,75v9ayFc/dnzNuQN/8NuO1aS6Uo=,66hSwZHb8mE8ZBI6guklB4bR3dg=
11,24,75v9ayFc/dnzNuQN/8NuO1aS6Uo=,66hSwZHb8mE8ZBI6guklB4bR3dg=
7,19,75v9ayFc/dnzNuQN/8NuO1aS6Uo=,elA+pPkiCVpYHjmV3XQ42v+e/og=
15,22,75v9ayFc/dnzNuQN/8NuO1aS6Uo=,elA+pPkiCVpYHjmV3XQ42v+e/og=
15,23,75v9ayFc/dnzNuQN/8NuO1aS6Uo=,elA+pPkiCVpYHjmV3XQ42v+e/og=
9,16,75v9ayFc/dnzNuQN/8NuO1aS6Uo=,elA+pPkiCVpYHjmV3XQ42v+e/og=
7,18,75v9ayFc/dnzNuQN/8NuO1aS6Uo=,elA+pPkiCVpYHjmV3XQ42v+e/og=
9,27,75v9ayFc/dnzNuQN/8NuO1aS6Uo=,66hSwZHb8mE8ZBI6guklB4bR3dg=
9,17,75v9ayFc/dnzNuQN/8NuO1aS6Uo=,elA+pPkiCVpYHjmV3XQ42v+e/og=
8,16,75v9ayFc/dnzNuQN/8NuO1aS6Uo=,elA+pPkiCVpYHjmV3XQ42v+e/og=
10,17,75v9ayFc/dnzNuQN/8NuO1aS6Uo=,elA+pPkiCVpYHjmV3XQ42v+e/og=
15,24,75v9ayFc/dnzNuQN/8NuO1aS6Uo=,66hSwZHb8mE8ZBI6guklB4bR3dg=
15,20,75v9ayFc/dnzNuQN/8NuO1aS6Uo=,elA+pPkiCVpYHjmV3XQ42v+e/og=
8,19,75v9ayFc/dnzNuQN/8NuO1aS6Uo=,elA+pPkiCVpYHjmV3XQ42v+e/og=
8,27,75v9ayFc/dnzNuQN/8NuO1aS6Uo=,66hSwZHb8mE8ZBI6guklB4bR3dg=
7,23,75v9ayFc/dnzNuQN/8NuO1aS6Uo=,elA+pPkiCVpYHjmV3XQ42v+e/og=
10,26,75v9ayFc/dnzNuQN/8NuO1aS6Uo=,66hSwZHb8mE8ZBI6guklB4bR3dg=
6,19,75v9ayFc/dnzNuQN/8NuO1aS6Uo=,elA+pPkiCVpYHjmV3XQ42v+e/og=
9,26,75v9ayFc/dnzNuQN/8NuO1aS6Uo=,66hSwZHb8mE8ZBI6guklB4bR3dg=
8,18,75v9ayFc/dnzNuQN/8NuO1aS6Uo=,elA+pPkiCVpYHjmV3XQ42v+e/og=
6,16,75v9ayFc/dnzNuQN/8NuO1aS6Uo=,elA+pPkiCVpYHjmV3XQ42v+e/og=
6,18,75v9ayFc/dnzNuQN/8NuO1aS6Uo=,elA+pPkiCVpYHjmV3XQ42v+e/og=
15,27,75v9ayFc/dnzNuQN/8NuO1aS6Uo=,66hSwZHb8mE8ZBI6guklB4bR3dg=
0,23,gVGaVNB38FAIJY4e9cKf0yzX2YQ=,elA+pPkiCVpYHjmV3XQ42v+e/og=
11,17,gVGaVNB38FAIJY4e9cKf0yzX2YQ=,elA+pPkiCVpYHjmV3XQ42v+e/og=
15,31,gVGaVNB38FAIJY4e9cKf0yzX2YQ=,66hSwZHb8mE8ZBI6guklB4bR3dg=
8,31,gVGaVNB38FAIJY4e9cKf0yzX2YQ=,66hSwZHb8mE8ZBI6guklB4bR3dg=
0,16,gVGaVNB38FAIJY4e9cKf0yzX2YQ=,elA+pPkiCVpYHjmV3XQ42v+e/og=
15,19,gVGaVNB38FAIJY4e9cKf0yzX2YQ=,elA+pPkiCVpYHjmV3XQ42v+e/og=
5,19,gVGaVNB38FAIJY4e9cKf0yzX2YQ=,elA+pPkiCVpYHjmV3XQ42v+e/og=
7,31,gVGaVNB38FAIJY4e9cKf0yzX2YQ=,wiQd0vi0QriOEMx57/+qMqej948=
6,31,gVGaVNB38FAIJY4e9cKf0yzX2YQ=,wiQd0vi0QriOEMx57/+qMqej948=
8,26,gVGaVNB38FAIJY4e9cKf0yzX2YQ=,66hSwZHb8mE8ZBI6guklB4bR3dg=
5,31,gVGaVNB38FAIJY4e9cKf0yzX2YQ=,wiQd0vi0QriOEMx57/+qMqej948=
4,31,gVGaVNB38FAIJY4e9cKf0yzX2YQ=,wiQd0vi0QriOEMx57/+qMqej948=
8,17,gVGaVNB38FAIJY4e9cKf0yzX2YQ=,elA+pPkiCVpYHjmV3XQ42v+e/og=
11,19,gVGaVNB38FAIJY4e9cKf0yzX2YQ=,elA+pPkiCVpYHjmV3XQ42v+e/og=
0,20,gVGaVNB38FAIJY4e9cKf0yzX2YQ=,elA+pPkiCVpYHjmV3XQ42v+e/og=
10,19,gVGaVNB38FAIJY4e9cKf0yzX2YQ=,elA+pPkiCVpYHjmV3XQ42v+e/og=
0,19,gVGaVNB38FAIJY4e9cKf0yzX2YQ=,elA+pPkiCVpYHjmV3XQ42v+e/og=
12,30,gVGaVNB38FAIJY4e9cKf0yzX2YQ=,66hSwZHb8mE8ZBI6guklB4bR3dg=
9,19,gVGaVNB38FAIJY4e9cKf0yzX2YQ=,elA+pPkiCVpYHjmV3XQ42v+e/og=
11,18,gVGaVNB38FAIJY4e9cKf0yzX2YQ=,elA+pPkiCVpYHjmV3XQ42v+e/og=
14,30,gVGaVNB38FAIJY4e9cKf0yzX2YQ=,66hSwZHb8mE8ZBI6guklB4bR3dg=
15,18,gVGaVNB38FAIJY4e9cKf0yzX2YQ=,elA+pPkiCVpYHjmV3XQ42v+e/og=
1,18,gVGaVNB38FAIJY4e9cKf0yzX2YQ=,elA+pPkiCVpYHjmV3XQ42v+e/og=
0,21,gVGaVNB38FAIJY4e9cKf0yzX2YQ=,elA+pPkiCVpYHjmV3XQ42v+e/og=
0,22,gVGaVNB38FAIJY4e9cKf0yzX2YQ=,elA+pPkiCVpYHjmV3XQ42v+e/og=
3,20,gVGaVNB38FAIJY4e9cKf0yzX2YQ=,elA+pPkiCVpYHjmV3XQ42v+e/og=
2,20,gVGaVNB38FAIJY4e9cKf0yzX2YQ=,elA+pPkiCVpYHjmV3XQ42v+e/og=
1,20,gVGaVNB38FAIJY4e9cKf0yzX2YQ=,elA+pPkiCVpYHjmV3XQ42v+e/og=
3,23,gVGaVNB38FAIJY4e9cKf0yzX2YQ=,elA+pPkiCVpYHjmV3XQ42v+e/og=
2,23,gVGaVNB38FAIJY4e9cKf0yzX2YQ=,elA+pPkiCVpYHjmV3XQ42v+e/og=
5,18,gVGaVNB38FAIJY4e9cKf0yzX2YQ=,elA+pPkiCVpYHjmV3XQ42v+e/og=
4,19,gVGaVNB38FAIJY4e9cKf0yzX2YQ=,elA+pPkiCVpYHjmV3XQ42v+e/og=
12,29,gVGaVNB38FAIJY4e9cKf0yzX2YQ=,66hSwZHb8mE8ZBI6guklB4bR3dg=
13,30,gVGaVNB38FAIJY4e9cKf0yzX2YQ=,66hSwZHb8mE8ZBI6guklB4bR3dg=
10,18,gVGaVNB38FAIJY4e9cKf0yzX2YQ=,elA+pPkiCVpYHjmV3XQ42v+e/og=
0,17,gVGaVNB38FAIJY4e9cKf0yzX2YQ=,elA+pPkiCVpYHjmV3XQ42v+e/og=
6,23,gVGaVNB38FAIJY4e9cKf0yzX2YQ=,elA+pPkiCVpYHjmV3XQ42v+e/og=
4,18,gVGaVNB38FAIJY4e9cKf0yzX2YQ=,elA+pPkiCVpYHjmV3XQ42v+e/og=
4,28,gVGaVNB38FAIJY4e9cKf0yzX2YQ=,wiQd0vi0QriOEMx57/+qMqej948=
15,21,gVGaVNB38FAIJY4e9cKf0yzX2YQ=,elA+pPkiCVpYHjmV3XQ42v+e/og=
15,17,gVGaVNB38FAIJY4e9cKf0yzX2YQ=,elA+pPkiCVpYHjmV3XQ42v+e/og=
15,16,gVGaVNB38FAIJY4e9cKf0yzX2YQ=,elA+pPkiCVpYHjmV3XQ42v+e/og=
14,16,gVGaVNB38FAIJY4e9cKf0yzX2YQ=,elA+pPkiCVpYHjmV3XQ42v+e/og=
13,28,gVGaVNB38FAIJY4e9cKf0yzX2YQ=,66hSwZHb8mE8ZBI6guklB4bR3dg=
13,16,gVGaVNB38FAIJY4e9cKf0yzX2YQ=,elA+pPkiCVpYHjmV3XQ42v+e/og=
12,16,gVGaVNB38FAIJY4e9cKf0yzX2YQ=,elA+pPkiCVpYHjmV3XQ42v+e/og=
14,19,gVGaVNB38FAIJY4e9cKf0yzX2YQ=,elA+pPkiCVpYHjmV3XQ42v+e/og=
0,18,gVGaVNB38FAIJY4e9cKf0yzX2YQ=,elA+pPkiCVpYHjmV3XQ42v+e/og=
5,21,gVGaVNB38FAIJY4e9cKf0yzX2YQ=,elA+pPkiCVpYHjmV3XQ42v+e/og=
14,18,gVGaVNB38FAIJY4e9cKf0yzX2YQ=,elA+pPkiCVpYHjmV3XQ42v+e/og=
12,18,gVGaVNB38FAIJY4e9cKf0yzX2YQ=,elA+pPkiCVpYHjmV3XQ42v+e/og=
14,28,gVGaVNB38FAIJY4e9cKf0yzX2YQ=,66hSwZHb8mE8ZBI6guklB4bR3dg=
9,18,gVGaVNB38FAIJY4e9cKf0yzX2YQ=,elA+pPkiCVpYHjmV3XQ42v+e/og=
7,17,gVGaVNB38FAIJY4e9cKf0yzX2YQ=,elA+pPkiCVpYHjmV3XQ42v+e/og=
6,28,gVGaVNB38FAIJY4e9cKf0yzX2YQ=,wiQd0vi0QriOEMx57/+qMqej948=
14,17,gVGaVNB38FAIJY4e9cKf0yzX2YQ=,elA+pPkiCVpYHjmV3XQ42v+e/og=
13,17,gVGaVNB38FAIJY4e9cKf0yzX2YQ=,elA+pPkiCVpYHjmV3XQ42v+e/og=
12,17,gVGaVNB38FAIJY4e9cKf0yzX2YQ=,elA+pPkiCVpYHjmV3XQ42v+e/og=
11,31,gVGaVNB38FAIJY4e9cKf0yzX2YQ=,66hSwZHb8mE8ZBI6guklB4bR3dg=
1,16,gVGaVNB38FAIJY4e9cKf0yzX2YQ=,elA+pPkiCVpYHjmV3XQ42v+e/og=
3,19,gVGaVNB38FAIJY4e9cKf0yzX2YQ=,elA+pPkiCVpYHjmV3XQ42v+e/og=
5,28,gVGaVNB38FAIJY4e9cKf0yzX2YQ=,wiQd0vi0QriOEMx57/+qMqej948=
13,26,gVGaVNB38FAIJY4e9cKf0yzX2YQ=,66hSwZHb8mE8ZBI6guklB4bR3dg=
6,17,gVGaVNB38FAIJY4e9cKf0yzX2YQ=,elA+pPkiCVpYHjmV3XQ42v+e/og=
12,31,gVGaVNB38FAIJY4e9cKf0yzX2YQ=,66hSwZHb8mE8ZBI6guklB4bR3dg=
5,23,gVGaVNB38FAIJY4e9cKf0yzX2YQ=,elA+pPkiCVpYHjmV3XQ42v+e/og=
3,18,gVGaVNB38FAIJY4e9cKf0yzX2YQ=,elA+pPkiCVpYHjmV3XQ42v+e/og=
14,25,gVGaVNB38FAIJY4e9cKf0yzX2YQ=,66hSwZHb8mE8ZBI6guklB4bR3dg=
4,23,gVGaVNB38FAIJY4e9cKf0yzX2YQ=,elA+pPkiCVpYHjmV3XQ42v+e/og=
1,19,gVGaVNB38FAIJY4e9cKf0yzX2YQ=,elA+pPkiCVpYHjmV3XQ42v+e/og=
8,22,gVGaVNB38FAIJY4e9cKf0yzX2YQ=,elA+pPkiCVpYHjmV3XQ42v+e/og=
4,30,gVGaVNB38FAIJY4e9cKf0yzX2YQ=,wiQd0vi0QriOEMx57/+qMqej948=
6,29,gVGaVNB38FAIJY4e9cKf0yzX2YQ=,wiQd0vi0QriOEMx57/+qMqej948=
5,30,gVGaVNB38FAIJY4e9cKf0yzX2YQ=,wiQd0vi0QriOEMx57/+qMqej948=
4,29,gVGaVNB38FAIJY4e9cKf0yzX2YQ=,wiQd0vi0QriOEMx57/+qMqej948=
15,28,gVGaVNB38FAIJY4e9cKf0yzX2YQ=,66hSwZHb8mE8ZBI6guklB4bR3dg=
7,28,gVGaVNB38FAIJY4e9cKf0yzX2YQ=,wiQd0vi0QriOEMx57/+qMqej948=
5,17,gVGaVNB38FAIJY4e9cKf0yzX2YQ=,elA+pPkiCVpYHjmV3XQ42v+e/og=
6,24,gVGaVNB38FAIJY4e9cKf0yzX2YQ=,wiQd0vi0QriOEMx57/+qMqej948=
10,31,gVGaVNB38FAIJY4e9cKf0yzX2YQ=,66hSwZHb8mE8ZBI6guklB4bR3dg=
5,24,gVGaVNB38FAIJY4e9cKf0yzX2YQ=,wiQd0vi0QriOEMx57/+qMqej948=
13,29,gVGaVNB38FAIJY4e9cKf0yzX2YQ=,66hSwZHb8mE8ZBI6guklB4bR3dg=
6,30,gVGaVNB38FAIJY4e9cKf0yzX2YQ=,wiQd0vi0QriOEMx57/+qMqej948=
5,29,gVGaVNB38FAIJY4e9cKf0yzX2YQ=,wiQd0vi0QriOEMx57/+qMqej948=
15,30,gVGaVNB38FAIJY4e9cKf0yzX2YQ=,66hSwZHb8mE8ZBI6guklB4bR3dg=
11,28,gVGaVNB38FAIJY4e9cKf0yzX2YQ=,66hSwZHb8mE8ZBI6guklB4bR3dg=
14,29,gVGaVNB38FAIJY4e9cKf0yzX2YQ=,66hSwZHb8mE8ZBI6guklB4bR3dg=
8,29,gVGaVNB38FAIJY4e9cKf0yzX2YQ=,66hSwZHb8mE8ZBI6guklB4bR3dg=
8,21,gVGaVNB38FAIJY4e9cKf0yzX2YQ=,elA+pPkiCVpYHjmV3XQ42v+e/og=
4,17,gVGaVNB38FAIJY4e9cKf0yzX2YQ=,elA+pPkiCVpYHjmV3XQ42v+e/og=
3,21,gVGaVNB38FAIJY4e9cKf0yzX2YQ=,elA+pPkiCVpYHjmV3XQ42v+e/og=
9,31,gVGaVNB38FAIJY4e9cKf0yzX2YQ=,66hSwZHb8mE8ZBI6guklB4bR3dg=
12,27,gVGaVNB38FAIJY4e9cKf0yzX2YQ=,66hSwZHb8mE8ZBI6guklB4bR3dg=
13,31,gVGaVNB38FAIJY4e9cKf0yzX2YQ=,66hSwZHb8mE8ZBI6guklB4bR3dg=
7,29,gVGaVNB38FAIJY4e9cKf0yzX2YQ=,wiQd0vi0QriOEMx57/+qMqej948=
10,28,gVGaVNB38FAIJY4e9cKf0yzX2YQ=,66hSwZHb8mE8ZBI6guklB4bR3dg=
15,29,gVGaVNB38FAIJY4e9cKf0yzX2YQ=,66hSwZHb8mE8ZBI6guklB4bR3dg=
10,29,gVGaVNB38FAIJY4e9cKf0yzX2YQ=,66hSwZHb8mE8ZBI6guklB4bR3dg=
3,17,gVGaVNB38FAIJY4e9cKf0yzX2YQ=,elA+pPkiCVpYHjmV3XQ42v+e/og=
4,21,gVGaVNB38FAIJY4e9cKf0yzX2YQ=,elA+pPkiCVpYHjmV3XQ42v+e/og=
11,29,gVGaVNB38FAIJY4e9cKf0yzX2YQ=,66hSwZHb8mE8ZBI6guklB4bR3dg=
7,22,gVGaVNB38FAIJY4e9cKf0yzX2YQ=,elA+pPkiCVpYHjmV3XQ42v+e/og=
14,31,gVGaVNB38FAIJY4e9cKf0yzX2YQ=,66hSwZHb8mE8ZBI6guklB4bR3dg=
5,16,gVGaVNB38FAIJY4e9cKf0yzX2YQ=,elA+pPkiCVpYHjmV3XQ42v+e/og=
3,22,gVGaVNB38FAIJY4e9cKf0yzX2YQ=,elA+pPkiCVpYHjmV3XQ42v+e/og=
9,29,gVGaVNB38FAIJY4e9cKf0yzX2YQ=,66hSwZHb8mE8ZBI6guklB4bR3dg=
6,22,gVGaVNB38FAIJY4e9cKf0yzX2YQ=,elA+pPkiCVpYHjmV3XQ42v+e/og=
4,24,gVGaVNB38FAIJY4e9cKf0yzX2YQ=,wiQd0vi0QriOEMx57/+qMqej948=
9,28,gVGaVNB38FAIJY4e9cKf0yzX2YQ=,66hSwZHb8mE8ZBI6guklB4bR3dg=
2,21,gVGaVNB38FAIJY4e9cKf0yzX2YQ=,elA+pPkiCVpYHjmV3XQ42v+e/og=
8,28,gVGaVNB38FAIJY4e9cKf0yzX2YQ=,66hSwZHb8mE8ZBI6guklB4bR3dg=
1,21,gVGaVNB38FAIJY4e9cKf0yzX2YQ=,elA+pPkiCVpYHjmV3XQ42v+e/og=
13,27,gVGaVNB38FAIJY4e9cKf0yzX2YQ=,66hSwZHb8mE8ZBI6guklB4bR3dg=
7,30,gVGaVNB38FAIJY4e9cKf0yzX2YQ=,wiQd0vi0QriOEMx57/+qMqej948=
8,30,gVGaVNB38FAIJY4e9cKf0yzX2YQ=,66hSwZHb8mE8ZBI6guklB4bR3dg=
10,20,gVGaVNB38FAIJY4e9cKf0yzX2YQ=,elA+pPkiCVpYHjmV3XQ42v+e/og=
2,22,gVGaVNB38FAIJY4e9cKf0yzX2YQ=,elA+pPkiCVpYHjmV3XQ42v+e/og=
2,17,gVGaVNB38FAIJY4e9cKf0yzX2YQ=,elA+pPkiCVpYHjmV3XQ42v+e/og=
1,23,gVGaVNB38FAIJY4e9cKf0yzX2YQ=,elA+pPkiCVpYHjmV3XQ42v+e/og=
1,22,gVGaVNB38FAIJY4e9cKf0yzX2YQ=,elA+pPkiCVpYHjmV3XQ42v+e/og=
8,20,gVGaVNB38FAIJY4e9cKf0yzX2YQ=,elA+pPkiCVpYHjmV3XQ42v+e/og=
4,25,gVGaVNB38FAIJY4e9cKf0yzX2YQ=,wiQd0vi0QriOEMx57/+qMqej948=
14,27,gVGaVNB38FAIJY4e9cKf0yzX2YQ=,66hSwZHb8mE8ZBI6guklB4bR3dg=
14,26,gVGaVNB38FAIJY4e9cKf0yzX2YQ=,66hSwZHb8mE8ZBI6guklB4bR3dg=
6,26,gVGaVNB38FAIJY4e9cKf0yzX2YQ=,wiQd0vi0QriOEMx57/+qMqej948=
0,31,gVGaVNB38FAIJY4e9cKf0yzX2YQ=,wiQd0vi0QriOEMx57/+qMqej948=
5,26,gVGaVNB38FAIJY4e9cKf0yzX2YQ=,wiQd0vi0QriOEMx57/+qMqej948=
1,17,gVGaVNB38FAIJY4e9cKf0yzX2YQ=,elA+pPkiCVpYHjmV3XQ42v+e/og=
4,26,gVGaVNB38FAIJY4e9cKf0yzX2YQ=,wiQd0vi0QriOEMx57/+qMqej948=
15,26,gVGaVNB38FAIJY4e9cKf0yzX2YQ=,66hSwZHb8mE8ZBI6guklB4bR3dg=
15,25,gVGaVNB38FAIJY4e9cKf0yzX2YQ=,66hSwZHb8mE8ZBI6guklB4bR3dg=
4,20,gVGaVNB38FAIJY4e9cKf0yzX2YQ=,elA+pPkiCVpYHjmV3XQ42v+e/og=
2,25,gVGaVNB38FAIJY4e9cKf0yzX2YQ=,wiQd0vi0QriOEMx57/+qMqej948=
6,27,gVGaVNB38FAIJY4e9cKf0yzX2YQ=,wiQd0vi0QriOEMx57/+qMqej948=
5,20,gVGaVNB38FAIJY4e9cKf0yzX2YQ=,elA+pPkiCVpYHjmV3XQ42v+e/og=
1,25,gVGaVNB38FAIJY4e9cKf0yzX2YQ=,wiQd0vi0QriOEMx57/+qMqej948=
5,22,gVGaVNB38FAIJY4e9cKf0yzX2YQ=,elA+pPkiCVpYHjmV3XQ42v+e/og=
2,18,gVGaVNB38FAIJY4e9cKf0yzX2YQ=,elA+pPkiCVpYHjmV3XQ42v+e/og=
4,27,gVGaVNB38FAIJY4e9cKf0yzX2YQ=,wiQd0vi0QriOEMx57/+qMqej948=
5,27,gVGaVNB38FAIJY4e9cKf0yzX2YQ=,wiQd0vi0QriOEMx57/+qMqej948=
3,25,gVGaVNB38FAIJY4e9cKf0yzX2YQ=,wiQd0vi0QriOEMx57/+qMqej948=
2,16,gVGaVNB38FAIJY4e9cKf0yzX2YQ=,elA+pPkiCVpYHjmV3XQ42v+e/og=
2,26,gVGaVNB38FAIJY4e9cKf0yzX2YQ=,wiQd0vi0QriOEMx57/+qMqej948=
0,30,gVGaVNB38FAIJY4e9cKf0yzX2YQ=,wiQd0vi0QriOEMx57/+qMqej948=
10,30,gVGaVNB38FAIJY4e9cKf0yzX2YQ=,66hSwZHb8mE8ZBI6guklB4bR3dg=
3,16,gVGaVNB38FAIJY4e9cKf0yzX2YQ=,elA+pPkiCVpYHjmV3XQ42v+e/og=
2,27,gVGaVNB38FAIJY4e9cKf0yzX2YQ=,wiQd0vi0QriOEMx57/+qMqej948=
1,28,gVGaVNB38FAIJY4e9cKf0yzX2YQ=,wiQd0vi0QriOEMx57/+qMqej948=
2,28,gVGaVNB38FAIJY4e9cKf0yzX2YQ=,wiQd0vi0QriOEMx57/+qMqej948=
6,21,gVGaVNB38FAIJY4e9cKf0yzX2YQ=,elA+pPkiCVpYHjmV3XQ42v+e/og=
7,20,gVGaVNB38FAIJY4e9cKf0yzX2YQ=,elA+pPkiCVpYHjmV3XQ42v+e/og=
2,29,gVGaVNB38FAIJY4e9cKf0yzX2YQ=,wiQd0vi0QriOEMx57/+qMqej948=
3,27,gVGaVNB38FAIJY4e9cKf0yzX2YQ=,wiQd0vi0QriOEMx57/+qMqej948=
1,30,gVGaVNB38FAIJY4e9cKf0yzX2YQ=,wiQd0vi0QriOEMx57/+qMqej948=
2,30,gVGaVNB38FAIJY4e9cKf0yzX2YQ=,wiQd0vi0QriOEMx57/+qMqej948=
3,30,gVGaVNB38FAIJY4e9cKf0yzX2YQ=,wiQd0vi0QriOEMx57/+qMqej948=
3,28,gVGaVNB38FAIJY4e9cKf0yzX2YQ=,wiQd0vi0QriOEMx57/+qMqej948=
1,24,gVGaVNB38FAIJY4e9cKf0yzX2YQ=,wiQd0vi0QriOEMx57/+qMqej948=
3,24,gVGaVNB38FAIJY4e9cKf0yzX2YQ=,wiQd0vi0QriOEMx57/+qMqej948=
2,24,gVGaVNB38FAIJY4e9cKf0yzX2YQ=,wiQd0vi0QriOEMx57/+qMqej948=
1,31,gVGaVNB38FAIJY4e9cKf0yzX2YQ=,wiQd0vi0QriOEMx57/+qMqej948=
3,31,gVGaVNB38FAIJY4e9cKf0yzX2YQ=,wiQd0vi0QriOEMx57/+qMqej948=
1,29,gVGaVNB38FAIJY4e9cKf0yzX2YQ=,wiQd0vi0QriOEMx57/+qMqej948=
2,31,gVGaVNB38FAIJY4e9cKf0yzX2YQ=,wiQd0vi0QriOEMx57/+qMqej948=
3,29,gVGaVNB38FAIJY4e9cKf0yzX2YQ=,wiQd0vi0QriOEMx57/+qMqej948=
0,27,gVGaVNB38FAIJY4e9cKf0yzX2YQ=,wiQd0vi0QriOEMx57/+qMqej948=
0,28,gVGaVNB38FAIJY4e9cKf0yzX2YQ=,wiQd0vi0QriOEMx57/+qMqej948=
7,21,gVGaVNB38FAIJY4e9cKf0yzX2YQ=,elA+pPkiCVpYHjmV3XQ42v+e/og=
0,24,gVGaVNB38FAIJY4e9cKf0yzX2YQ=,wiQd0vi0QriOEMx57/+qMqej948=
0,26,gVGaVNB38FAIJY4e9cKf0yzX2YQ=,wiQd0vi0QriOEMx57/+qMqej948=
11,30,gVGaVNB38FAIJY4e9cKf0yzX2YQ=,66hSwZHb8mE8ZBI6guklB4bR3dg=
0,29,gVGaVNB38FAIJY4e9cKf0yzX2YQ=,wiQd0vi0QriOEMx57/+qMqej948=
1,26,gVGaVNB38FAIJY4e9cKf0yzX2YQ=,wiQd0vi0QriOEMx57/+qMqej948=
6,20,gVGaVNB38FAIJY4e9cKf0yzX2YQ=,elA+pPkiCVpYHjmV3XQ42v+e/og=
0,25,gVGaVNB38FAIJY4e9cKf0yzX2YQ=,wiQd0vi0QriOEMx57/+qMqej948=
4,22,gVGaVNB38FAIJY4e9cKf0yzX2YQ=,elA+pPkiCVpYHjmV3XQ42v+e/og=
3,26,gVGaVNB38FAIJY4e9cKf0yzX2YQ=,wiQd0vi0QriOEMx57/+qMqej948=
27,26,F4hIaVngELCanvdbd7Q7Y+KcrXM=,jJc4XAwei+AigrY8ywLm11tV94s=
26,25,F4hIaVngELCanvdbd7Q7Y+KcrXM=,jJc4XAwei+AigrY8ywLm11tV94s=
17,21,F4hIaVngELCanvdbd7Q7Y+KcrXM=,Eu5qoP5HEj6qjUF/w9HwJ9T5nMo=
20,19,F4hIaVngELCanvdbd7Q7Y+KcrXM=,Eu5qoP5HEj6qjUF/w9HwJ9T5nMo=
16,18,F4hIaVngELCanvdbd7Q7Y+KcrXM=,Eu5qoP5HEj6qjUF/w9HwJ9T5nMo=
16,21,F4hIaVngELCanvdbd7Q7Y+KcrXM=,Eu5qoP5HEj6qjUF/w9HwJ9T5nMo=
19,30,F4hIaVngELCanvdbd7Q7Y+KcrXM=,A1Nc202vt41MUdRwHgoH2fwN8M8=
16,22,F4hIaVngELCanvdbd7Q7Y+KcrXM=,Eu5qoP5HEj6qjUF/w9HwJ9T5nMo=
22,23,F4hIaVngELCanvdbd7Q7Y+KcrXM=,Eu5qoP5HEj6qjUF/w9HwJ9T5nMo=
26,26,F4hIaVngELCanvdbd7Q7Y+KcrXM=,jJc4XAwei+AigrY8ywLm11tV94s=
23,23,F4hIaVngELCanvdbd7Q7Y+KcrXM=,Eu5qoP5HEj6qjUF/w9HwJ9T5nMo=
25,26,F4hIaVngELCanvdbd7Q7Y+KcrXM=,jJc4XAwei+AigrY8ywLm11tV94s=
27,27,F4hIaVngELCanvdbd7Q7Y+KcrXM=,jJc4XAwei+AigrY8ywLm11tV94s=
20,24,F4hIaVngELCanvdbd7Q7Y+KcrXM=,A1Nc202vt41MUdRwHgoH2fwN8M8=
16,23,F4hIaVngELCanvdbd7Q7Y+KcrXM=,Eu5qoP5HEj6qjUF/w9HwJ9T5nMo=
16,20,F4hIaVngELCanvdbd7Q7Y+KcrXM=,Eu5qoP5HEj6qjUF/w9HwJ9T5nMo=
25,27,F4hIaVngELCanvdbd7Q7Y+KcrXM=,jJc4XAwei+AigrY8ywLm11tV94s=
21,23,F4hIaVngELCanvdbd7Q7Y+KcrXM=,Eu5qoP5HEj6qjUF/w9HwJ9T5nMo=
25,25,F4hIaVngELCanvdbd7Q7Y+KcrXM=,jJc4XAwei+AigrY8ywLm11tV94s=
27,25,F4hIaVngELCanvdbd7Q7Y+KcrXM=,jJc4XAwei+AigrY8ywLm11tV94s=
20,20,F4hIaVngELCanvdbd7Q7Y+KcrXM=,Eu5qoP5HEj6qjUF/w9HwJ9T5nMo=
26,27,F4hIaVngELCanvdbd7Q7Y+KcrXM=,jJc4XAwei+AigrY8ywLm11tV94s=
25,24,F4hIaVngELCanvdbd7Q7Y+KcrXM=,jJc4XAwei+AigrY8ywLm11tV94s=
26,24,F4hIaVngELCanvdbd7Q7Y+KcrXM=,jJc4XAwei+AigrY8ywLm11tV94s=
20,23,F4hIaVngELCanvdbd7Q7Y+KcrXM=,Eu5qoP5HEj6qjUF/w9HwJ9T5nMo=
19,23,F4hIaVngELCanvdbd7Q7Y+KcrXM=,Eu5qoP5HEj6qjUF/w9HwJ9T5nMo=
24,23,F4hIaVngELCanvdbd7Q7Y+KcrXM=,sqdtQyW+O8vXrS+Pvt1oi6DI9Mo=
23,22,F4hIaVngELCanvdbd7Q7Y+KcrXM=,Eu5qoP5HEj6qjUF/w9HwJ9T5nMo=
16,17,F4hIaVngELCanvdbd7Q7Y+KcrXM=,Eu5qoP5HEj6qjUF/w9HwJ9T5nMo=
22,20,F4hIaVngELCanvdbd7Q7Y+KcrXM=,Eu5qoP5HEj6qjUF/w9HwJ9T5nMo=
16,19,F4hIaVngELCanvdbd7Q7Y+KcrXM=,Eu5qoP5HEj6qjUF/w9HwJ9T5nMo=
24,24,F4hIaVngELCanvdbd7Q7Y+KcrXM=,jJc4XAwei+AigrY8ywLm11tV94s=
18,23,F4hIaVngELCanvdbd7Q7Y+KcrXM=,Eu5qoP5HEj6qjUF/w9HwJ9T5nMo=
21,20,F4hIaVngELCanvdbd7Q7Y+KcrXM=,Eu5qoP5HEj6qjUF/w9HwJ9T5nMo=
20,21,F4hIaVngELCanvdbd7Q7Y+KcrXM=,Eu5qoP5HEj6qjUF/w9HwJ9T5nMo=
20,22,F4hIaVngELCanvdbd7Q7Y+KcrXM=,Eu5qoP5HEj6qjUF/w9HwJ9T5nMo=
27,24,F4hIaVngELCanvdbd7Q7Y+KcrXM=,jJc4XAwei+AigrY8ywLm11tV94s=
24,26,F4hIaVngELCanvdbd7Q7Y+KcrXM=,jJc4XAwei+AigrY8ywLm11tV94s=
17,25,F4hIaVngELCanvdbd7Q7Y+KcrXM=,A1Nc202vt41MUdRwHgoH2fwN8M8=
22,21,F4hIaVngELCanvdbd7Q7Y+KcrXM=,Eu5qoP5HEj6qjUF/w9HwJ9T5nMo=
16,31,F4hIaVngELCanvdbd7Q7Y+KcrXM=,A1Nc202vt41MUdRwHgoH2fwN8M8=
27,22,F4hIaVngELCanvdbd7Q7Y+KcrXM=,sqdtQyW+O8vXrS+Pvt1oi6DI9Mo=
17,23,F4hIaVngELCanvdbd7Q7Y+KcrXM=,Eu5qoP5HEj6qjUF/w9HwJ9T5nMo=
19,20,F4hIaVngELCanvdbd7Q7Y+KcrXM=,Eu5qoP5HEj6qjUF/w9HwJ9T5nMo=
17,20,F4hIaVngELCanvdbd7Q7Y+KcrXM=,Eu5qoP5HEj6qjUF/w9HwJ9T5nMo=
19,17,F4hIaVngELCanvdbd7Q7Y+KcrXM=,Eu5qoP5HEj6qjUF/w9HwJ9T5nMo=
18,20,F4hIaVngELCanvdbd7Q7Y+KcrXM=,Eu5qoP5HEj6qjUF/w9HwJ9T5nMo=
19,21,F4hIaVngELCanvdbd7Q7Y+KcrXM=,Eu5qoP5HEj6qjUF/w9HwJ9T5nMo=
19,22,F4hIaVngELCanvdbd7Q7Y+KcrXM=,Eu5qoP5HEj6qjUF/w9HwJ9T5nMo=
18,22,F4hIaVngELCanvdbd7Q7Y+KcrXM=,Eu5qoP5HEj6qjUF/w9HwJ9T5nMo=
18,21,F4hIaVngELCanvdbd7Q7Y+KcrXM=,Eu5qoP5HEj6qjUF/w9HwJ9T5nMo=
17,22,F4hIaVngELCanvdbd7Q7Y+KcrXM=,Eu5qoP5HEj6qjUF/w9HwJ9T5nMo=
24,16,F4hIaVngELCanvdbd7Q7Y+KcrXM=,sqdtQyW+O8vXrS+Pvt1oi6DI9Mo=
17,26,F4hIaVngELCanvdbd7Q7Y+KcrXM=,A1Nc202vt41MUdRwHgoH2fwN8M8=
24,31,F4hIaVngELCanvdbd7Q7Y+KcrXM=,jJc4XAwei+AigrY8ywLm11tV94s=
16,24,F4hIaVngELCanvdbd7Q7Y+KcrXM=,A1Nc202vt41MUdRwHgoH2fwN8M8=
23,31,F4hIaVngELCanvdbd7Q7Y+KcrXM=,A1Nc202vt41MUdRwHgoH2fwN8M8=
16,30,F4hIaVngELCanvdbd7Q7Y+KcrXM=,A1Nc202vt41MUdRwHgoH2fwN8M8=
20,25,F4hIaVngELCanvdbd7Q7Y+KcrXM=,A1Nc202vt41MUdRwHgoH2fwN8M8=
21,24,F4hIaVngELCanvdbd7Q7Y+KcrXM=,A1Nc202vt41MUdRwHgoH2fwN8M8=
18,25,F4hIaVngELCanvdbd7Q7Y+KcrXM=,A1Nc202vt41MUdRwHgoH2fwN8M8=
18,17,F4hIaVngELCanvdbd7Q7Y+KcrXM=,Eu5qoP5HEj6qjUF/w9HwJ9T5nMo=
17,17,F4hIaVngELCanvdbd7Q7Y+KcrXM=,Eu5qoP5HEj6qjUF/w9HwJ9T5nMo=
19,25,F4hIaVngELCanvdbd7Q7Y+KcrXM=,A1Nc202vt41MUdRwHgoH2fwN8M8=
19,19,F4hIaVngELCanvdbd7Q7Y+KcrXM=,Eu5qoP5HEj6qjUF/w9HwJ9T5nMo=
26,22,F4hIaVngELCanvdbd7Q7Y+KcrXM=,sqdtQyW+O8vXrS+Pvt1oi6DI9Mo=
20,30,F4hIaVngELCanvdbd7Q7Y+KcrXM=,A1Nc202vt41MUdRwHgoH2fwN8M8=
22,31,F4hIaVngELCanvdbd7Q7Y+KcrXM=,A1Nc202vt41MUdRwHgoH2fwN8M8=
27,31,F4hIaVngELCanvdbd7Q7Y+KcrXM=,jJc4XAwei+AigrY8ywLm11tV94s=
19,18,F4hIaVngELCanvdbd7Q7Y+KcrXM=,Eu5qoP5HEj6qjUF/w9HwJ9T5nMo=
26,31,F4hIaVngELCanvdbd7Q7Y+KcrXM=,jJc4XAwei+AigrY8ywLm11tV94s=
25,31,F4hIaVngELCanvdbd7Q7Y+KcrXM=,jJc4XAwei+AigrY8ywLm11tV94s=
21,30,F4hIaVngELCanvdbd7Q7Y+KcrXM=,A1Nc202vt41MUdRwHgoH2fwN8M8=
18,19,F4hIaVngELCanvdbd7Q7Y+KcrXM=,Eu5qoP5HEj6qjUF/w9HwJ9T5nMo=
24,30,F4hIaVngELCanvdbd7Q7Y+KcrXM=,jJc4XAwei+AigrY8ywLm11tV94s=
18,18,F4hIaVngELCanvdbd7Q7Y+KcrXM=,Eu5qoP5HEj6qjUF/w9HwJ9T5nMo=
31,16,F4hIaVngELCanvdbd7Q7Y+KcrXM=,sqdtQyW+O8vXrS+Pvt1oi6DI9Mo=
30,16,F4hIaVngELCanvdbd7Q7Y+KcrXM=,sqdtQyW+O8vXrS+Pvt1oi6DI9Mo=
17,19,F4hIaVngELCanvdbd7Q7Y+KcrXM=,Eu5qoP5HEj6qjUF/w9HwJ9T5nMo=
29,16,F4hIaVngELCanvdbd7Q7Y+KcrXM=,sqdtQyW+O8vXrS+Pvt1oi6DI9Mo=
17,18,F4hIaVngELCanvdbd7Q7Y+KcrXM=,Eu5qoP5HEj6qjUF/w9HwJ9T5nMo=
28,16,F4hIaVngELCanvdbd7Q7Y+KcrXM=,sqdtQyW+O8vXrS+Pvt1oi6DI9Mo=
20,28,F4hIaVngELCanvdbd7Q7Y+KcrXM=,A1Nc202vt41MUdRwHgoH2fwN8M8=
22,24,F4hIaVngELCanvdbd7Q7Y+KcrXM=,A1Nc202vt41MUdRwHgoH2fwN8M8=
16,16,F4hIaVngELCanvdbd7Q7Y+KcrXM=,Eu5qoP5HEj6qjUF/w9HwJ9T5nMo=
24,27,F4hIaVngELCanvdbd7Q7Y+KcrXM=,jJc4XAwei+AigrY8ywLm11tV94s=
31,19,F4hIaVngELCanvdbd7Q7Y+KcrXM=,sqdtQyW+O8vXrS+Pvt1oi6DI9Mo=
24,29,F4hIaVngELCanvdbd7Q7Y+KcrXM=,jJc4XAwei+AigrY8ywLm11tV94s=
31,23,F4hIaVngELCanvdbd7Q7Y+KcrXM=,sqdtQyW+O8vXrS+Pvt1oi6DI9Mo=
21,28,F4hIaVngELCanvdbd7Q7Y+KcrXM=,A1Nc202vt41MUdRwHgoH2fwN8M8=
21,31,F4hIaVngELCanvdbd7Q7Y+KcrXM=,A1Nc202vt41MUdRwHgoH2fwN8M8=
27,16,F4hIaVngELCanvdbd7Q7Y+KcrXM=,sqdtQyW+O8vXrS+Pvt1oi6DI9Mo=
24,28,F4hIaVngELCanvdbd7Q7Y+KcrXM=,jJc4XAwei+AigrY8ywLm11tV94s=
31,21,F4hIaVngELCanvdbd7Q7Y+KcrXM=,sqdtQyW+O8vXrS+Pvt1oi6DI9Mo=
24,25,F4hIaVngELCanvdbd7Q7Y+KcrXM=,jJc4XAwei+AigrY8ywLm11tV94s=
30,19,F4hIaVngELCanvdbd7Q7Y+KcrXM=,sqdtQyW+O8vXrS+Pvt1oi6DI9Mo=
30,21,F4hIaVngELCanvdbd7Q7Y+KcrXM=,sqdtQyW+O8vXrS+Pvt1oi6DI9Mo=
29,21,F4hIaVngELCanvdbd7Q7Y+KcrXM=,sqdtQyW+O8vXrS+Pvt1oi6DI9Mo=
29,19,F4hIaVngELCanvdbd7Q7Y+KcrXM=,sqdtQyW+O8vXrS+Pvt1oi6DI9Mo=
28,21,F4hIaVngELCanvdbd7Q7Y+KcrXM=,sqdtQyW+O8vXrS+Pvt1oi6DI9Mo=
28,19,F4hIaVngELCanvdbd7Q7Y+KcrXM=,sqdtQyW+O8vXrS+Pvt1oi6DI9Mo=
22,28,F4hIaVngELCanvdbd7Q7Y+KcrXM=,A1Nc202vt41MUdRwHgoH2fwN8M8=
22,25,F4hIaVngELCanvdbd7Q7Y+KcrXM=,A1Nc202vt41MUdRwHgoH2fwN8M8=
25,22,F4hIaVngELCanvdbd7Q7Y+KcrXM=,sqdtQyW+O8vXrS+Pvt1oi6DI9Mo=
24,22,F4hIaVngELCanvdbd7Q7Y+KcrXM=,sqdtQyW+O8vXrS+Pvt1oi6DI9Mo=
21,22,F4hIaVngELCanvdbd7Q7Y+KcrXM=,Eu5qoP5HEj6qjUF/w9HwJ9T5nMo=
27,30,F4hIaVngELCanvdbd7Q7Y+KcrXM=,jJc4XAwei+AigrY8ywLm11tV94s=
31,20,F4hIaVngELCanvdbd7Q7Y+KcrXM=,sqdtQyW+O8vXrS+Pvt1oi6DI9Mo=
21,25,F4hIaVngELCanvdbd7Q7Y+KcrXM=,A1Nc202vt41MUdRwHgoH2fwN8M8=
31,18,F4hIaVngELCanvdbd7Q7Y+KcrXM=,sqdtQyW+O8vXrS+Pvt1oi6DI9Mo=
16,29,F4hIaVngELCanvdbd7Q7Y+KcrXM=,A1Nc202vt41MUdRwHgoH2fwN8M8=
26,16,F4hIaVngELCanvdbd7Q7Y+KcrXM=,sqdtQyW+O8vXrS+Pvt1oi6DI9Mo=
23,24,F4hIaVngELCanvdbd7Q7Y+KcrXM=,A1Nc202vt41MUdRwHgoH2fwN8M8=
26,30,F4hIaVngELCanvdbd7Q7Y+KcrXM=,jJc4XAwei+AigrY8ywLm11tV94s=
25,16,F4hIaVngELCanvdbd7Q7Y+KcrXM=,sqdtQyW+O8vXrS+Pvt1oi6DI9Mo=
20,31,F4hIaVngELCanvdbd7Q7Y+KcrXM=,A1Nc202vt41MUdRwHgoH2fwN8M8=
22,30,F4hIaVngELCanvdbd7Q7Y+KcrXM=,A1Nc202vt41MUdRwHgoH2fwN8M8=
23,30,F4hIaVngELCanvdbd7Q7Y+KcrXM=,A1Nc202vt41MUdRwHgoH2fwN8M8=
30,18,F4hIaVngELCanvdbd7Q7Y+KcrXM=,sqdtQyW+O8vXrS+Pvt1oi6DI9Mo=
16,28,F4hIaVngELCanvdbd7Q7Y+KcrXM=,A1Nc202vt41MUdRwHgoH2fwN8M8=
30,20,F4hIaVngELCanvdbd7Q7Y+KcrXM=,sqdtQyW+O8vXrS+Pvt1oi6DI9Mo=
29,20,F4hIaVngELCanvdbd7Q7Y+KcrXM=,sqdtQyW+O8vXrS+Pvt1oi6DI9Mo=
28,20,F4hIaVngELCanvdbd7Q7Y+KcrXM=,sqdtQyW+O8vXrS+Pvt1oi6DI9Mo=
23,25,F4hIaVngELCanvdbd7Q7Y+KcrXM=,A1Nc202vt41MUdRwHgoH2fwN8M8=
27,21,F4hIaVngELCanvdbd7Q7Y+KcrXM=,sqdtQyW+O8vXrS+Pvt1oi6DI9Mo=
20,26,F4hIaVngELCanvdbd7Q7Y+KcrXM=,A1Nc202vt41MUdRwHgoH2fwN8M8=
20,29,F4hIaVngELCanvdbd7Q7Y+KcrXM=,A1Nc202vt41MUdRwHgoH2fwN8M8=
30,23,F4hIaVngELCanvdbd7Q7Y+KcrXM=,sqdtQyW+O8vXrS+Pvt1oi6DI9Mo=
22,26,F4hIaVngELCanvdbd7Q7Y+KcrXM=,A1Nc202vt41MUdRwHgoH2fwN8M8=
23,29,F4hIaVngELCanvdbd7Q7Y+KcrXM=,A1Nc202vt41MUdRwHgoH2fwN8M8=
21,26,F4hIaVngELCanvdbd7Q7Y+KcrXM=,A1Nc202vt41MUdRwHgoH2fwN8M8=
21,29,F4hIaVngELCanvdbd7Q7Y+KcrXM=,A1Nc202vt41MUdRwHgoH2fwN8M8=
23,19,F4hIaVngELCanvdbd7Q7Y+KcrXM=,Eu5qoP5HEj6qjUF/w9HwJ9T5nMo=
29,23,F4hIaVngELCanvdbd7Q7Y+KcrXM=,sqdtQyW+O8vXrS+Pvt1oi6DI9Mo=
23,27,F4hIaVngELCanvdbd7Q7Y+KcrXM=,A1Nc202vt41MUdRwHgoH2fwN8M8=
23,26,F4hIaVngELCanvdbd7Q7Y+KcrXM=,A1Nc202vt41MUdRwHgoH2fwN8M8=
23,18,F4hIaVngELCanvdbd7Q7Y+KcrXM=,Eu5qoP5HEj6qjUF/w9HwJ9T5nMo=
28,23,F4hIaVngELCanvdbd7Q7Y+KcrXM=,sqdtQyW+O8vXrS+Pvt1oi6DI9Mo=
31,22,F4hIaVngELCanvdbd7Q7Y+KcrXM=,sqdtQyW+O8vXrS+Pvt1oi6DI9Mo=
30,22,F4hIaVngELCanvdbd7Q7Y+KcrXM=,sqdtQyW+O8vXrS+Pvt1oi6DI9Mo=
28,17,F4hIaVngELCanvdbd7Q7Y+KcrXM=,sqdtQyW+O8vXrS+Pvt1oi6DI9Mo=
29,17,F4hIaVngELCanvdbd7Q7Y+KcrXM=,sqdtQyW+O8vXrS+Pvt1oi6DI9Mo=
29,18,F4hIaVngELCanvdbd7Q7Y+KcrXM=,sqdtQyW+O8vXrS+Pvt1oi6DI9Mo=
22,29,F4hIaVngELCanvdbd7Q7Y+KcrXM=,A1Nc202vt41MUdRwHgoH2fwN8M8=
29,22,F4hIaVngELCanvdbd7Q7Y+KcrXM=,sqdtQyW+O8vXrS+Pvt1oi6DI9Mo=
30,17,F4hIaVngELCanvdbd7Q7Y+KcrXM=,sqdtQyW+O8vXrS+Pvt1oi6DI9Mo=
31,17,F4hIaVngELCanvdbd7Q7Y+KcrXM=,sqdtQyW+O8vXrS+Pvt1oi6DI9Mo=
27,19,F4hIaVngELCanvdbd7Q7Y+KcrXM=,sqdtQyW+O8vXrS+Pvt1oi6DI9Mo=
28,18,F4hIaVngELCanvdbd7Q7Y+KcrXM=,sqdtQyW+O8vXrS+Pvt1oi6DI9Mo=
25,30,F4hIaVngELCanvdbd7Q7Y+KcrXM=,jJc4XAwei+AigrY8ywLm11tV94s=
28,22,F4hIaVngELCanvdbd7Q7Y+KcrXM=,sqdtQyW+O8vXrS+Pvt1oi6DI9Mo=
23,28,F4hIaVngELCanvdbd7Q7Y+KcrXM=,A1Nc202vt41MUdRwHgoH2fwN8M8=
22,16,F4hIaVngELCanvdbd7Q7Y+KcrXM=,Eu5qoP5HEj6qjUF/w9HwJ9T5nMo=
27,29,F4hIaVngELCanvdbd7Q7Y+KcrXM=,jJc4XAwei+AigrY8ywLm11tV94s=
26,21,F4hIaVngELCanvdbd7Q7Y+KcrXM=,sqdtQyW+O8vXrS+Pvt1oi6DI9Mo=
16,27,F4hIaVngELCanvdbd7Q7Y+KcrXM=,A1Nc202vt41MUdRwHgoH2fwN8M8=
21,27,F4hIaVngELCanvdbd7Q7Y+KcrXM=,A1Nc202vt41MUdRwHgoH2fwN8M8=
21,16,F4hIaVngELCanvdbd7Q7Y+KcrXM=,Eu5qoP5HEj6qjUF/w9HwJ9T5nMo=
17,16,F4hIaVngELCanvdbd7Q7Y+KcrXM=,Eu5qoP5HEj6qjUF/w9HwJ9T5nMo=
25,21,F4hIaVngELCanvdbd7Q7Y+KcrXM=,sqdtQyW+O8vXrS+Pvt1oi6DI9Mo=
22,27,F4hIaVngELCanvdbd7Q7Y+KcrXM=,A1Nc202vt41MUdRwHgoH2fwN8M8=
24,21,F4hIaVngELCanvdbd7Q7Y+KcrXM=,sqdtQyW+O8vXrS+Pvt1oi6DI9Mo=
26,29,F4hIaVngELCanvdbd7Q7Y+KcrXM=,jJc4XAwei+AigrY8ywLm11tV94s=
16,26,F4hIaVngELCanvdbd7Q7Y+KcrXM=,A1Nc202vt41MUdRwHgoH2fwN8M8=
26,19,F4hIaVngELCanvdbd7Q7Y+KcrXM=,sqdtQyW+O8vXrS+Pvt1oi6DI9Mo=
31,24,F4hIaVngELCanvdbd7Q7Y+KcrXM=,jJc4XAwei+AigrY8ywLm11tV94s=
20,16,F4hIaVngELCanvdbd7Q7Y+KcrXM=,Eu5qoP5HEj6qjUF/w9HwJ9T5nMo=
23,16,F4hIaVngELCanvdbd7Q7Y+KcrXM=,Eu5qoP5HEj6qjUF/w9HwJ9T5nMo=
17,27,F4hIaVngELCanvdbd7Q7Y+KcrXM=,A1Nc202vt41MUdRwHgoH2fwN8M8=
16,25,F4hIaVngELCanvdbd7Q7Y+KcrXM=,A1Nc202vt41MUdRwHgoH2fwN8M8=
31,31,F4hIaVngELCanvdbd7Q7Y+KcrXM=,jJc4XAwei+AigrY8ywLm11tV94s=
18,26,F4hIaVngELCanvdbd7Q7Y+KcrXM=,A1Nc202vt41MUdRwHgoH2fwN8M8=
22,17,F4hIaVngELCanvdbd7Q7Y+KcrXM=,Eu5qoP5HEj6qjUF/w9HwJ9T5nMo=
27,20,F4hIaVngELCanvdbd7Q7Y+KcrXM=,sqdtQyW+O8vXrS+Pvt1oi6DI9Mo=
25,29,F4hIaVngELCanvdbd7Q7Y+KcrXM=,jJc4XAwei+AigrY8ywLm11tV94s=
20,27,F4hIaVngELCanvdbd7Q7Y+KcrXM=,A1Nc202vt41MUdRwHgoH2fwN8M8=
19,26,F4hIaVngELCanvdbd7Q7Y+KcrXM=,A1Nc202vt41MUdRwHgoH2fwN8M8=
31,30,F4hIaVngELCanvdbd7Q7Y+KcrXM=,jJc4XAwei+AigrY8ywLm11tV94s=
21,21,CUayHWH8iFoorP1yDQpsnaCveuY=,Eu5qoP5HEj6qjUF/w9HwJ9T5nMo=
25,19,CUayHWH8iFoorP1yDQpsnaCveuY=,sqdtQyW+O8vXrS+Pvt1oi6DI9Mo=
25,28,CUayHWH8iFoorP1yDQpsnaCveuY=,jJc4XAwei+AigrY8ywLm11tV94s=
21,17,CUayHWH8iFoorP1yDQpsnaCveuY=,Eu5qoP5HEj6qjUF/w9HwJ9T5nMo=
20,18,CUayHWH8iFoorP1yDQpsnaCveuY=,Eu5qoP5HEj6qjUF/w9HwJ9T5nMo=
31,29,CUayHWH8iFoorP1yDQpsnaCveuY=,jJc4XAwei+AigrY8ywLm11tV94s=
19,16,CUayHWH8iFoorP1yDQpsnaCveuY=,Eu5qoP5HEj6qjUF/w9HwJ9T5nMo=
26,20,CUayHWH8iFoorP1yDQpsnaCveuY=,sqdtQyW+O8vXrS+Pvt1oi6DI9Mo=
27,28,CUayHWH8iFoorP1yDQpsnaCveuY=,jJc4XAwei+AigrY8ywLm11tV94s=
18,27,CUayHWH8iFoorP1yDQpsnaCveuY=,A1Nc202vt41MUdRwHgoH2fwN8M8=
18,16,CUayHWH8iFoorP1yDQpsnaCveuY=,Eu5qoP5HEj6qjUF/w9HwJ9T5nMo=
21,18,CUayHWH8iFoorP1yDQpsnaCveuY=,Eu5qoP5HEj6qjUF/w9HwJ9T5nMo=
17,30,CUayHWH8iFoorP1yDQpsnaCveuY=,A1Nc202vt41MUdRwHgoH2fwN8M8=
24,19,CUayHWH8iFoorP1yDQpsnaCveuY=,sqdtQyW+O8vXrS+Pvt1oi6DI9Mo=
20,17,CUayHWH8iFoorP1yDQpsnaCveuY=,Eu5qoP5HEj6qjUF/w9HwJ9T5nMo=
31,28,CUayHWH8iFoorP1yDQpsnaCveuY=,jJc4XAwei+AigrY8ywLm11tV94s=
19,28,CUayHWH8iFoorP1yDQpsnaCveuY=,A1Nc202vt41MUdRwHgoH2fwN8M8=
26,28,CUayHWH8iFoorP1yDQpsnaCveuY=,jJc4XAwei+AigrY8ywLm11tV94s=
17,28,CUayHWH8iFoorP1yDQpsnaCveuY=,A1Nc202vt41MUdRwHgoH2fwN8M8=
19,27,CUayHWH8iFoorP1yDQpsnaCveuY=,A1Nc202vt41MUdRwHgoH2fwN8M8=
19,29,CUayHWH8iFoorP1yDQpsnaCveuY=,A1Nc202vt41MUdRwHgoH2fwN8M8=
23,17,CUayHWH8iFoorP1yDQpsnaCveuY=,Eu5qoP5HEj6qjUF/w9HwJ9T5nMo=
22,18,CUayHWH8iFoorP1yDQpsnaCveuY=,Eu5qoP5HEj6qjUF/w9HwJ9T5nMo=
18,28,CUayHWH8iFoorP1yDQpsnaCveuY=,A1Nc202vt41MUdRwHgoH2fwN8M8=
21,19,CUayHWH8iFoorP1yDQpsnaCveuY=,Eu5qoP5HEj6qjUF/w9HwJ9T5nMo=
19,24,CUayHWH8iFoorP1yDQpsnaCveuY=,A1Nc202vt41MUdRwHgoH2fwN8M8=
25,20,CUayHWH8iFoorP1yDQpsnaCveuY=,sqdtQyW+O8vXrS+Pvt1oi6DI9Mo=
24,17,CUayHWH8iFoorP1yDQpsnaCveuY=,sqdtQyW+O8vXrS+Pvt1oi6DI9Mo=
31,27,CUayHWH8iFoorP1yDQpsnaCveuY=,jJc4XAwei+AigrY8ywLm11tV94s=
25,17,CUayHWH8iFoorP1yDQpsnaCveuY=,sqdtQyW+O8vXrS+Pvt1oi6DI9Mo=
22,22,CUayHWH8iFoorP1yDQpsnaCveuY=,Eu5qoP5HEj6qjUF/w9HwJ9T5nMo=
25,23,CUayHWH8iFoorP1yDQpsnaCveuY=,sqdtQyW+O8vXrS+Pvt1oi6DI9Mo=
18,29,CUayHWH8iFoorP1yDQpsnaCveuY=,A1Nc202vt41MUdRwHgoH2fwN8M8=
24,20,CUayHWH8iFoorP1yDQpsnaCveuY=,sqdtQyW+O8vXrS+Pvt1oi6DI9Mo=
17,29,CUayHWH8iFoorP1yDQpsnaCveuY=,A1Nc202vt41MUdRwHgoH2fwN8M8=
23,20,CUayHWH8iFoorP1yDQpsnaCveuY=,Eu5qoP5HEj6qjUF/w9HwJ9T5nMo=
22,19,CUayHWH8iFoorP1yDQpsnaCveuY=,Eu5qoP5HEj6qjUF/w9HwJ9T5nMo=
23,21,CUayHWH8iFoorP1yDQpsnaCveuY=,Eu5qoP5HEj6qjUF/w9HwJ9T5nMo=
31,26,CUayHWH8iFoorP1yDQpsnaCveuY=,jJc4XAwei+AigrY8ywLm11tV94s=
27,18,CUayHWH8iFoorP1yDQpsnaCveuY=,sqdtQyW+O8vXrS+Pvt1oi6DI9Mo=
25,18,CUayHWH8iFoorP1yDQpsnaCveuY=,sqdtQyW+O8vXrS+Pvt1oi6DI9Mo=
31,25,CUayHWH8iFoorP1yDQpsnaCveuY=,jJc4XAwei+AigrY8ywLm11tV94s=
19,31,CUayHWH8iFoorP1yDQpsnaCveuY=,A1Nc202vt41MUdRwHgoH2fwN8M8=
24,18,CUayHWH8iFoorP1yDQpsnaCveuY=,sqdtQyW+O8vXrS+Pvt1oi6DI9Mo=
28,25,CUayHWH8iFoorP1yDQpsnaCveuY=,jJc4XAwei+AigrY8ywLm11tV94s=
28,26,CUayHWH8iFoorP1yDQpsnaCveuY=,jJc4XAwei+AigrY8ywLm11tV94s=
28,27,CUayHWH8iFoorP1yDQpsnaCveuY=,jJc4XAwei+AigrY8ywLm11tV94s=
18,30,CUayHWH8iFoorP1yDQpsnaCveuY=,A1Nc202vt41MUdRwHgoH2fwN8M8=
29,27,CUayHWH8iFoorP1yDQpsnaCveuY=,jJc4XAwei+AigrY8ywLm11tV94s=
29,26,CUayHWH8iFoorP1yDQpsnaCveuY=,jJc4XAwei+AigrY8ywLm11tV94s=
26,17,CUayHWH8iFoorP1yDQpsnaCveuY=,sqdtQyW+O8vXrS+Pvt1oi6DI9Mo=
28,28,CUayHWH8iFoorP1yDQpsnaCveuY=,jJc4XAwei+AigrY8ywLm11tV94s=
30,31,CUayHWH8iFoorP1yDQpsnaCveuY=,jJc4XAwei+AigrY8ywLm11tV94s=
30,26,CUayHWH8iFoorP1yDQpsnaCveuY=,jJc4XAwei+AigrY8ywLm11tV94s=
29,28,CUayHWH8iFoorP1yDQpsnaCveuY=,jJc4XAwei+AigrY8ywLm11tV94s=
29,29,CUayHWH8iFoorP1yDQpsnaCveuY=,jJc4XAwei+AigrY8ywLm11tV94s=
28,29,CUayHWH8iFoorP1yDQpsnaCveuY=,jJc4XAwei+AigrY8ywLm11tV94s=
29,31,CUayHWH8iFoorP1yDQpsnaCveuY=,jJc4XAwei+AigrY8ywLm11tV94s=
26,23,CUayHWH8iFoorP1yDQpsnaCveuY=,sqdtQyW+O8vXrS+Pvt1oi6DI9Mo=
30,28,CUayHWH8iFoorP1yDQpsnaCveuY=,jJc4XAwei+AigrY8ywLm11tV94s=
18,24,CUayHWH8iFoorP1yDQpsnaCveuY=,A1Nc202vt41MUdRwHgoH2fwN8M8=
28,31,CUayHWH8iFoorP1yDQpsnaCveuY=,jJc4XAwei+AigrY8ywLm11tV94s=
29,25,CUayHWH8iFoorP1yDQpsnaCveuY=,jJc4XAwei+AigrY8ywLm11tV94s=
30,25,CUayHWH8iFoorP1yDQpsnaCveuY=,jJc4XAwei+AigrY8ywLm11tV94s=
30,29,CUayHWH8iFoorP1yDQpsnaCveuY=,jJc4XAwei+AigrY8ywLm11tV94s=
26,18,CUayHWH8iFoorP1yDQpsnaCveuY=,sqdtQyW+O8vXrS+Pvt1oi6DI9Mo=
30,30,CUayHWH8iFoorP1yDQpsnaCveuY=,jJc4XAwei+AigrY8ywLm11tV94s=
28,24,CUayHWH8iFoorP1yDQpsnaCveuY=,jJc4XAwei+AigrY8ywLm11tV94s=
27,17,CUayHWH8iFoorP1yDQpsnaCveuY=,sqdtQyW+O8vXrS+Pvt1oi6DI9Mo=
29,30,CUayHWH8iFoorP1yDQpsnaCveuY=,jJc4XAwei+AigrY8ywLm11tV94s=
27,23,CUayHWH8iFoorP1yDQpsnaCveuY=,sqdtQyW+O8vXrS+Pvt1oi6DI9Mo=
17,31,CUayHWH8iFoorP1yDQpsnaCveuY=,A1Nc202vt41MUdRwHgoH2fwN8M8=
18,31,CUayHWH8iFoorP1yDQpsnaCveuY=,A1Nc202vt41MUdRwHgoH2fwN8M8=
28,30,CUayHWH8iFoorP1yDQpsnaCveuY=,jJc4XAwei+AigrY8ywLm11tV94s=
30,27,CUayHWH8iFoorP1yDQpsnaCveuY=,jJc4XAwei+AigrY8ywLm11tV94s=
29,24,CUayHWH8iFoorP1yDQpsnaCveuY=,jJc4XAwei+AigrY8ywLm11tV94s=
30,24,CUayHWH8iFoorP1yDQpsnaCveuY=,jJc4XAwei+AigrY8ywLm11tV94s=
17,24,CUayHWH8iFoorP1yDQpsnaCveuY=,A1Nc202vt41MUdRwHgoH2fwN8M8=
21,12,CUayHWH8iFoorP1yDQpsnaCveuY=,Lzr9SxzpbKjrXVqzIOzhY1b1QBw=
22,14,CUayHWH8iFoorP1yDQpsnaCveuY=,Lzr9SxzpbKjrXVqzIOzhY1b1QBw=
31,12,CUayHWH8iFoorP1yDQpsnaCveuY=,+U1QvkcSTSW5Y41nN8F8nXbe/gw=
28,13,CUayHWH8iFoorP1yDQpsnaCveuY=,+U1QvkcSTSW5Y41nN8F8nXbe/gw=
29,13,CUayHWH8iFoorP1yDQpsnaCveuY=,+U1QvkcSTSW5Y41nN8F8nXbe/gw=
24,0,CUayHWH8iFoorP1yDQpsnaCveuY=,lv2YgUXakhIZgPThkPraqWiIoXw=
25,0,CUayHWH8iFoorP1yDQpsnaCveuY=,lv2YgUXakhIZgPThkPraqWiIoXw=
25,1,CUayHWH8iFoorP1yDQpsnaCveuY=,lv2YgUXakhIZgPThkPraqWiIoXw=
25,2,CUayHWH8iFoorP1yDQpsnaCveuY=,lv2YgUXakhIZgPThkPraqWiIoXw=
23,0,CUayHWH8iFoorP1yDQpsnaCveuY=,Lzr9SxzpbKjrXVqzIOzhY1b1QBw=
21,4,CUayHWH8iFoorP1yDQpsnaCveuY=,Lzr9SxzpbKjrXVqzIOzhY1b1QBw=
26,2,CUayHWH8iFoorP1yDQpsnaCveuY=,lv2YgUXakhIZgPThkPraqWiIoXw=
26,1,CUayHWH8iFoorP1yDQpsnaCveuY=,lv2YgUXakhIZgPThkPraqWiIoXw=
20,4,CUayHWH8iFoorP1yDQpsnaCveuY=,Lzr9SxzpbKjrXVqzIOzhY1b1QBw=
22,0,CUayHWH8iFoorP1yDQpsnaCveuY=,Lzr9SxzpbKjrXVqzIOzhY1b1QBw=
26,0,CUayHWH8iFoorP1yDQpsnaCveuY=,lv2YgUXakhIZgPThkPraqWiIoXw=
23,6,CUayHWH8iFoorP1yDQpsnaCveuY=,Lzr9SxzpbKjrXVqzIOzhY1b1QBw=
22,6,CUayHWH8iFoorP1yDQpsnaCveuY=,Lzr9SxzpbKjrXVqzIOzhY1b1QBw=
31,0,CUayHWH8iFoorP1yDQpsnaCveuY=,lv2YgUXakhIZgPThkPraqWiIoXw=
22,7,CUayHWH8iFoorP1yDQpsnaCveuY=,Lzr9SxzpbKjrXVqzIOzhY1b1QBw=
21,0,CUayHWH8iFoorP1yDQpsnaCveuY=,Lzr9SxzpbKjrXVqzIOzhY1b1QBw=
21,6,CUayHWH8iFoorP1yDQpsnaCveuY=,Lzr9SxzpbKjrXVqzIOzhY1b1QBw=
27,2,CUayHWH8iFoorP1yDQpsnaCveuY=,lv2YgUXakhIZgPThkPraqWiIoXw=
27,1,CUayHWH8iFoorP1yDQpsnaCveuY=,lv2YgUXakhIZgPThkPraqWiIoXw=
27,0,CUayHWH8iFoorP1yDQpsnaCveuY=,lv2YgUXakhIZgPThkPraqWiIoXw=
28,0,CUayHWH8iFoorP1yDQpsnaCveuY=,lv2YgUXakhIZgPThkPraqWiIoXw=
20,6,CUayHWH8iFoorP1yDQpsnaCveuY=,Lzr9SxzpbKjrXVqzIOzhY1b1QBw=
20,0,CUayHWH8iFoorP1yDQpsnaCveuY=,Lzr9SxzpbKjrXVqzIOzhY1b1QBw=
23,2,CUayHWH8iFoorP1yDQpsnaCveuY=,Lzr9SxzpbKjrXVqzIOzhY1b1QBw=
29,0,CUayHWH8iFoorP1yDQpsnaCveuY=,lv2YgUXakhIZgPThkPraqWiIoXw=
30,0,CUayHWH8iFoorP1yDQpsnaCveuY=,lv2YgUXakhIZgPThkPraqWiIoXw=
22,2,CUayHWH8iFoorP1yDQpsnaCveuY=,Lzr9SxzpbKjrXVqzIOzhY1b1QBw=
29,1,CUayHWH8iFoorP1yDQpsnaCveuY=,lv2YgUXakhIZgPThkPraqWiIoXw=
16,14,CUayHWH8iFoorP1yDQpsnaCveuY=,Lzr9SxzpbKjrXVqzIOzhY1b1QBw=
30,1,CUayHWH8iFoorP1yDQpsnaCveuY=,lv2YgUXakhIZgPThkPraqWiIoXw=
23,7,CUayHWH8iFoorP1yDQpsnaCveuY=,Lzr9SxzpbKjrXVqzIOzhY1b1QBw=
16,7,CUayHWH8iFoorP1yDQpsnaCveuY=,Lzr9SxzpbKjrXVqzIOzhY1b1QBw=
17,12,CUayHWH8iFoorP1yDQpsnaCveuY=,Lzr9SxzpbKjrXVqzIOzhY1b1QBw=
16,0,CUayHWH8iFoorP1yDQpsnaCveuY=,Lzr9SxzpbKjrXVqzIOzhY1b1QBw=
16,13,CUayHWH8iFoorP1yDQpsnaCveuY=,Lzr9SxzpbKjrXVqzIOzhY1b1QBw=
16,12,CUayHWH8iFoorP1yDQpsnaCveuY=,Lzr9SxzpbKjrXVqzIOzhY1b1QBw=
16,15,CUayHWH8iFoorP1yDQpsnaCveuY=,Lzr9SxzpbKjrXVqzIOzhY1b1QBw=
16,5,CUayHWH8iFoorP1yDQpsnaCveuY=,Lzr9SxzpbKjrXVqzIOzhY1b1QBw=
16,8,CUayHWH8iFoorP1yDQpsnaCveuY=,Lzr9SxzpbKjrXVqzIOzhY1b1QBw=
20,1,CUayHWH8iFoorP1yDQpsnaCveuY=,Lzr9SxzpbKjrXVqzIOzhY1b1QBw=
16,11,CUayHWH8iFoorP1yDQpsnaCveuY=,Lzr9SxzpbKjrXVqzIOzhY1b1QBw=
16,10,CUayHWH8iFoorP1yDQpsnaCveuY=,Lzr9SxzpbKjrXVqzIOzhY1b1QBw=
16,9,CUayHWH8iFoorP1yDQpsnaCveuY=,Lzr9SxzpbKjrXVqzIOzhY1b1QBw=
28,1,CUayHWH8iFoorP1yDQpsnaCveuY=,lv2YgUXakhIZgPThkPraqWiIoXw=
18,12,CUayHWH8iFoorP1yDQpsnaCveuY=,Lzr9SxzpbKjrXVqzIOzhY1b1QBw=
25,3,CUayHWH8iFoorP1yDQpsnaCveuY=,lv2YgUXakhIZgPThkPraqWiIoXw=
17,13,CUayHWH8iFoorP1yDQpsnaCveuY=,Lzr9SxzpbKjrXVqzIOzhY1b1QBw=
19,12,CUayHWH8iFoorP1yDQpsnaCveuY=,Lzr9SxzpbKjrXVqzIOzhY1b1QBw=
31,1,CUayHWH8iFoorP1yDQpsnaCveuY=,lv2YgUXakhIZgPThkPraqWiIoXw=
21,2,CUayHWH8iFoorP1yDQpsnaCveuY=,Lzr9SxzpbKjrXVqzIOzhY1b1QBw=
20,2,CUayHWH8iFoorP1yDQpsnaCveuY=,Lzr9SxzpbKjrXVqzIOzhY1b1QBw=
23,5,CUayHWH8iFoorP1yDQpsnaCveuY=,Lzr9SxzpbKjrXVqzIOzhY1b1QBw=
19,15,CUayHWH8iFoorP1yDQpsnaCveuY=,Lzr9SxzpbKjrXVqzIOzhY1b1QBw=
19,4,CUayHWH8iFoorP1yDQpsnaCveuY=,Lzr9SxzpbKjrXVqzIOzhY1b1QBw=
24,3,CUayHWH8iFoorP1yDQpsnaCveuY=,lv2YgUXakhIZgPThkPraqWiIoXw=
23,1,CUayHWH8iFoorP1yDQpsnaCveuY=,Lzr9SxzpbKjrXVqzIOzhY1b1QBw=
26,3,CUayHWH8iFoorP1yDQpsnaCveuY=,lv2YgUXakhIZgPThkPraqWiIoXw=
18,13,CUayHWH8iFoorP1yDQpsnaCveuY=,Lzr9SxzpbKjrXVqzIOzhY1b1QBw=
31,3,CUayHWH8iFoorP1yDQpsnaCveuY=,lv2YgUXakhIZgPThkPraqWiIoXw=
23,3,CUayHWH8iFoorP1yDQpsnaCveuY=,Lzr9SxzpbKjrXVqzIOzhY1b1QBw=
17,2,CUayHWH8iFoorP1yDQpsnaCveuY=,Lzr9SxzpbKjrXVqzIOzhY1b1QBw=
22,1,CUayHWH8iFoorP1yDQpsnaCveuY=,Lzr9SxzpbKjrXVqzIOzhY1b1QBw=
29,2,CUayHWH8iFoorP1yDQpsnaCveuY=,lv2YgUXakhIZgPThkPraqWiIoXw=
30,3,CUayHWH8iFoorP1yDQpsnaCveuY=,lv2YgUXakhIZgPThkPraqWiIoXw=
16,3,CUayHWH8iFoorP1yDQpsnaCveuY=,Lzr9SxzpbKjrXVqzIOzhY1b1QBw=
17,0,CUayHWH8iFoorP1yDQpsnaCveuY=,Lzr9SxzpbKjrXVqzIOzhY1b1QBw=
29,3,CUayHWH8iFoorP1yDQpsnaCveuY=,lv2YgUXakhIZgPThkPraqWiIoXw=
28,3,CUayHWH8iFoorP1yDQpsnaCveuY=,lv2YgUXakhIZgPThkPraqWiIoXw=
22,5,CUayHWH8iFoorP1yDQpsnaCveuY=,Lzr9SxzpbKjrXVqzIOzhY1b1QBw=
21,5,CUayHWH8iFoorP1yDQpsnaCveuY=,Lzr9SxzpbKjrXVqzIOzhY1b1QBw=
20,5,CUayHWH8iFoorP1yDQpsnaCveuY=,Lzr9SxzpbKjrXVqzIOzhY1b1QBw=
28,2,CUayHWH8iFoorP1yDQpsnaCveuY=,lv2YgUXakhIZgPThkPraqWiIoXw=
18,3,CUayHWH8iFoorP1yDQpsnaCveuY=,Lzr9SxzpbKjrXVqzIOzhY1b1QBw=
31,2,CUayHWH8iFoorP1yDQpsnaCveuY=,lv2YgUXakhIZgPThkPraqWiIoXw=
18,14,ycftElf1id9daiPI5zIRctFJPl4=,Lzr9SxzpbKjrXVqzIOzhY1b1QBw=
19,0,ycftElf1id9daiPI5zIRctFJPl4=,Lzr9SxzpbKjrXVqzIOzhY1b1QBw=
27,3,ycftElf1id9daiPI5zIRctFJPl4=,lv2YgUXakhIZgPThkPraqWiIoXw=
19,14,ycftElf1id9daiPI5zIRctFJPl4=,Lzr9SxzpbKjrXVqzIOzhY1b1QBw=
20,3,ycftElf1id9daiPI5zIRctFJPl4=,Lzr9SxzpbKjrXVqzIOzhY1b1QBw=
24,1,ycftElf1id9daiPI5zIRctFJPl4=,lv2YgUXakhIZgPThkPraqWiIoXw=
17,14,ycftElf1id9daiPI5zIRctFJPl4=,Lzr9SxzpbKjrXVqzIOzhY1b1QBw=
21,1,ycftElf1id9daiPI5zIRctFJPl4=,Lzr9SxzpbKjrXVqzIOzhY1b1QBw=
16,4,ycftElf1id9daiPI5zIRctFJPl4=,Lzr9SxzpbKjrXVqzIOzhY1b1QBw=
24,2,ycftElf1id9daiPI5zIRctFJPl4=,lv2YgUXakhIZgPThkPraqWiIoXw=
16,6,ycftElf1id9daiPI5zIRctFJPl4=,Lzr9SxzpbKjrXVqzIOzhY1b1QBw=
22,3,ycftElf1id9daiPI5zIRctFJPl4=,Lzr9SxzpbKjrXVqzIOzhY1b1QBw=
18,2,ycftElf1id9daiPI5zIRctFJPl4=,Lzr9SxzpbKjrXVqzIOzhY1b1QBw=
16,1,ycftElf1id9daiPI5zIRctFJPl4=,Lzr9SxzpbKjrXVqzIOzhY1b1QBw=
19,13,ycftElf1id9daiPI5zIRctFJPl4=,Lzr9SxzpbKjrXVqzIOzhY1b1QBw=
16,2,ycftElf1id9daiPI5zIRctFJPl4=,Lzr9SxzpbKjrXVqzIOzhY1b1QBw=
18,4,ycftElf1id9daiPI5zIRctFJPl4=,Lzr9SxzpbKjrXVqzIOzhY1b1QBw=
17,9,ycftElf1id9daiPI5zIRctFJPl4=,Lzr9SxzpbKjrXVqzIOzhY1b1QBw=
19,2,ycftElf1id9daiPI5zIRctFJPl4=,Lzr9SxzpbKjrXVqzIOzhY1b1QBw=
17,1,ycftElf1id9daiPI5zIRctFJPl4=,Lzr9SxzpbKjrXVqzIOzhY1b1QBw=
17,15,ycftElf1id9daiPI5zIRctFJPl4=,Lzr9SxzpbKjrXVqzIOzhY1b1QBw=
17,10,ycftElf1id9daiPI5zIRctFJPl4=,Lzr9SxzpbKjrXVqzIOzhY1b1QBw=
21,3,ycftElf1id9daiPI5zIRctFJPl4=,Lzr9SxzpbKjrXVqzIOzhY1b1QBw=
18,15,ycftElf1id9daiPI5zIRctFJPl4=,Lzr9SxzpbKjrXVqzIOzhY1b1QBw=
30,2,ycftElf1id9daiPI5zIRctFJPl4=,lv2YgUXakhIZgPThkPraqWiIoXw=
18,9,ycftElf1id9daiPI5zIRctFJPl4=,Lzr9SxzpbKjrXVqzIOzhY1b1QBw=
17,11,ycftElf1id9daiPI5zIRctFJPl4=,Lzr9SxzpbKjrXVqzIOzhY1b1QBw=
17,3,ycftElf1id9daiPI5zIRctFJPl4=,Lzr9SxzpbKjrXVqzIOzhY1b1QBw=
18,10,ycftElf1id9daiPI5zIRctFJPl4=,Lzr9SxzpbKjrXVqzIOzhY1b1QBw=
21,7,ycftElf1id9daiPI5zIRctFJPl4=,Lzr9SxzpbKjrXVqzIOzhY1b1QBw=
19,3,ycftElf1id9daiPI5zIRctFJPl4=,Lzr9SxzpbKjrXVqzIOzhY1b1QBw=
18,1,ycftElf1id9daiPI5zIRctFJPl4=,Lzr9SxzpbKjrXVqzIOzhY1b1QBw=
18,0,ycftElf1id9daiPI5zIRctFJPl4=,Lzr9SxzpbKjrXVqzIOzhY1b1QBw=
31,7,ycftElf1id9daiPI5zIRctFJPl4=,lv2YgUXakhIZgPThkPraqWiIoXw=
18,11,ycftElf1id9daiPI5zIRctFJPl4=,Lzr9SxzpbKjrXVqzIOzhY1b1QBw=
17,8,ycftElf1id9daiPI5zIRctFJPl4=,Lzr9SxzpbKjrXVqzIOzhY1b1QBw=
19,9,ycftElf1id9daiPI5zIRctFJPl4=,Lzr9SxzpbKjrXVqzIOzhY1b1QBw=
30,7,ycftElf1id9daiPI5zIRctFJPl4=,lv2YgUXakhIZgPThkPraqWiIoXw=
19,10,ycftElf1id9daiPI5zIRctFJPl4=,Lzr9SxzpbKjrXVqzIOzhY1b1QBw=
31,6,ycftElf1id9daiPI5zIRctFJPl4=,lv2YgUXakhIZgPThkPraqWiIoXw=
20,7,ycftElf1id9daiPI5zIRctFJPl4=,Lzr9SxzpbKjrXVqzIOzhY1b1QBw=
19,11,ycftElf1id9daiPI5zIRctFJPl4=,Lzr9SxzpbKjrXVqzIOzhY1b1QBw=
18,8,ycftElf1id9daiPI5zIRctFJPl4=,Lzr9SxzpbKjrXVqzIOzhY1b1QBw=
17,4,ycftElf1id9daiPI5zIRctFJPl4=,Lzr9SxzpbKjrXVqzIOzhY1b1QBw=
17,7,ycftElf1id9daiPI5zIRctFJPl4=,Lzr9SxzpbKjrXVqzIOzhY1b1QBw=
30,6,ycftElf1id9daiPI5zIRctFJPl4=,lv2YgUXakhIZgPThkPraqWiIoXw=
19,6,ycftElf1id9daiPI5zIRctFJPl4=,Lzr9SxzpbKjrXVqzIOzhY1b1QBw=
29,7,ycftElf1id9daiPI5zIRctFJPl4=,lv2YgUXakhIZgPThkPraqWiIoXw=
17,5,ycftElf1id9daiPI5zIRctFJPl4=,Lzr9SxzpbKjrXVqzIOzhY1b1QBw=
27,4,ycftElf1id9daiPI5zIRctFJPl4=,lv2YgUXakhIZgPThkPraqWiIoXw=
28,4,ycftElf1id9daiPI5zIRctFJPl4=,lv2YgUXakhIZgPThkPraqWiIoXw=
18,7,ycftElf1id9daiPI5zIRctFJPl4=,Lzr9SxzpbKjrXVqzIOzhY1b1QBw=
18,5,ycftElf1id9daiPI5zIRctFJPl4=,Lzr9SxzpbKjrXVqzIOzhY1b1QBw=
19,5,ycftElf1id9daiPI5zIRctFJPl4=,Lzr9SxzpbKjrXVqzIOzhY1b1QBw=
29,4,ycftElf1id9daiPI5zIRctFJPl4=,lv2YgUXakhIZgPThkPraqWiIoXw=
19,8,ycftElf1id9daiPI5zIRctFJPl4=,Lzr9SxzpbKjrXVqzIOzhY1b1QBw=
28,7,ycftElf1id9daiPI5zIRctFJPl4=,lv2YgUXakhIZgPThkPraqWiIoXw=
24,8,ycftElf1id9daiPI5zIRctFJPl4=,+U1QvkcSTSW5Y41nN8F8nXbe/gw=
25,8,ycftElf1id9daiPI5zIRctFJPl4=,+U1QvkcSTSW5Y41nN8F8nXbe/gw=
18,6,ycftElf1id9daiPI5zIRctFJPl4=,Lzr9SxzpbKjrXVqzIOzhY1b1QBw=
27,7,ycftElf1id9daiPI5zIRctFJPl4=,lv2YgUXakhIZgPThkPraqWiIoXw=
17,6,ycftElf1id9daiPI5zIRctFJPl4=,Lzr9SxzpbKjrXVqzIOzhY1b1QBw=
26,7,ycftElf1id9daiPI5zIRctFJPl4=,lv2YgUXakhIZgPThkPraqWiIoXw=
19,1,ycftElf1id9daiPI5zIRctFJPl4=,Lzr9SxzpbKjrXVqzIOzhY1b1QBw=
28,6,ycftElf1id9daiPI5zIRctFJPl4=,lv2YgUXakhIZgPThkPraqWiIoXw=
25,7,ycftElf1id9daiPI5zIRctFJPl4=,lv2YgUXakhIZgPThkPraqWiIoXw=
23,4,ycftElf1id9daiPI5zIRctFJPl4=,Lzr9SxzpbKjrXVqzIOzhY1b1QBw=
24,7,ycftElf1id9daiPI5zIRctFJPl4=,lv2YgUXakhIZgPThkPraqWiIoXw=
31,4,ycftElf1id9daiPI5zIRctFJPl4=,lv2YgUXakhIZgPThkPraqWiIoXw=
29,6,ycftElf1id9daiPI5zIRctFJPl4=,lv2YgUXakhIZgPThkPraqWiIoXw=
26,8,ycftElf1id9daiPI5zIRctFJPl4=,+U1QvkcSTSW5Y41nN8F8nXbe/gw=
23,14,ycftElf1id9daiPI5zIRctFJPl4=,Lzr9SxzpbKjrXVqzIOzhY1b1QBw=
27,14,ycftElf1id9daiPI5zIRctFJPl4=,+U1QvkcSTSW5Y41nN8F8nXbe/gw=
20,9,ycftElf1id9daiPI5zIRctFJPl4=,Lzr9SxzpbKjrXVqzIOzhY1b1QBw=
30,4,ycftElf1id9daiPI5zIRctFJPl4=,lv2YgUXakhIZgPThkPraqWiIoXw=
24,6,ycftElf1id9daiPI5zIRctFJPl4=,lv2YgUXakhIZgPThkPraqWiIoXw=
28,14,ycftElf1id9daiPI5zIRctFJPl4=,+U1QvkcSTSW5Y41nN8F8nXbe/gw=
26,4,ycftElf1id9daiPI5zIRctFJPl4=,lv2YgUXakhIZgPThkPraqWiIoXw=
28,5,ycftElf1id9daiPI5zIRctFJPl4=,lv2YgUXakhIZgPThkPraqWiIoXw=
25,4,ycftElf1id9daiPI5zIRctFJPl4=,lv2YgUXakhIZgPThkPraqWiIoXw=
22,4,ycftElf1id9daiPI5zIRctFJPl4=,Lzr9SxzpbKjrXVqzIOzhY1b1QBw=
21,9,ycftElf1id9daiPI5zIRctFJPl4=,Lzr9SxzpbKjrXVqzIOzhY1b1QBw=
26,5,ycftElf1id9daiPI5zIRctFJPl4=,lv2YgUXakhIZgPThkPraqWiIoXw=
19,7,ycftElf1id9daiPI5zIRctFJPl4=,Lzr9SxzpbKjrXVqzIOzhY1b1QBw=
25,6,ycftElf1id9daiPI5zIRctFJPl4=,lv2YgUXakhIZgPThkPraqWiIoXw=
22,9,ycftElf1id9daiPI5zIRctFJPl4=,Lzr9SxzpbKjrXVqzIOzhY1b1QBw=
21,10,ycftElf1id9daiPI5zIRctFJPl4=,Lzr9SxzpbKjrXVqzIOzhY1b1QBw=
22,10,ycftElf1id9daiPI5zIRctFJPl4=,Lzr9SxzpbKjrXVqzIOzhY1b1QBw=
26,6,ycftElf1id9daiPI5zIRctFJPl4=,lv2YgUXakhIZgPThkPraqWiIoXw=
21,11,ycftElf1id9daiPI5zIRctFJPl4=,Lzr9SxzpbKjrXVqzIOzhY1b1QBw=
22,11,ycftElf1id9daiPI5zIRctFJPl4=,Lzr9SxzpbKjrXVqzIOzhY1b1QBw=
27,6,ycftElf1id9daiPI5zIRctFJPl4=,lv2YgUXakhIZgPThkPraqWiIoXw=
20,12,ycftElf1id9daiPI5zIRctFJPl4=,Lzr9SxzpbKjrXVqzIOzhY1b1QBw=
22,12,ycftElf1id9daiPI5zIRctFJPl4=,Lzr9SxzpbKjrXVqzIOzhY1b1QBw=
20,10,ycftElf1id9daiPI5zIRctFJPl4=,Lzr9SxzpbKjrXVqzIOzhY1b1QBw=
20,11,ycftElf1id9daiPI5zIRctFJPl4=,Lzr9SxzpbKjrXVqzIOzhY1b1QBw=
22,13,ycftElf1id9daiPI5zIRctFJPl4=,Lzr9SxzpbKjrXVqzIOzhY1b1QBw=
21,13,ycftElf1id9daiPI5zIRctFJPl4=,Lzr9SxzpbKjrXVqzIOzhY1b1QBw=
27,5,ycftElf1id9daiPI5zIRctFJPl4=,lv2YgUXakhIZgPThkPraqWiIoXw=
31,5,ycftElf1id9daiPI5zIRctFJPl4=,lv2YgUXakhIZgPThkPraqWiIoXw=
20,13,ycftElf1id9daiPI5zIRctFJPl4=,Lzr9SxzpbKjrXVqzIOzhY1b1QBw=
24,5,ycftElf1id9daiPI5zIRctFJPl4=,lv2YgUXakhIZgPThkPraqWiIoXw=
22,8,ycftElf1id9daiPI5zIRctFJPl4=,Lzr9SxzpbKjrXVqzIOzhY1b1QBw=
20,14,ycftElf1id9daiPI5zIRctFJPl4=,Lzr9SxzpbKjrXVqzIOzhY1b1QBw=
28,9,ycftElf1id9daiPI5zIRctFJPl4=,+U1QvkcSTSW5Y41nN8F8nXbe/gw=
25,5,ycftElf1id9daiPI5zIRctFJPl4=,lv2YgUXakhIZgPThkPraqWiIoXw=
24,4,ycftElf1id9daiPI5zIRctFJPl4=,lv2YgUXakhIZgPThkPraqWiIoXw=
21,14,ycftElf1id9daiPI5zIRctFJPl4=,Lzr9SxzpbKjrXVqzIOzhY1b1QBw=
26,10,ycftElf1id9daiPI5zIRctFJPl4=,+U1QvkcSTSW5Y41nN8F8nXbe/gw=
20,8,ycftElf1id9daiPI5zIRctFJPl4=,Lzr9SxzpbKjrXVqzIOzhY1b1QBw=
27,8,ycftElf1id9daiPI5zIRctFJPl4=,+U1QvkcSTSW5Y41nN8F8nXbe/gw=
24,10,ycftElf1id9daiPI5zIRctFJPl4=,+U1QvkcSTSW5Y41nN8F8nXbe/gw=
29,5,ycftElf1id9daiPI5zIRctFJPl4=,lv2YgUXakhIZgPThkPraqWiIoXw=
23,9,ycftElf1id9daiPI5zIRctFJPl4=,Lzr9SxzpbKjrXVqzIOzhY1b1QBw=
28,8,ycftElf1id9daiPI5zIRctFJPl4=,+U1QvkcSTSW5Y41nN8F8nXbe/gw=
29,8,ycftElf1id9daiPI5zIRctFJPl4=,+U1QvkcSTSW5Y41nN8F8nXbe/gw=
21,8,ycftElf1id9daiPI5zIRctFJPl4=,Lzr9SxzpbKjrXVqzIOzhY1b1QBw=
30,5,ycftElf1id9daiPI5zIRctFJPl4=,lv2YgUXakhIZgPThkPraqWiIoXw=
29,9,ycftElf1id9daiPI5zIRctFJPl4=,+U1QvkcSTSW5Y41nN8F8nXbe/gw=
23,10,ycftElf1id9daiPI5zIRctFJPl4=,Lzr9SxzpbKjrXVqzIOzhY1b1QBw=
31,10,ycftElf1id9daiPI5zIRctFJPl4=,+U1QvkcSTSW5Y41nN8F8nXbe/gw=
26,11,ycftElf1id9daiPI5zIRctFJPl4=,+U1QvkcSTSW5Y41nN8F8nXbe/gw=
25,11,ycftElf1id9daiPI5zIRctFJPl4=,+U1QvkcSTSW5Y41nN8F8nXbe/gw=
27,11,ycftElf1id9daiPI5zIRctFJPl4=,+U1QvkcSTSW5Y41nN8F8nXbe/gw=
30,8,ycftElf1id9daiPI5zIRctFJPl4=,+U1QvkcSTSW5Y41nN8F8nXbe/gw=
24,11,ycftElf1id9daiPI5zIRctFJPl4=,+U1QvkcSTSW5Y41nN8F8nXbe/gw=
25,10,ycftElf1id9daiPI5zIRctFJPl4=,+U1QvkcSTSW5Y41nN8F8nXbe/gw=
29,14,ycftElf1id9daiPI5zIRctFJPl4=,+U1QvkcSTSW5Y41nN8F8nXbe/gw=
31,11,ycftElf1id9daiPI5zIRctFJPl4=,+U1QvkcSTSW5Y41nN8F8nXbe/gw=
31,9,ycftElf1id9daiPI5zIRctFJPl4=,+U1QvkcSTSW5Y41nN8F8nXbe/gw=
27,10,ycftElf1id9daiPI5zIRctFJPl4=,+U1QvkcSTSW5Y41nN8F8nXbe/gw=
30,9,ycftElf1id9daiPI5zIRctFJPl4=,+U1QvkcSTSW5Y41nN8F8nXbe/gw=
30,10,ycftElf1id9daiPI5zIRctFJPl4=,+U1QvkcSTSW5Y41nN8F8nXbe/gw=
27,12,ycftElf1id9daiPI5zIRctFJPl4=,+U1QvkcSTSW5Y41nN8F8nXbe/gw=
30,12,ycftElf1id9daiPI5zIRctFJPl4=,+U1QvkcSTSW5Y41nN8F8nXbe/gw=
28,12,ycftElf1id9daiPI5zIRctFJPl4=,+U1QvkcSTSW5Y41nN8F8nXbe/gw=
28,10,ycftElf1id9daiPI5zIRctFJPl4=,+U1QvkcSTSW5Y41nN8F8nXbe/gw=
28,11,ycftElf1id9daiPI5zIRctFJPl4=,+U1QvkcSTSW5Y41nN8F8nXbe/gw=
23,11,ycftElf1id9daiPI5zIRctFJPl4=,Lzr9SxzpbKjrXVqzIOzhY1b1QBw=
27,13,ycftElf1id9daiPI5zIRctFJPl4=,+U1QvkcSTSW5Y41nN8F8nXbe/gw=
25,12,ycftElf1id9daiPI5zIRctFJPl4=,+U1QvkcSTSW5Y41nN8F8nXbe/gw=
29,12,ycftElf1id9daiPI5zIRctFJPl4=,+U1QvkcSTSW5Y41nN8F8nXbe/gw=
30,13,ycftElf1id9daiPI5zIRctFJPl4=,+U1QvkcSTSW5Y41nN8F8nXbe/gw=
26,12,ycftElf1id9daiPI5zIRctFJPl4=,+U1QvkcSTSW5Y41nN8F8nXbe/gw=
30,11,ycftElf1id9daiPI5zIRctFJPl4=,+U1QvkcSTSW5Y41nN8F8nXbe/gw=
24,12,ycftElf1id9daiPI5zIRctFJPl4=,+U1QvkcSTSW5Y41nN8F8nXbe/gw=
31,13,ycftElf1id9daiPI5zIRctFJPl4=,+U1QvkcSTSW5Y41nN8F8nXbe/gw=
31,8,ycftElf1id9daiPI5zIRctFJPl4=,+U1QvkcSTSW5Y41nN8F8nXbe/gw=
23,12,ycftElf1id9daiPI5zIRctFJPl4=,Lzr9SxzpbKjrXVqzIOzhY1b1QBw=
26,13,ycftElf1id9daiPI5zIRctFJPl4=,+U1QvkcSTSW5Y41nN8F8nXbe/gw=
23,8,ycftElf1id9daiPI5zIRctFJPl4=,Lzr9SxzpbKjrXVqzIOzhY1b1QBw=
28,15,ycftElf1id9daiPI5zIRctFJPl4=,+U1QvkcSTSW5Y41nN8F8nXbe/gw=
29,10,ycftElf1id9daiPI5zIRctFJPl4=,+U1QvkcSTSW5Y41nN8F8nXbe/gw=
29,15,ycftElf1id9daiPI5zIRctFJPl4=,+U1QvkcSTSW5Y41nN8F8nXbe/gw=
23,13,ycftElf1id9daiPI5zIRctFJPl4=,Lzr9SxzpbKjrXVqzIOzhY1b1QBw=
24,13,ycftElf1id9daiPI5zIRctFJPl4=,+U1QvkcSTSW5Y41nN8F8nXbe/gw=
27,9,ycftElf1id9daiPI5zIRctFJPl4=,+U1QvkcSTSW5Y41nN8F8nXbe/gw=
27,15,ycftElf1id9daiPI5zIRctFJPl4=,+U1QvkcSTSW5Y41nN8F8nXbe/gw=
30,15,ycftElf1id9daiPI5zIRctFJPl4=,+U1QvkcSTSW5Y41nN8F8nXbe/gw=
25,14,ycftElf1id9daiPI5zIRctFJPl4=,+U1QvkcSTSW5Y41nN8F8nXbe/gw=
24,14,ycftElf1id9daiPI5zIRctFJPl4=,+U1QvkcSTSW5Y41nN8F8nXbe/gw=
22,15,ycftElf1id9daiPI5zIRctFJPl4=,Lzr9SxzpbKjrXVqzIOzhY1b1QBw=
30,14,ycftElf1id9daiPI5zIRctFJPl4=,+U1QvkcSTSW5Y41nN8F8nXbe/gw=
31,15,ycftElf1id9daiPI5zIRctFJPl4=,+U1QvkcSTSW5Y41nN8F8nXbe/gw=
26,14,ycftElf1id9daiPI5zIRctFJPl4=,+U1QvkcSTSW5Y41nN8F8nXbe/gw=
26,9,ycftElf1id9daiPI5zIRctFJPl4=,+U1QvkcSTSW5Y41nN8F8nXbe/gw=
25,9,ycftElf1id9daiPI5zIRctFJPl4=,+U1QvkcSTSW5Y41nN8F8nXbe/gw=
24,9,ycftElf1id9daiPI5zIRctFJPl4=,+U1QvkcSTSW5Y41nN8F8nXbe/gw=
29,11,ycftElf1id9daiPI5zIRctFJPl4=,+U1QvkcSTSW5Y41nN8F8nXbe/gw=
21,15,ycftElf1id9daiPI5zIRctFJPl4=,Lzr9SxzpbKjrXVqzIOzhY1b1QBw=
23,15,ycftElf1id9daiPI5zIRctFJPl4=,Lzr9SxzpbKjrXVqzIOzhY1b1QBw=
20,15,ycftElf1id9daiPI5zIRctFJPl4=,Lzr9SxzpbKjrXVqzIOzhY1b1QBw=
25,13,ycftElf1id9daiPI5zIRctFJPl4=,+U1QvkcSTSW5Y41nN8F8nXbe/gw=
24,15,ycftElf1id9daiPI5zIRctFJPl4=,+U1QvkcSTSW5Y41nN8F8nXbe/gw=
31,14,ycftElf1id9daiPI5zIRctFJPl4=,+U1QvkcSTSW5Y41nN8F8nXbe/gw=
26,15,ycftElf1id9daiPI5zIRctFJPl4=,+U1QvkcSTSW5Y41nN8F8nXbe/gw=
25,15,ycftElf1id9daiPI5zIRctFJPl4=,+U1QvkcSTSW5Y41nN8F8nXbe/gw=
